iteration_time,epoch_mean,epoch_std,epoch_min,epoch_max,audience_reserve_mean,audience_reserve_std,audience_reserve_min,audience_reserve_max,reserve_ratio_mean,reserve_ratio_std,reserve_ratio_min,reserve_ratio_max,treasury_mean,treasury_std,treasury_min,treasury_max,treasury_runway_estimate_mean,treasury_runway_estimate_std,treasury_runway_estimate_min,treasury_runway_estimate_max,total_claims_issued_mean,total_claims_issued_std,total_claims_issued_min,total_claims_issued_max,total_claims_vesting_mean,total_claims_vesting_std,total_claims_vesting_min,total_claims_vesting_max,total_claims_available_mean,total_claims_available_std,total_claims_available_min,total_claims_available_max,total_claims_queued_mean,total_claims_queued_std,total_claims_queued_min,total_claims_queued_max,total_claims_settled_mean,total_claims_settled_std,total_claims_settled_min,total_claims_settled_max,settlement_requested_epoch_mean,settlement_requested_epoch_std,settlement_requested_epoch_min,settlement_requested_epoch_max,settlement_executed_epoch_mean,settlement_executed_epoch_std,settlement_executed_epoch_min,settlement_executed_epoch_max,settlement_queue_mean,settlement_queue_std,settlement_queue_min,settlement_queue_max,settlement_pressure_ratio_mean,settlement_pressure_ratio_std,settlement_pressure_ratio_min,settlement_pressure_ratio_max,utility_spend_epoch_mean,utility_spend_epoch_std,utility_spend_epoch_min,utility_spend_epoch_max,treasury_fees_epoch_mean,treasury_fees_epoch_std,treasury_fees_epoch_min,treasury_fees_epoch_max,provider_payments_epoch_mean,provider_payments_epoch_std,provider_payments_epoch_min,provider_payments_epoch_max,tokens_burned_epoch_mean,tokens_burned_epoch_std,tokens_burned_epoch_min,tokens_burned_epoch_max,cumulative_tokens_burned_mean,cumulative_tokens_burned_std,cumulative_tokens_burned_min,cumulative_tokens_burned_max,ecosystem_inflow_epoch_mean,ecosystem_inflow_epoch_std,ecosystem_inflow_epoch_min,ecosystem_inflow_epoch_max,throttle_multiplier_mean,throttle_multiplier_std,throttle_multiplier_min,throttle_multiplier_max,throttle_active_mean,throttle_active_std,throttle_active_min,throttle_active_max,reserve_floor_breach_mean,reserve_floor_breach_std,reserve_floor_breach_min,reserve_floor_breach_max,run_id,scenario_id,config_hash,seed
0,0.0,,0,0,5000000.0,,5000000.0,5000000.0,1.0,,1.0,1.0,2500000.0,,2500000.0,2500000.0,9999.0,,9999.0,9999.0,0.0,,0.0,0.0,0.0,,0.0,0.0,0.0,,0.0,0.0,0.0,,0.0,0.0,0.0,,0.0,0.0,0.0,,0,0,0.0,,0.0,0.0,0.0,,0.0,0.0,0.0,,0.0,0.0,0.0,,0.0,0.0,0.0,,0.0,0.0,0.0,,0.0,0.0,0.0,,0.0,0.0,0.0,,0.0,0.0,0.0,,0.0,0.0,1.0,,1.0,1.0,0.0,,0,0,0.0,,0,0,z1-solvency-stable-v1,z1-solvency-stable-v1,ff716126acee8e14992f7047bed61363405d7c7240f82f537537640f9689d243,42
1,1.0,,1,1,5000000.0,,5000000.0,5000000.0,1.0,,1.0,1.0,2550000.0,,2550000.0,2550000.0,9999.0,,9999.0,9999.0,858.173076923077,,858.173076923077,858.173076923077,858.173076923077,,858.173076923077,858.173076923077,0.0,,0.0,0.0,0.0,,0.0,0.0,0.0,,0.0,0.0,0.0,,0,0,0.0,,0.0,0.0,0.0,,0.0,0.0,0.0,,0.0,0.0,0.0,,0.0,0.0,0.0,,0.0,0.0,0.0,,0.0,0.0,0.0,,0.0,0.0,0.0,,0.0,0.0,50000.0,,50000.0,50000.0,1.0,,1.0,1.0,0.0,,0,0,0.0,,0,0,z1-solvency-stable-v1,z1-solvency-stable-v1,ff716126acee8e14992f7047bed61363405d7c7240f82f537537640f9689d243,42
2,2.0,,2,2,5000000.0,,5000000.0,5000000.0,1.0,,1.0,1.0,2600000.0,,2600000.0,2600000.0,9999.0,,9999.0,9999.0,1716.346153846154,,1716.346153846154,1716.346153846154,1716.346153846154,,1716.346153846154,1716.346153846154,0.0,,0.0,0.0,0.0,,0.0,0.0,0.0,,0.0,0.0,0.0,,0,0,0.0,,0.0,0.0,0.0,,0.0,0.0,0.0,,0.0,0.0,0.0,,0.0,0.0,0.0,,0.0,0.0,0.0,,0.0,0.0,0.0,,0.0,0.0,0.0,,0.0,0.0,50000.0,,50000.0,50000.0,1.0,,1.0,1.0,0.0,,0,0,0.0,,0,0,z1-solvency-stable-v1,z1-solvency-stable-v1,ff716126acee8e14992f7047bed61363405d7c7240f82f537537640f9689d243,42
3,3.0,,3,3,5000000.0,,5000000.0,5000000.0,1.0,,1.0,1.0,2650000.0,,2650000.0,2650000.0,9999.0,,9999.0,9999.0,2574.519230769231,,2574.519230769231,2574.519230769231,2574.519230769231,,2574.519230769231,2574.519230769231,0.0,,0.0,0.0,0.0,,0.0,0.0,0.0,,0.0,0.0,0.0,,0,0,0.0,,0.0,0.0,0.0,,0.0,0.0,0.0,,0.0,0.0,0.0,,0.0,0.0,0.0,,0.0,0.0,0.0,,0.0,0.0,0.0,,0.0,0.0,0.0,,0.0,0.0,50000.0,,50000.0,50000.0,1.0,,1.0,1.0,0.0,,0,0,0.0,,0,0,z1-solvency-stable-v1,z1-solvency-stable-v1,ff716126acee8e14992f7047bed61363405d7c7240f82f537537640f9689d243,42
4,4.0,,4,4,4999984.423076922,,4999984.423076922,4999984.423076922,0.9999968846153844,,0.9999968846153844,0.9999968846153844,2700003.0667067305,,2700003.0667067305,2700003.0667067305,9999.0,,9999.0,9999.0,3432.692307692308,,3432.692307692308,3432.692307692308,2574.519230769231,,2574.519230769231,2574.519230769231,806.25,,806.25,806.25,0.0,,0.0,0.0,51.92307692307693,,51.92307692307693,51.92307692307693,0.0,,0,0,15.576923076923077,,15.576923076923077,15.576923076923077,0.0,,0.0,0.0,0.0,,0.0,0.0,12.266826923076923,,12.266826923076923,12.266826923076923,3.066706730769231,,3.066706730769231,3.066706730769231,8.586778846153846,,8.586778846153846,8.586778846153846,0.6133413461538462,,0.6133413461538462,0.6133413461538462,0.6133413461538462,,0.6133413461538462,0.6133413461538462,50000.0,,50000.0,50000.0,1.0,,1.0,1.0,0.0,,0,0,0.0,,0,0,z1-solvency-stable-v1,z1-solvency-stable-v1,ff716126acee8e14992f7047bed61363405d7c7240f82f537537640f9689d243,42
5,5.0,,5,5,4999954.34014423,,4999954.34014423,4999954.34014423,0.999990868028846,,0.999990868028846,0.999990868028846,2750009.548167067,,2750009.548167067,2750009.548167067,9999.0,,9999.0,9999.0,4290.865384615385,,4290.865384615385,4290.865384615385,2574.519230769231,,2574.519230769231,2574.519230769231,1564.1466346153845,,1564.1466346153845,1564.1466346153845,0.0,,0.0,0.0,152.19951923076923,,152.19951923076923,152.19951923076923,0.0,,0,0,30.082932692307693,,30.082932692307693,30.082932692307693,0.0,,0.0,0.0,0.0,,0.0,0.0,25.925841346153845,,25.925841346153845,25.925841346153845,6.481460336538461,,6.481460336538461,6.481460336538461,18.148088942307695,,18.148088942307695,18.148088942307695,1.2962920673076925,,1.2962920673076925,1.2962920673076925,1.9096334134615387,,1.9096334134615387,1.9096334134615387,50000.0,,50000.0,50000.0,1.0,,1.0,1.0,0.0,,0,0,0.0,,0,0,z1-solvency-stable-v1,z1-solvency-stable-v1,ff716126acee8e14992f7047bed61363405d7c7240f82f537537640f9689d243,42
6,6.0,,6,6,4999910.736117788,,4999910.736117788,4999910.736117788,0.9999821472235575,,0.9999821472235575,0.9999821472235575,2800019.378057392,,2800019.378057392,2800019.378057392,9999.0,,9999.0,9999.0,5149.038461538462,,5149.038461538462,5149.038461538462,2574.519230769231,,2574.519230769231,2574.519230769231,2276.9729567307695,,2276.9729567307695,2276.9729567307695,0.0,,0.0,0.0,297.54627403846155,,297.54627403846155,297.54627403846155,0.0,,0,0,43.6040264423077,,43.6040264423077,43.6040264423077,0.0,,0.0,0.0,0.0,,0.0,0.0,39.31956129807693,,39.31956129807693,39.31956129807693,9.829890324519232,,9.829890324519232,9.829890324519232,27.52369290865385,,27.52369290865385,27.52369290865385,1.9659780649038465,,1.9659780649038465,1.9659780649038465,3.875611478365385,,3.875611478365385,3.875611478365385,50000.0,,50000.0,50000.0,1.0,,1.0,1.0,0.0,,0,0,0.0,,0,0,z1-solvency-stable-v1,z1-solvency-stable-v1,ff716126acee8e14992f7047bed61363405d7c7240f82f537537640f9689d243,42
7,7.0,,7,7,4999854.517947716,,4999854.517947716,4999854.517947716,0.9999709035895431,,0.9999709035895431,0.9999709035895431,2850032.397487004,,2850032.397487004,2850032.397487004,9999.0,,9999.0,9999.0,6007.211538461539,,6007.211538461539,6007.211538461539,2574.519230769231,,2574.519230769231,2574.519230769231,2947.7521334134617,,2947.7521334134617,2947.7521334134617,0.0,,0.0,0.0,484.94017427884614,,484.94017427884614,484.94017427884614,0.0,,0,0,56.21817007211539,,56.21817007211539,56.21817007211539,0.0,,0.0,0.0,0.0,,0.0,0.0,52.07771844951924,,52.07771844951924,52.07771844951924,13.01942961237981,,13.01942961237981,13.01942961237981,36.45440291466347,,36.45440291466347,36.45440291466347,2.6038859224759623,,2.6038859224759623,2.6038859224759623,6.479497400841348,,6.479497400841348,6.479497400841348,50000.0,,50000.0,50000.0,1.0,,1.0,1.0,0.0,,0,0,0.0,,0,0,z1-solvency-stable-v1,z1-solvency-stable-v1,ff716126acee8e14992f7047bed61363405d7c7240f82f537537640f9689d243,42
8,8.0,,8,8,4999786.521802433,,4999786.521802433,4999786.521802433,0.9999573043604866,,0.9999573043604866,0.9999573043604866,2900048.4242299385,,2900048.4242299385,2900048.4242299385,9999.0,,9999.0,9999.0,6865.384615384616,,6865.384615384616,6865.384615384616,2574.519230769231,,2574.519230769231,2574.519230769231,3579.2713927283658,,3579.2713927283658,3579.2713927283658,0.0,,0.0,0.0,711.5939918870192,,711.5939918870192,711.5939918870192,0.0,,0,0,67.99614528245193,,67.99614528245193,67.99614528245193,7.105427357601002e-15,,7.105427357601002e-15,7.105427357601002e-15,1.4210854715202005e-19,,1.4210854715202005e-19,1.4210854715202005e-19,64.10697173978366,,64.10697173978366,64.10697173978366,16.026742934945915,,16.026742934945915,16.026742934945915,44.87488021784857,,44.87488021784857,44.87488021784857,3.2053485869891833,,3.2053485869891833,3.2053485869891833,9.684845987830531,,9.684845987830531,9.684845987830531,50000.0,,50000.0,50000.0,1.0,,1.0,1.0,0.0,,0,0,0.0,,0,0,z1-solvency-stable-v1,z1-solvency-stable-v1,ff716126acee8e14992f7047bed61363405d7c7240f82f537537640f9689d243,42
9,9.0,,9,9,4999707.5195028605,,4999707.5195028605,4999707.5195028605,0.9999415039005721,,0.9999415039005721,0.9999415039005721,2950067.2746152733,,2950067.2746152733,2950067.2746152733,9999.0,,9999.0,9999.0,7723.557692307693,,7723.557692307693,7723.557692307693,2574.519230769231,,2574.519230769231,2574.519230769231,4174.103471078726,,4174.103471078726,4174.103471078726,0.0,,0.0,0.0,974.9349904597357,,974.9349904597357,974.9349904597357,0.0,,0,0,79.00229957181492,,79.00229957181492,79.00229957181492,7.105427357601002e-15,,7.105427357601002e-15,7.105427357601002e-15,1.4210854715202005e-19,,1.4210854715202005e-19,1.4210854715202005e-19,75.40154133939303,,75.40154133939303,75.40154133939303,18.85038533484826,,18.85038533484826,18.85038533484826,52.78107893757512,,52.78107893757512,52.78107893757512,3.7700770669696517,,3.7700770669696517,3.7700770669696517,13.454923054800183,,13.454923054800183,13.454923054800183,50000.0,,50000.0,50000.0,1.0,,1.0,1.0,0.0,,0,0,0.0,,0,0,z1-solvency-stable-v1,z1-solvency-stable-v1,ff716126acee8e14992f7047bed61363405d7c7240f82f537537640f9689d243,42
10,10.0,,10,10,4999618.224292648,,4999618.224292648,4999618.224292648,0.9999236448585296,,0.9999236448585296,0.9999236448585296,3000088.7716221684,,3000088.7716221684,3000088.7716221684,9999.0,,9999.0,9999.0,8581.73076923077,,8581.73076923077,8581.73076923077,2574.519230769231,,2574.519230769231,2574.519230769231,4734.625847291917,,4734.625847291917,4734.625847291917,0.0,,0.0,0.0,1272.5856911696214,,1272.5856911696214,1272.5856911696214,0.0,,0,0,89.29521021296576,,89.29521021296576,89.29521021296576,7.105427357601002e-15,,7.105427357601002e-15,7.105427357601002e-15,1.4210854715202005e-19,,1.4210854715202005e-19,1.4210854715202005e-19,85.98802757958984,,85.98802757958984,85.98802757958984,21.49700689489746,,21.49700689489746,21.49700689489746,60.19161930571289,,60.19161930571289,60.19161930571289,4.299401378979493,,4.299401378979493,4.299401378979493,17.754324433779676,,17.754324433779676,17.754324433779676,50000.0,,50000.0,50000.0,1.0,,1.0,1.0,0.0,,0,0,0.0,,0,0,z1-solvency-stable-v1,z1-solvency-stable-v1,ff716126acee8e14992f7047bed61363405d7c7240f82f537537640f9689d243,42
11,11.0,,11,11,4999519.296019758,,4999519.296019758,4999519.296019758,0.9999038592039516,,0.9999038592039516,0.9999038592039516,3050112.7478305595,,3050112.7478305595,3050112.7478305595,9999.0,,9999.0,9999.0,9439.903846153848,,9439.903846153848,9439.903846153848,2574.519230769231,,2574.519230769231,2574.519230769231,5263.03801457914,,5263.03801457914,5263.03801457914,0.0,,0.0,0.0,1602.3466008054763,,1602.3466008054763,1602.3466008054763,0.0,,0,0,98.92827289075646,,98.92827289075646,98.92827289075646,1.4210854715202004e-14,,1.4210854715202004e-14,1.4210854715202004e-14,2.842170943040401e-19,,2.842170943040401e-19,2.842170943040401e-19,95.90483356602877,,95.90483356602877,95.90483356602877,23.976208391507193,,23.976208391507193,23.976208391507193,67.13338349622015,,67.13338349622015,67.13338349622015,4.795241678301439,,4.795241678301439,4.795241678301439,22.549566112081116,,22.549566112081116,22.549566112081116,50000.0,,50000.0,50000.0,1.0,,1.0,1.0,0.0,,0,0,0.0,,0,0,z1-solvency-stable-v1,z1-solvency-stable-v1,ff716126acee8e14992f7047bed61363405d7c7240f82f537537640f9689d243,42
12,12.0,,12,12,4999411.345795589,,4999411.345795589,4999411.345795589,0.9998822691591177,,0.9998822691591177,0.9998822691591177,3100139.0462698834,,3100139.0462698834,3100139.0462698834,9999.0,,9999.0,9999.0,10298.076923076926,,10298.076923076926,10298.076923076926,2574.519230769231,,2574.519230769231,2574.519230769231,5761.377010938242,,5761.377010938242,5761.377010938242,0.0,,0.0,0.0,1962.1806813694507,,1962.1806813694507,1962.1806813694507,0.0,,0,0,107.95022416919228,,107.95022416919228,107.95022416919228,1.4210854715202004e-14,,1.4210854715202004e-14,1.4210854715202004e-14,2.842170943040401e-19,,2.842170943040401e-19,2.842170943040401e-19,105.1937572972032,,105.1937572972032,105.1937572972032,26.2984393243008,,26.2984393243008,26.2984393243008,73.63563010804224,,73.63563010804224,73.63563010804224,5.25968786486016,,5.25968786486016,5.25968786486016,27.809253976941275,,27.809253976941275,27.809253976941275,50000.0,,50000.0,50000.0,1.0,,1.0,1.0,0.0,,0,0,0.0,,0,0,z1-solvency-stable-v1,z1-solvency-stable-v1,ff716126acee8e14992f7047bed61363405d7c7240f82f537537640f9689d243,42
13,13.0,,13,13,4999294.940189809,,4999294.940189809,4999294.940189809,0.9998589880379617,,0.9998589880379617,0.9998589880379617,3150167.5203802413,,3150167.5203802413,3150167.5203802413,9999.0,,9999.0,9999.0,11156.250000000004,,11156.250000000004,11156.250000000004,2574.519230769231,,2574.519230769231,2574.519230769231,6231.531401931024,,6231.531401931024,6231.531401931024,0.0,,0.0,0.0,2350.199367299745,,2350.199367299745,2350.199367299745,0.0,,0,0,116.40560577908838,,116.40560577908838,116.40560577908838,1.4210854715202004e-14,,1.4210854715202004e-14,1.4210854715202004e-14,2.842170943040401e-19,,2.842170943040401e-19,2.842170943040401e-19,113.89644143005616,,113.89644143005616,113.89644143005616,28.474110357514043,,28.474110357514043,28.474110357514043,79.72750900103932,,79.72750900103932,79.72750900103932,5.694822071502808,,5.694822071502808,5.694822071502808,33.504076048444084,,33.504076048444084,33.504076048444084,50000.0,,50000.0,50000.0,1.0,,1.0,1.0,0.0,,0,0,0.0,,0,0,z1-solvency-stable-v1,z1-solvency-stable-v1,ff716126acee8e14992f7047bed61363405d7c7240f82f537537640f9689d243,42
14,14.0,,14,14,4999170.60501211,,4999170.60501211,4999170.60501211,0.9998341210024221,,0.9998341210024221,0.9998341210024221,3200198.0335973487,,3200198.0335973487,3200198.0335973487,9999.0,,9999.0,9999.0,12014.423076923082,,12014.423076923082,12014.423076923082,2574.519230769231,,2574.519230769231,2574.519230769231,6675.253886525804,,6675.253886525804,6675.253886525804,0.0,,0.0,0.0,2764.649959628043,,2764.649959628043,2764.649959628043,0.0,,0,0,124.33517769848933,,124.33517769848933,124.33517769848933,0.0,,0.0,0.0,0.0,,0.0,0.0,122.05286843001358,,122.05286843001358,122.05286843001358,30.513217107503394,,30.513217107503394,30.513217107503394,85.43700790100951,,85.43700790100951,85.43700790100951,6.102643421500679,,6.102643421500679,6.102643421500679,39.606719469944764,,39.606719469944764,39.606719469944764,50000.0,,50000.0,50000.0,1.0,,1.0,1.0,0.0,,0,0,0.0,,0,0,z1-solvency-stable-v1,z1-solvency-stable-v1,ff716126acee8e14992f7047bed61363405d7c7240f82f537537640f9689d243,42
15,15.0,,15,15,4999038.828725996,,4999038.828725996,4999038.828725996,0.9998077657451993,,0.9998077657451993,0.9998077657451993,3250230.458785012,,3250230.458785012,3250230.458785012,9999.0,,9999.0,9999.0,12872.59615384616,,12872.59615384616,12872.59615384616,2574.519230769231,,2574.519230769231,2574.519230769231,7094.172676400707,,7094.172676400707,7094.172676400707,0.0,,0.0,0.0,3203.904246676217,,3203.904246676217,3203.904246676217,0.0,,0,0,131.77628611445232,,131.77628611445232,131.77628611445232,1.4210854715202004e-14,,1.4210854715202004e-14,1.4210854715202004e-14,2.842170943040401e-19,,2.842170943040401e-19,2.842170943040401e-19,129.7007506524111,,129.7007506524111,129.7007506524111,32.425187663102776,,32.425187663102776,32.425187663102776,90.79052545668776,,90.79052545668776,90.79052545668776,6.485037532620556,,6.485037532620556,6.485037532620556,46.091757002565316,,46.091757002565316,46.091757002565316,50000.0,,50000.0,50000.0,1.0,,1.0,1.0,0.0,,0,0,0.0,,0,0,z1-solvency-stable-v1,z1-solvency-stable-v1,ff716126acee8e14992f7047bed61363405d7c7240f82f537537640f9689d243,42
16,16.0,,16,16,4998900.065534408,,4998900.065534408,4998900.065534408,0.9997800131068817,,0.9997800131068817,0.9997800131068817,3300264.6776169008,,3300264.6776169008,3300264.6776169008,9999.0,,9999.0,9999.0,13730.769230769238,,13730.769230769238,13730.769230769238,2574.519230769231,,2574.519230769231,2574.519230769231,7489.801781363122,,7489.801781363122,7489.801781363122,0.0,,0.0,0.0,3666.448218636879,,3666.448218636879,3666.448218636879,0.0,,0,0,138.7631915881986,,138.7631915881986,138.7631915881986,1.4210854715202004e-14,,1.4210854715202004e-14,1.4210854715202004e-14,2.842170943040401e-19,,2.842170943040401e-19,2.842170943040401e-19,136.87532755540258,,136.87532755540258,136.87532755540258,34.218831888850644,,34.218831888850644,34.218831888850644,95.8127292887818,,95.8127292887818,95.8127292887818,6.8437663777701285,,6.8437663777701285,6.8437663777701285,52.93552338033545,,52.93552338033545,52.93552338033545,50000.0,,50000.0,50000.0,1.0,,1.0,1.0,0.0,,0,0,0.0,,0,0,z1-solvency-stable-v1,z1-solvency-stable-v1,ff716126acee8e14992f7047bed61363405d7c7240f82f537537640f9689d243,42
17,17.0,,17,17,4998754.738172329,,4998754.738172329,4998754.738172329,0.9997509476344658,,0.9997509476344658,0.9997509476344658,3350300.5799557064,,3350300.5799557064,3350300.5799557064,9999.0,,9999.0,9999.0,14588.942307692316,,14588.942307692316,14588.942307692316,2574.519230769231,,2574.519230769231,2574.519230769231,7863.550318019573,,7863.550318019573,7863.550318019573,0.0,,0.0,0.0,4150.872758903506,,4150.872758903506,4150.872758903506,0.0,,0,0,145.327362079988,,145.327362079988,145.327362079988,0.0,,0.0,0.0,0.0,,0.0,0.0,143.60935522299155,,143.60935522299155,143.60935522299155,35.90233880574788,,35.90233880574788,35.90233880574788,100.52654865609406,,100.52654865609406,100.52654865609406,7.180467761149576,,7.180467761149576,7.180467761149576,60.11599114148502,,60.11599114148502,60.11599114148502,50000.0,,50000.0,50000.0,1.0,,1.0,1.0,0.0,,0,0,0.0,,0,0,z1-solvency-stable-v1,z1-solvency-stable-v1,ff716126acee8e14992f7047bed61363405d7c7240f82f537537640f9689d243,42
18,18.0,,18,18,4998603.240437417,,4998603.240437417,4998603.240437417,0.9997206480874835,,0.9997206480874835,0.9997206480874835,3400338.063252949,,3400338.063252949,3400338.063252949,9999.0,,9999.0,9999.0,15447.115384615394,,15447.115384615394,15447.115384615394,2574.519230769231,,2574.519230769231,2574.519230769231,8216.73094523731,,8216.73094523731,8216.73094523731,0.0,,0.0,0.0,4655.865208608844,,4655.865208608844,4655.865208608844,0.0,,0,0,151.49773491160144,,151.49773491160144,151.49773491160144,0.0,,0.0,0.0,0.0,,0.0,0.0,149.93318897069545,,149.93318897069545,149.93318897069545,37.48329724267386,,37.48329724267386,37.48329724267386,104.95323227948683,,104.95323227948683,104.95323227948683,7.496659448534773,,7.496659448534773,7.496659448534773,67.61265059001978,,67.61265059001978,67.61265059001978,50000.0,,50000.0,50000.0,1.0,,1.0,1.0,0.0,,0,0,0.0,,0,0,z1-solvency-stable-v1,z1-solvency-stable-v1,ff716126acee8e14992f7047bed61363405d7c7240f82f537537640f9689d243,42
19,19.0,,19,19,4998445.939486177,,4998445.939486177,4998445.939486177,0.9996891878972354,,0.9996891878972354,0.9996891878972354,3450377.0319805853,,3450377.0319805853,3450377.0319805853,9999.0,,9999.0,9999.0,16305.288461538472,,16305.288461538472,16305.288461538472,2574.519230769231,,2574.519230769231,2574.519230769231,8550.567518023108,,8550.567518023108,8550.567518023108,0.0,,0.0,0.0,5180.201712746124,,5180.201712746124,5180.201712746124,0.0,,0,0,157.300951241184,,157.300951241184,157.300951241184,-1.4210854715202004e-14,,-1.4210854715202004e-14,-1.4210854715202004e-14,-2.842170943040401e-19,,-2.842170943040401e-19,-2.842170943040401e-19,155.87491054538532,,155.87491054538532,155.87491054538532,38.96872763634633,,38.96872763634633,38.96872763634633,109.11243738176971,,109.11243738176971,109.11243738176971,7.793745527269266,,7.793745527269266,7.793745527269266,75.40639611728905,,75.40639611728905,75.40639611728905,50000.0,,50000.0,50000.0,1.0,,1.0,1.0,0.0,,0,0,0.0,,0,0,z1-solvency-stable-v1,z1-solvency-stable-v1,ff716126acee8e14992f7047bed61363405d7c7240f82f537537640f9689d243,42
20,20.0,,20,20,4998283.177919989,,4998283.177919989,4998283.177919989,0.9996566355839979,,0.9996566355839979,0.9996566355839979,3500417.3970992905,,3500417.3970992905,3500417.3970992905,9999.0,,9999.0,9999.0,17163.461538461546,,17163.461538461546,17163.461538461546,2574.519230769231,,2574.519230769231,2574.519230769231,8866.202040988774,,8866.202040988774,8866.202040988774,0.0,,0.0,0.0,5722.740266703535,,5722.740266703535,5722.740266703535,0.0,,0,0,162.76156618722334,,162.76156618722334,162.76156618722334,0.0,,0.0,0.0,0.0,,0.0,0.0,161.4604748219142,,161.4604748219142,161.4604748219142,40.36511870547856,,40.36511870547856,40.36511870547856,113.02233237533994,,113.02233237533994,113.02233237533994,8.073023741095712,,8.073023741095712,8.073023741095712,83.47941985838476,,83.47941985838476,83.47941985838476,50000.0,,50000.0,50000.0,1.0,,1.0,1.0,0.0,,0,0,0.0,,0,0,z1-solvency-stable-v1,z1-solvency-stable-v1,ff716126acee8e14992f7047bed61363405d7c7240f82f537537640f9689d243,42
21,21.0,,21,21,4998115.275682633,,4998115.275682633,4998115.275682633,0.9996230551365266,,0.9996230551365266,0.9996230551365266,3550459.0755648823,,3550459.0755648823,3550459.0755648823,9999.0,,9999.0,9999.0,18021.634615384624,,18021.634615384624,18021.634615384624,2574.519230769231,,2574.519230769231,2574.519230769231,9164.70099338904,,9164.70099338904,9164.70099338904,0.0,,0.0,0.0,6282.414391226345,,6282.414391226345,6282.414391226345,0.0,,0,0,167.90223735684287,,167.90223735684287,167.90223735684287,-1.4210854715202004e-14,,-1.4210854715202004e-14,-1.4210854715202004e-14,-2.842170943040401e-19,,-2.842170943040401e-19,-2.842170943040401e-19,166.71386236680394,,166.71386236680394,166.71386236680394,41.678465591700984,,41.678465591700984,41.678465591700984,116.69970365676276,,116.69970365676276,116.69970365676276,8.335693118340199,,8.335693118340199,8.335693118340199,91.81511297672496,,91.81511297672496,91.81511297672496,50000.0,,50000.0,50000.0,1.0,,1.0,1.0,0.0,,0,0,0.0,,0,0,z1-solvency-stable-v1,z1-solvency-stable-v1,ff716126acee8e14992f7047bed61363405d7c7240f82f537537640f9689d243,42
22,22.0,,22,22,4997942.531788432,,4997942.531788432,4997942.531788432,0.9995885063576864,,0.9995885063576864,0.9995885063576864,3600501.989872446,,3600501.989872446,3600501.989872446,9999.0,,9999.0,9999.0,18879.807692307702,,18879.807692307702,18879.807692307702,2574.519230769231,,2574.519230769231,2574.519230769231,9447.061089642688,,9447.061089642688,9447.061089642688,0.0,,0.0,0.0,6858.227371895776,,6858.227371895776,6858.227371895776,0.0,,0,0,172.74389420082926,,172.74389420082926,172.74389420082926,-2.842170943040401e-14,,-2.842170943040401e-14,-2.842170943040401e-14,-5.684341886080802e-19,,-5.684341886080802e-19,-5.684341886080802e-19,171.65723025508433,,171.65723025508433,171.65723025508433,42.91430756377108,,42.91430756377108,42.91430756377108,120.16006117855903,,120.16006117855903,120.16006117855903,8.582861512754217,,8.582861512754217,8.582861512754217,100.39797448947918,,100.39797448947918,100.39797448947918,50000.0,,50000.0,50000.0,1.0,,1.0,1.0,0.0,,0,0,0.0,,0,0,z1-solvency-stable-v1,z1-solvency-stable-v1,ff716126acee8e14992f7047bed61363405d7c7240f82f537537640f9689d243,42
23,23.0,,23,23,4997765.225898106,,4997765.225898106,4997765.225898106,0.9995530451796212,,0.9995530451796212,0.9995530451796212,3650546.0676366687,,3650546.0676366687,3650546.0676366687,9999.0,,9999.0,9999.0,19737.98076923078,,19737.98076923078,19737.98076923078,2574.519230769231,,2574.519230769231,2574.519230769231,9714.214532141179,,9714.214532141179,9714.214532141179,0.0,,0.0,0.0,7449.247006320359,,7449.247006320359,7449.247006320359,0.0,,0,0,177.30589032737515,,177.30589032737515,177.30589032737515,-2.842170943040401e-14,,-2.842170943040401e-14,-2.842170943040401e-14,-5.684341886080802e-19,,-5.684341886080802e-19,-5.684341886080802e-19,176.31105689001987,,176.31105689001987,176.31105689001987,44.07776422250497,,44.07776422250497,44.07776422250497,123.4177398230139,,123.4177398230139,123.4177398230139,8.815552844500994,,8.815552844500994,8.815552844500994,109.21352733398017,,109.21352733398017,109.21352733398017,50000.0,,50000.0,50000.0,1.0,,1.0,1.0,0.0,,0,0,0.0,,0,0,z1-solvency-stable-v1,z1-solvency-stable-v1,ff716126acee8e14992f7047bed61363405d7c7240f82f537537640f9689d243,42
24,24.0,,24,24,4997583.619757453,,4997583.619757453,4997583.619757453,0.9995167239514906,,0.9995167239514906,0.9995167239514906,3700591.241206307,,3700591.241206307,3700591.241206307,9999.0,,9999.0,9999.0,20596.15384615386,,20596.15384615386,20596.15384615386,2574.519230769231,,2574.519230769231,2574.519230769231,9967.03380688828,,9967.03380688828,9967.03380688828,0.0,,0.0,0.0,8054.600808496337,,8054.600808496337,8054.600808496337,0.0,,0,0,181.60614065279316,,181.60614065279316,181.60614065279316,0.0,,0.0,0.0,0.0,,0.0,0.0,180.694278553703,,180.694278553703,180.694278553703,45.173569638425754,,45.173569638425754,45.173569638425754,126.48599498759211,,126.48599498759211,126.48599498759211,9.03471392768515,,9.03471392768515,9.03471392768515,118.24824126166533,,118.24824126166533,118.24824126166533,50000.0,,50000.0,50000.0,1.0,,1.0,1.0,0.0,,0,0,0.0,,0,0,z1-solvency-stable-v1,z1-solvency-stable-v1,ff716126acee8e14992f7047bed61363405d7c7240f82f537537640f9689d243,42
25,25.0,,25,25,4997397.958512407,,4997397.958512407,4997397.958512407,0.9994795917024814,,0.9994795917024814,0.9994795917024814,3750637.4473104617,,3750637.4473104617,3750637.4473104617,9999.0,,9999.0,9999.0,21454.326923076937,,21454.326923076937,21454.326923076937,2574.519230769231,,2574.519230769231,2574.519230769231,10206.336066992691,,10206.336066992691,10206.336066992691,0.0,,0.0,0.0,8673.471625314998,,8673.471625314998,8673.471625314998,0.0,,0,0,185.66124504559872,,185.66124504559872,185.66124504559872,0.0,,0.0,0.0,0.0,,0.0,0.0,184.82441661817677,,184.82441661817677,184.82441661817677,46.20610415454419,,46.20610415454419,46.20610415454419,129.37709163272376,,129.37709163272376,129.37709163272376,9.24122083090884,,9.24122083090884,9.24122083090884,127.48946209257416,,127.48946209257416,127.48946209257416,50000.0,,50000.0,50000.0,1.0,,1.0,1.0,0.0,,0,0,0.0,,0,0,z1-solvency-stable-v1,z1-solvency-stable-v1,ff716126acee8e14992f7047bed61363405d7c7240f82f537537640f9689d243,42
26,26.0,,26,26,4997208.471912481,,4997208.471912481,4997208.471912481,0.9994416943824962,,0.9994416943824962,0.9994416943824962,3800684.6267342335,,3800684.6267342335,3800684.6267342335,9999.0,,9999.0,9999.0,22312.500000000015,,22312.500000000015,22312.500000000015,2574.519230769231,,2574.519230769231,2574.519230769231,10432.887144161805,,10432.887144161805,10432.887144161805,0.0,,0.0,0.0,9305.093625068961,,9305.093625068961,9305.093625068961,0.0,,0,0,189.4865999261887,,189.4865999261887,189.4865999261887,0.0,,0.0,0.0,0.0,,0.0,0.0,188.71769508625994,,188.71769508625994,188.71769508625994,47.179423771564984,,47.179423771564984,47.179423771564984,132.10238656038194,,132.10238656038194,132.10238656038194,9.435884754312998,,9.435884754312998,9.435884754312998,136.92534684688715,,136.92534684688715,136.92534684688715,50000.0,,50000.0,50000.0,1.0,,1.0,1.0,0.0,,0,0,0.0,,0,0,z1-solvency-stable-v1,z1-solvency-stable-v1,ff716126acee8e14992f7047bed61363405d7c7240f82f537537640f9689d243,42
27,27.0,,27,27,4997015.3754133675,,4997015.3754133675,4997015.3754133675,0.9994030750826735,,0.9994030750826735,0.9994030750826735,3850732.72402138,,3850732.72402138,3850732.72402138,9999.0,,9999.0,9999.0,23170.673076923093,,23170.673076923093,23170.673076923093,2574.519230769231,,2574.519230769231,2574.519230769231,10647.405224037402,,10647.405224037402,10647.405224037402,0.0,,0.0,0.0,9948.74862211644,,9948.74862211644,9948.74862211644,0.0,,0,0,193.09649911424373,,193.09649911424373,193.09649911424373,0.0,,0.0,0.0,0.0,,0.0,0.0,192.38914858338973,,192.38914858338973,192.38914858338973,48.09728714584743,,48.09728714584743,48.09728714584743,134.67240400837284,,134.67240400837284,134.67240400837284,9.619457429169486,,9.619457429169486,9.619457429169486,146.54480427605665,,146.54480427605665,146.54480427605665,50000.0,,50000.0,50000.0,1.0,,1.0,1.0,0.0,,0,0,0.0,,0,0,z1-solvency-stable-v1,z1-solvency-stable-v1,ff716126acee8e14992f7047bed61363405d7c7240f82f537537640f9689d243,42
28,28.0,,28,28,4996818.871188301,,4996818.871188301,4996818.871188301,0.9993637742376601,,0.9993637742376601,0.9993637742376601,3900781.687201678,,3900781.687201678,3900781.687201678,9999.0,,9999.0,9999.0,24028.84615384617,,24028.84615384617,24028.84615384617,2574.519230769231,,2574.519230769231,2574.519230769231,10850.564217404375,,10850.564217404375,10850.564217404375,0.0,,0.0,0.0,10603.762705672547,,10603.762705672547,10603.762705672547,0.0,,0,0,196.5042250668316,,196.5042250668316,196.5042250668316,0.0,,0.0,0.0,0.0,,0.0,0.0,195.8527211903479,,195.8527211903479,195.8527211903479,48.96318029758697,,48.96318029758697,48.96318029758697,137.0969048332435,,137.0969048332435,137.0969048332435,9.792636059517395,,9.792636059517395,9.792636059517395,156.33744033557406,,156.33744033557406,156.33744033557406,50000.0,,50000.0,50000.0,1.0,,1.0,1.0,0.0,,0,0,0.0,,0,0,z1-solvency-stable-v1,z1-solvency-stable-v1,ff716126acee8e14992f7047bed61363405d7c7240f82f537537640f9689d243,42
29,29.0,,29,29,4996619.149056781,,4996619.149056781,4996619.149056781,0.9993238298113563,,0.9993238298113563,0.9993238298113563,3950831.4675408415,,3950831.4675408415,3950831.4675408415,9999.0,,9999.0,9999.0,24887.01923076925,,24887.01923076925,24887.01923076925,2574.519230769231,,2574.519230769231,2574.519230769231,11042.99685592984,,11042.99685592984,11042.99685592984,0.0,,0.0,0.0,11269.50314407016,,11269.50314407016,11269.50314407016,0.0,,0,0,199.72213151928398,,199.72213151928398,199.72213151928398,0.0,,0.0,0.0,0.0,,0.0,0.0,199.1213566565119,,199.1213566565119,199.1213566565119,49.780339164127966,,49.780339164127966,49.780339164127966,139.3849496595583,,139.3849496595583,139.3849496595583,9.956067832825592,,9.956067832825592,9.956067832825592,166.29350816839965,,166.29350816839965,166.29350816839965,50000.0,,50000.0,50000.0,1.0,,1.0,1.0,0.0,,0,0,0.0,,0,0,z1-solvency-stable-v1,z1-solvency-stable-v1,ff716126acee8e14992f7047bed61363405d7c7240f82f537537640f9689d243,42
30,30.0,,30,30,4996416.387338355,,4996416.387338355,4996416.387338355,0.999283277467671,,0.999283277467671,0.999283277467671,4000882.019310993,,4000882.019310993,4000882.019310993,9999.0,,9999.0,9999.0,25745.192307692327,,25745.192307692327,25745.192307692327,2574.519230769231,,2574.519230769231,2574.519230769231,11225.297538099858,,11225.297538099858,11225.297538099858,0.0,,0.0,0.0,11945.375538823217,,11945.375538823217,11945.375538823217,0.0,,0,0,202.7617184259173,,202.7617184259173,202.7617184259173,2.842170943040401e-14,,2.842170943040401e-14,2.842170943040401e-14,5.684341886080802e-19,,5.684341886080802e-19,5.684341886080802e-19,202.20708060614663,,202.20708060614663,202.20708060614663,50.551770151536644,,50.551770151536644,50.551770151536644,141.54495642430263,,141.54495642430263,141.54495642430263,10.11035403030733,,10.11035403030733,10.11035403030733,176.40386219870697,,176.40386219870697,176.40386219870697,50000.0,,50000.0,50000.0,1.0,,1.0,1.0,0.0,,0,0,0.0,,0,0,z1-solvency-stable-v1,z1-solvency-stable-v1,ff716126acee8e14992f7047bed61363405d7c7240f82f537537640f9689d243,42
31,31.0,,31,31,4996210.75363836,,4996210.75363836,4996210.75363836,0.999242150727672,,0.999242150727672,0.999242150727672,4050933.299579837,,4050933.299579837,4050933.299579837,9999.0,,9999.0,9999.0,26603.365384615405,,26603.365384615405,26603.365384615405,2574.519230769231,,2574.519230769231,2574.519230769231,11398.02494836779,,11398.02494836779,11398.02494836779,0.0,,0.0,0.0,12630.82120547836,,12630.82120547836,12630.82120547836,0.0,,0,0,205.63369999654248,,205.63369999654248,205.63369999654248,0.0,,0.0,0.0,0.0,,0.0,0.0,205.1210753738377,,205.1210753738377,205.1210753738377,51.280268843459424,,51.280268843459424,51.280268843459424,143.5847527616864,,143.5847527616864,143.5847527616864,10.256053768691885,,10.256053768691885,10.256053768691885,186.65991596739886,,186.65991596739886,186.65991596739886,50000.0,,50000.0,50000.0,1.0,,1.0,1.0,0.0,,0,0,0.0,,0,0,z1-solvency-stable-v1,z1-solvency-stable-v1,ff716126acee8e14992f7047bed61363405d7c7240f82f537537640f9689d243,42
32,32.0,,32,32,4996002.405571825,,4996002.405571825,4996002.405571825,0.999200481114365,,0.999200481114365,0.999200481114365,4100985.2680168613,,4100985.2680168613,4100985.2680168613,9999.0,,9999.0,9999.0,27461.538461538483,,27461.538461538483,27461.538461538483,2574.519230769231,,2574.519230769231,2574.519230769231,11561.704470171875,,11561.704470171875,11561.704470171875,0.0,,0.0,0.0,13325.314760597352,,13325.314760597352,13325.314760597352,0.0,,0,0,208.3480665356977,,208.3480665356977,208.3480665356977,0.0,,0.0,0.0,0.0,,0.0,0.0,207.87374809785584,,207.87374809785584,207.87374809785584,51.96843702446395,,51.96843702446395,51.96843702446395,145.51162366849908,,145.51162366849908,145.51162366849908,10.393687404892793,,10.393687404892793,10.393687404892793,197.05360337229166,,197.05360337229166,197.05360337229166,50000.0,,50000.0,50000.0,1.0,,1.0,1.0,0.0,,0,0,0.0,,0,0,z1-solvency-stable-v1,z1-solvency-stable-v1,ff716126acee8e14992f7047bed61363405d7c7240f82f537537640f9689d243,42
33,33.0,,33,33,4995791.4914311115,,4995791.4914311115,4995791.4914311115,0.9991582982862223,,0.9991582982862223,0.9991582982862223,4151037.88671503,,4151037.88671503,4151037.88671503,9999.0,,9999.0,9999.0,28319.71153846156,,28319.71153846156,28319.71153846156,2574.519230769231,,2574.519230769231,2574.519230769231,11716.830411384552,,11716.830411384552,11716.830411384552,0.0,,0.0,0.0,14028.361896307752,,14028.361896307752,14028.361896307752,0.0,,0,0,210.91414071312008,,210.91414071312008,210.91414071312008,0.0,,0.0,0.0,0.0,,0.0,0.0,210.47479267429162,,210.47479267429162,210.47479267429162,52.618698168572905,,52.618698168572905,52.618698168572905,147.33235487200415,,147.33235487200415,147.33235487200415,10.52373963371458,,10.52373963371458,10.52373963371458,207.57734300600626,,207.57734300600626,207.57734300600626,50000.0,,50000.0,50000.0,1.0,,1.0,1.0,0.0,,0,0,0.0,,0,0,z1-solvency-stable-v1,z1-solvency-stable-v1,ff716126acee8e14992f7047bed61363405d7c7240f82f537537640f9689d243,42
34,34.0,,34,34,4995578.150802287,,4995578.150802287,4995578.150802287,0.9991156301604575,,0.9991156301604575,0.9991156301604575,4201091.120026565,,4201091.120026565,4201091.120026565,9999.0,,9999.0,9999.0,29177.88461538464,,29177.88461538464,29177.88461538464,2574.519230769231,,2574.519230769231,2574.519230769231,11863.868058891587,,11863.868058891587,11863.868058891587,0.0,,0.0,0.0,14739.497325723794,,14739.497325723794,14739.497325723794,0.0,,0,0,213.340628824813,,213.340628824813,213.340628824813,0.0,,0.0,0.0,0.0,,0.0,0.0,212.93324613836202,,212.93324613836202,212.93324613836202,53.233311534590506,,53.233311534590506,53.233311534590506,149.05327229685344,,149.05327229685344,149.05327229685344,10.646662306918103,,10.646662306918103,10.646662306918103,218.22400531292436,,218.22400531292436,218.22400531292436,50000.0,,50000.0,50000.0,1.0,,1.0,1.0,0.0,,0,0,0.0,,0,0,z1-solvency-stable-v1,z1-solvency-stable-v1,ff716126acee8e14992f7047bed61363405d7c7240f82f537537640f9689d243,42
35,35.0,,35,35,4995362.515134743,,4995362.515134743,4995362.515134743,0.9990725030269487,,0.9990725030269487,0.9990725030269487,4251144.934411565,,4251144.934411565,4251144.934411565,9999.0,,9999.0,9999.0,30036.057692307717,,30036.057692307717,30036.057692307717,2574.519230769231,,2574.519230769231,2574.519230769231,12003.255577337923,,12003.255577337923,12003.255577337923,0.0,,0.0,0.0,15458.282884200533,,15458.282884200533,15458.282884200533,0.0,,0,0,215.63566754302204,,215.63566754302204,215.63566754302204,0.0,,0.0,0.0,0.0,,0.0,0.0,215.25753999771268,,215.25753999771268,215.25753999771268,53.81438499942817,,53.81438499942817,53.81438499942817,150.68027799839888,,150.68027799839888,150.68027799839888,10.762876999885634,,10.762876999885634,10.762876999885634,228.98688231281,,228.98688231281,228.98688231281,50000.0,,50000.0,50000.0,1.0,,1.0,1.0,0.0,,0,0,0.0,,0,0,z1-solvency-stable-v1,z1-solvency-stable-v1,ff716126acee8e14992f7047bed61363405d7c7240f82f537537640f9689d243,42
36,36.0,,36,36,4995144.708268143,,4995144.708268143,4995144.708268143,0.9990289416536287,,0.9990289416536287,0.9990289416536287,4301199.298298315,,4301199.298298315,4301199.298298315,9999.0,,9999.0,9999.0,30894.230769230795,,30894.230769230795,30894.230769230795,2574.519230769231,,2574.519230769231,2574.519230769231,12135.40576559602,,12135.40576559602,12135.40576559602,0.0,,0.0,0.0,16184.305772865511,,16184.305772865511,16184.305772865511,0.0,,0,0,217.80686659949367,,217.80686659949367,217.80686659949367,0.0,,0.0,0.0,0.0,,0.0,0.0,217.45554699928758,,217.45554699928758,217.45554699928758,54.363886749821894,,54.363886749821894,54.363886749821894,152.2188828995013,,152.2188828995013,152.2188828995013,10.872777349964379,,10.872777349964379,10.872777349964379,239.85965966277436,,239.85965966277436,239.85965966277436,50000.0,,50000.0,50000.0,1.0,,1.0,1.0,0.0,,0,0,0.0,,0,0,z1-solvency-stable-v1,z1-solvency-stable-v1,ff716126acee8e14992f7047bed61363405d7c7240f82f537537640f9689d243,42
37,37.0,,37,37,4994924.846920345,,4994924.846920345,4994924.846920345,0.998984969384069,,0.998984969384069,0.998984969384069,4351254.181954258,,4351254.181954258,4351254.181954258,9999.0,,9999.0,9999.0,31752.403846153873,,31752.403846153873,31752.403846153873,2574.519230769231,,2574.519230769231,2574.519230769231,12260.70768319014,,12260.70768319014,12260.70768319014,0.0,,0.0,0.0,16917.17693219447,,16917.17693219447,16917.17693219447,0.0,,0,0,219.8613477986875,,219.8613477986875,219.8613477986875,0.0,,0.0,0.0,0.0,,0.0,0.0,219.53462376858303,,219.53462376858303,219.53462376858303,54.88365594214575,,54.88365594214575,54.88365594214575,153.67423663800813,,153.67423663800813,153.67423663800813,10.976731188429152,,10.976731188429152,10.976731188429152,250.83639085120353,,250.83639085120353,250.83639085120353,50000.0,,50000.0,50000.0,1.0,,1.0,1.0,0.0,,0,0,0.0,,0,0,z1-solvency-stable-v1,z1-solvency-stable-v1,ff716126acee8e14992f7047bed61363405d7c7240f82f537537640f9689d243,42
38,38.0,,38,38,4994703.04113963,,4994703.04113963,4994703.04113963,0.998940608227926,,0.998940608227926,0.998940608227926,4401309.557366688,,4401309.557366688,4401309.557366688,9999.0,,9999.0,9999.0,32610.57692307695,,32610.57692307695,32610.57692307695,2574.519230769231,,2574.519230769231,2574.519230769231,12379.528157728602,,12379.528157728602,12379.528157728602,0.0,,0.0,0.0,17656.529534579084,,17656.529534579084,17656.529534579084,0.0,,0,0,221.8057807153843,,221.8057807153843,221.8057807153843,0.0,,0.0,0.0,0.0,,0.0,0.0,221.5016497191633,,221.5016497191633,221.5016497191633,55.37541242979083,,55.37541242979083,55.37541242979083,155.05115480341433,,155.05115480341433,155.05115480341433,11.075082485958166,,11.075082485958166,11.075082485958166,261.9114733371617,,261.9114733371617,261.9114733371617,50000.0,,50000.0,50000.0,1.0,,1.0,1.0,0.0,,0,0,0.0,,0,0,z1-solvency-stable-v1,z1-solvency-stable-v1,ff716126acee8e14992f7047bed61363405d7c7240f82f537537640f9689d243,42
39,39.0,,39,39,4994479.394724237,,4994479.394724237,4994479.394724237,0.9988958789448473,,0.9988958789448473,0.9988958789448473,4451365.398132335,,4451365.398132335,4451365.398132335,9999.0,,9999.0,9999.0,33468.75000000003,,33468.75000000003,33468.75000000003,2574.519230769231,,2574.519230769231,2574.519230769231,12492.213183339301,,12492.213183339301,12492.213183339301,0.0,,0.0,0.0,18402.017585891463,,18402.017585891463,18402.017585891463,0.0,,0,0,223.6464153937134,,223.6464153937134,223.6464153937134,-2.842170943040401e-14,,-2.842170943040401e-14,-2.842170943040401e-14,-5.684341886080802e-19,,-5.684341886080802e-19,-5.684341886080802e-19,223.3630625919255,,223.3630625919255,223.3630625919255,55.84076564798138,,55.84076564798138,55.84076564798138,156.35414381434788,,156.35414381434788,156.35414381434788,11.168153129596277,,11.168153129596277,11.168153129596277,273.07962646675793,,273.07962646675793,273.07962646675793,50000.0,,50000.0,50000.0,1.0,,1.0,1.0,0.0,,0,0,0.0,,0,0,z1-solvency-stable-v1,z1-solvency-stable-v1,ff716126acee8e14992f7047bed61363405d7c7240f82f537537640f9689d243,42
40,40.0,,40,40,4994254.005611906,,4994254.005611906,4994254.005611906,0.9988508011223811,,0.9988508011223811,0.9988508011223811,4501421.679355073,,4501421.679355073,4501421.679355073,9999.0,,9999.0,9999.0,34326.92307692311,,34326.92307692311,34326.92307692311,2574.519230769231,,2574.519230769231,2574.519230769231,12599.089219157597,,12599.089219157597,12599.089219157597,0.0,,0.0,0.0,19153.314626996245,,19153.314626996245,19153.314626996245,0.0,,0,0,225.3891123314346,,225.3891123314346,225.3891123314346,-2.842170943040401e-14,,-2.842170943040401e-14,-2.842170943040401e-14,-5.684341886080802e-19,,-5.684341886080802e-19,-5.684341886080802e-19,225.12489094812148,,225.12489094812148,225.12489094812148,56.28122273703036,,56.28122273703036,56.28122273703036,157.58742366368503,,157.58742366368503,157.58742366368503,11.256244547406071,,11.256244547406071,11.256244547406071,284.335871014164,,284.335871014164,284.335871014164,50000.0,,50000.0,50000.0,1.0,,1.0,1.0,0.0,,0,0,0.0,,0,0,z1-solvency-stable-v1,z1-solvency-stable-v1,ff716126acee8e14992f7047bed61363405d7c7240f82f537537640f9689d243,42
41,41.0,,41,41,4994026.966241902,,4994026.966241902,4994026.966241902,0.9988053932483804,,0.9988053932483804,0.9988053932483804,4551478.37755105,,4551478.37755105,4551478.37755105,9999.0,,9999.0,9999.0,35185.096153846185,,35185.096153846185,35185.096153846185,2574.519230769231,,2574.519230769231,2574.519230769231,12700.464396067848,,12700.464396067848,12700.464396067848,0.0,,0.0,0.0,19910.11252700907,,19910.11252700907,19910.11252700907,0.0,,0,0,227.03937000384744,,227.03937000384744,227.03937000384744,-2.842170943040401e-14,,-2.842170943040401e-14,-2.842170943040401e-14,-5.684341886080802e-19,,-5.684341886080802e-19,-5.684341886080802e-19,226.79278390768457,,226.79278390768457,226.79278390768457,56.69819597692114,,56.69819597692114,56.69819597692114,158.7549487353792,,158.7549487353792,158.7549487353792,11.33963919538423,,11.33963919538423,11.33963919538423,295.67551020954824,,295.67551020954824,295.67551020954824,50000.0,,50000.0,50000.0,1.0,,1.0,1.0,0.0,,0,0,0.0,,0,0,z1-solvency-stable-v1,z1-solvency-stable-v1,ff716126acee8e14992f7047bed61363405d7c7240f82f537537640f9689d243,42
42,42.0,,42,42,4993798.363891746,,4993798.363891746,4993798.363891746,0.9987596727783492,,0.9987596727783492,0.9987596727783492,4601535.4705606485,,4601535.4705606485,4601535.4705606485,9999.0,,9999.0,9999.0,36043.26923076926,,36043.26923076926,36043.26923076926,2574.519230769231,,2574.519230769231,2574.519230769231,12796.629639139193,,12796.629639139193,12796.629639139193,0.0,,0.0,0.0,20672.1203608608,,20672.1203608608,20672.1203608608,0.0,,0,0,228.6023501555195,,228.6023501555195,228.6023501555195,-2.842170943040401e-14,,-2.842170943040401e-14,-2.842170943040401e-14,-5.684341886080802e-19,,-5.684341886080802e-19,-5.684341886080802e-19,228.3720383949355,,228.3720383949355,228.3720383949355,57.09300959873388,,57.09300959873388,57.09300959873388,159.86042687645488,,159.86042687645488,159.86042687645488,11.418601919746777,,11.418601919746777,11.418601919746777,307.094112129295,,307.094112129295,307.094112129295,50000.0,,50000.0,50000.0,1.0,,1.0,1.0,0.0,,0,0,0.0,,0,0,z1-solvency-stable-v1,z1-solvency-stable-v1,ff716126acee8e14992f7047bed61363405d7c7240f82f537537640f9689d243,42
43,43.0,,43,43,4993568.280990681,,4993568.280990681,4993568.280990681,0.9987136561981361,,0.9987136561981361,0.9987136561981361,4651592.93746668,,4651592.93746668,4651592.93746668,9999.0,,9999.0,9999.0,36901.44230769234,,36901.44230769234,36901.44230769234,2574.519230769231,,2574.519230769231,2574.519230769231,12887.859712513136,,12887.859712513136,12887.859712513136,0.0,,0.0,0.0,21439.063364409936,,21439.063364409936,21439.063364409936,0.0,,0,0,230.08290106474075,,230.08290106474075,230.08290106474075,-2.842170943040401e-14,,-2.842170943040401e-14,-2.842170943040401e-14,-5.684341886080802e-19,,-5.684341886080802e-19,-5.684341886080802e-19,229.8676241271101,,229.8676241271101,229.8676241271101,57.466906031777526,,57.466906031777526,57.466906031777526,160.90733688897706,,160.90733688897706,160.90733688897706,11.493381206355506,,11.493381206355506,11.493381206355506,318.58749333565055,,318.58749333565055,318.58749333565055,50000.0,,50000.0,50000.0,1.0,,1.0,1.0,0.0,,0,0,0.0,,0,0,z1-solvency-stable-v1,z1-solvency-stable-v1,ff716126acee8e14992f7047bed61363405d7c7240f82f537537640f9689d243,42
44,44.0,,44,44,4993336.795411716,,4993336.795411716,4993336.795411716,0.9986673590823433,,0.9986673590823433,0.9986673590823433,4701650.758518319,,4701650.758518319,4701650.758518319,9999.0,,9999.0,9999.0,37759.61538461542,,37759.61538461542,37759.61538461542,2574.519230769231,,2574.519230769231,2574.519230769231,12974.41419288661,,12974.41419288661,12974.41419288661,0.0,,0.0,0.0,22210.681960959537,,22210.681960959537,22210.681960959537,0.0,,0,0,231.4855789648802,,231.4855789648802,231.4855789648802,-2.842170943040401e-14,,-2.842170943040401e-14,-2.842170943040401e-14,-5.684341886080802e-19,,-5.684341886080802e-19,-5.684341886080802e-19,231.28420655719236,,231.28420655719236,231.28420655719236,57.82105163929809,,57.82105163929809,57.82105163929809,161.89894459003466,,161.89894459003466,161.89894459003466,11.56421032785962,,11.56421032785962,11.56421032785962,330.1517036635102,,330.1517036635102,330.1517036635102,50000.0,,50000.0,50000.0,1.0,,1.0,1.0,0.0,,0,0,0.0,,0,0,z1-solvency-stable-v1,z1-solvency-stable-v1,ff716126acee8e14992f7047bed61363405d7c7240f82f537537640f9689d243,42
45,45.0,,45,45,4993103.980743928,,4993103.980743928,4993103.980743928,0.9986207961487856,,0.9986207961487856,0.9986207961487856,4751708.915060309,,4751708.915060309,4751708.915060309,9999.0,,9999.0,9999.0,38617.7884615385,,38617.7884615385,38617.7884615385,2574.519230769231,,2574.519230769231,2574.519230769231,13056.538377181854,,13056.538377181854,13056.538377181854,0.0,,0.0,0.0,22986.73085358737,,22986.73085358737,22986.73085358737,0.0,,0,0,232.81466778834996,,232.81466778834996,232.81466778834996,-2.842170943040401e-14,,-2.842170943040401e-14,-2.842170943040401e-14,-5.684341886080802e-19,,-5.684341886080802e-19,-5.684341886080802e-19,232.62616796102517,,232.62616796102517,232.62616796102517,58.156541990256294,,58.156541990256294,58.156541990256294,162.8383175727176,,162.8383175727176,162.8383175727176,11.63130839805126,,11.63130839805126,11.63130839805126,341.78301206156146,,341.78301206156146,341.78301206156146,50000.0,,50000.0,50000.0,1.0,,1.0,1.0,0.0,,0,0,0.0,,0,0,z1-solvency-stable-v1,z1-solvency-stable-v1,ff716126acee8e14992f7047bed61363405d7c7240f82f537537640f9689d243,42
46,46.0,,46,46,4992869.906546546,,4992869.906546546,4992869.906546546,0.9985739813093092,,0.9985739813093092,0.9985739813093092,4801767.389467019,,4801767.389467019,4801767.389467019,9999.0,,9999.0,9999.0,39475.961538461575,,39475.961538461575,39475.961538461575,2574.519230769231,,2574.519230769231,2574.519230769231,13134.464129496911,,13134.464129496911,13134.464129496911,0.0,,0.0,0.0,23766.978178195393,,23766.978178195393,23766.978178195393,0.0,,0,0,234.07419738240623,,234.07419738240623,234.07419738240623,-2.842170943040401e-14,,-2.842170943040401e-14,-2.842170943040401e-14,-5.684341886080802e-19,,-5.684341886080802e-19,-5.684341886080802e-19,233.89762683940543,,233.89762683940543,233.89762683940543,58.47440670985136,,58.47440670985136,58.47440670985136,163.72833878758382,,163.72833878758382,163.72833878758382,11.694881341970273,,11.694881341970273,11.694881341970273,353.47789340353177,,353.47789340353177,353.47789340353177,50000.0,,50000.0,50000.0,1.0,,1.0,1.0,0.0,,0,0,0.0,,0,0,z1-solvency-stable-v1,z1-solvency-stable-v1,ff716126acee8e14992f7047bed61363405d7c7240f82f537537640f9689d243,42
47,47.0,,47,47,4992634.638586214,,4992634.638586214,4992634.638586214,0.9985269277172427,,0.9985269277172427,0.9985269277172427,4851826.1650809655,,4851826.1650809655,4851826.1650809655,9999.0,,9999.0,9999.0,40334.13461538465,,40334.13461538465,40334.13461538465,2574.519230769231,,2574.519230769231,2574.519230769231,13208.410671982281,,13208.410671982281,13208.410671982281,0.0,,0.0,0.0,24551.204712633098,,24551.204712633098,24551.204712633098,0.0,,0,0,235.2679603313116,,235.2679603313116,235.2679603313116,-5.684341886080802e-14,,-5.684341886080802e-14,-5.684341886080802e-14,-1.1368683772161604e-18,,-1.1368683772161604e-18,-1.1368683772161604e-18,235.10245578862916,,235.10245578862916,235.10245578862916,58.77561394715728,,58.77561394715728,58.77561394715728,164.5717190520404,,164.5717190520404,164.5717190520404,11.755122789431457,,11.755122789431457,11.755122789431457,365.23301619296325,,365.23301619296325,365.23301619296325,50000.0,,50000.0,50000.0,1.0,,1.0,1.0,0.0,,0,0,0.0,,0,0,z1-solvency-stable-v1,z1-solvency-stable-v1,ff716126acee8e14992f7047bed61363405d7c7240f82f537537640f9689d243,42
48,48.0,,48,48,4992398.239058707,,4992398.239058707,4992398.239058707,0.9984796478117414,,0.9984796478117414,0.9984796478117414,4901885.22615546,,4901885.22615546,4901885.22615546,9999.0,,9999.0,9999.0,41192.30769230773,,41192.30769230773,41192.30769230773,2574.519230769231,,2574.519230769231,2574.519230769231,13278.585323884554,,13278.585323884554,13278.585323884554,0.0,,0.0,0.0,25339.2031376539,,25339.2031376539,25339.2031376539,0.0,,0,0,236.3995275062412,,236.3995275062412,236.3995275062412,-8.526512829121202e-14,,-8.526512829121202e-14,-8.526512829121202e-14,-1.7053025658242405e-18,,-1.7053025658242405e-18,-1.7053025658242405e-18,236.24429797753783,,236.24429797753783,236.24429797753783,59.06107449438446,,59.06107449438446,59.06107449438446,165.3710085842765,,165.3710085842765,165.3710085842765,11.812214898876892,,11.812214898876892,11.812214898876892,377.04523109184015,,377.04523109184015,377.04523109184015,50000.0,,50000.0,50000.0,1.0,,1.0,1.0,0.0,,0,0,0.0,,0,0,z1-solvency-stable-v1,z1-solvency-stable-v1,ff716126acee8e14992f7047bed61363405d7c7240f82f537537640f9689d243,42
49,49.0,,49,49,4992160.766796254,,4992160.766796254,4992160.766796254,0.9984321533592507,,0.9984321533592507,0.9984321533592507,4951944.557801048,,4951944.557801048,4951944.557801048,9999.0,,9999.0,9999.0,42050.48076923081,,42050.48076923081,42050.48076923081,2574.519230769231,,2574.519230769231,2574.519230769231,13345.18419263242,,13345.18419263242,13345.18419263242,0.0,,0.0,0.0,26130.777345829116,,26130.777345829116,26130.777345829116,0.0,,0,0,237.47226245256385,,237.47226245256385,237.47226245256385,-8.526512829121202e-14,,-8.526512829121202e-14,-8.526512829121202e-14,-1.7053025658242405e-18,,-1.7053025658242405e-18,-1.7053025658242405e-18,237.32658235533967,,237.32658235533967,237.32658235533967,59.33164558883492,,59.33164558883492,59.33164558883492,166.12860764873776,,166.12860764873776,166.12860764873776,11.866329117766982,,11.866329117766982,11.866329117766982,388.91156020960716,,388.91156020960716,388.91156020960716,50000.0,,50000.0,50000.0,1.0,,1.0,1.0,0.0,,0,0,0.0,,0,0,z1-solvency-stable-v1,z1-solvency-stable-v1,ff716126acee8e14992f7047bed61363405d7c7240f82f537537640f9689d243,42
50,50.0,,50,50,4991922.277461539,,4991922.277461539,4991922.277461539,0.9983844554923078,,0.9983844554923078,0.9983844554923078,5002004.145935473,,5002004.145935473,5002004.145935473,9999.0,,9999.0,9999.0,42908.65384615389,,42908.65384615389,42908.65384615389,2574.519230769231,,2574.519230769231,2574.519230769231,13408.39282051013,,13408.39282051013,13408.39282051013,0.0,,0.0,0.0,26925.741794874484,,26925.741794874484,26925.741794874484,0.0,,0,0,238.48933471361028,,238.48933471361028,238.48933471361028,-8.526512829121202e-14,,-8.526512829121202e-14,-8.526512829121202e-14,-1.7053025658242405e-18,,-1.7053025658242405e-18,-1.7053025658242405e-18,238.35253770216536,,238.35253770216536,238.35253770216536,59.58813442554134,,59.58813442554134,59.58813442554134,166.8467763915158,,166.8467763915158,166.8467763915158,11.91762688510827,,11.91762688510827,11.91762688510827,400.82918709471545,,400.82918709471545,400.82918709471545,50000.0,,50000.0,50000.0,1.0,,1.0,1.0,0.0,,0,0,0.0,,0,0,z1-solvency-stable-v1,z1-solvency-stable-v1,ff716126acee8e14992f7047bed61363405d7c7240f82f537537640f9689d243,42
51,51.0,,51,51,4991682.823729359,,4991682.823729359,4991682.823729359,0.9983365647458717,,0.9983365647458717,0.9983365647458717,5052063.977236878,,5052063.977236878,5052063.977236878,9999.0,,9999.0,9999.0,43766.826923076966,,43766.826923076966,43766.826923076966,2574.519230769231,,2574.519230769231,2574.519230769231,13468.38679016448,,13468.38679016448,13468.38679016448,0.0,,0.0,0.0,27723.92090214321,,27723.92090214321,27723.92090214321,0.0,,0,0,239.4537321806174,,239.4537321806174,239.4537321806174,-1.1368683772161603e-13,,-1.1368683772161603e-13,-1.1368683772161603e-13,-2.2737367544323208e-18,,-2.2737367544323208e-18,-2.2737367544323208e-18,239.32520562331194,,239.32520562331194,239.32520562331194,59.831301405827986,,59.831301405827986,59.831301405827986,167.52764393631836,,167.52764393631836,167.52764393631836,11.966260281165596,,11.966260281165596,11.966260281165596,412.7954473758811,,412.7954473758811,412.7954473758811,50000.0,,50000.0,50000.0,1.0,,1.0,1.0,0.0,,0,0,0.0,,0,0,z1-solvency-stable-v1,z1-solvency-stable-v1,ff716126acee8e14992f7047bed61363405d7c7240f82f537537640f9689d243,42
52,52.0,,52,52,4991442.455456808,,4991442.455456808,4991442.455456808,0.9982884910913616,,0.9982884910913616,0.9982884910913616,5102124.039100023,,5102124.039100023,5102124.039100023,9999.0,,9999.0,9999.0,44625.000000000044,,44625.000000000044,44625.000000000044,2574.519230769231,,2574.519230769231,2574.519230769231,13525.332291920602,,13525.332291920602,13525.332291920602,0.0,,0.0,0.0,28525.148477310166,,28525.148477310166,28525.148477310166,0.0,,0,0,240.3682725500866,,240.3682725500866,240.3682725500866,-1.4210854715202004e-13,,-1.4210854715202004e-13,-1.4210854715202004e-13,-2.842170943040401e-18,,-2.842170943040401e-18,-2.842170943040401e-18,240.2474525782851,,240.2474525782851,240.2474525782851,60.06186314457128,,60.06186314457128,60.06186314457128,168.17321680479955,,168.17321680479955,168.17321680479955,12.012372628914255,,12.012372628914255,12.012372628914255,424.80782000479536,,424.80782000479536,424.80782000479536,50000.0,,50000.0,50000.0,1.0,,1.0,1.0,0.0,,0,0,0.0,,0,0,z1-solvency-stable-v1,z1-solvency-stable-v1,ff716126acee8e14992f7047bed61363405d7c7240f82f537537640f9689d243,42
53,53.0,,53,53,4991201.219842846,,4991201.219842846,4991201.219842846,0.9982402439685691,,0.9982402439685691,0.9982402439685691,5152184.31959528,,5152184.31959528,5152184.31959528,9999.0,,9999.0,9999.0,45483.17307692312,,45483.17307692312,45483.17307692312,2574.519230769231,,2574.519230769231,2574.519230769231,13579.386655636315,,13579.386655636315,13579.386655636315,0.0,,0.0,0.0,29329.26719051753,,29329.26719051753,29329.26719051753,0.0,,0,0,241.23561396220893,,241.23561396220893,241.23561396220893,-1.4210854715202004e-13,,-1.4210854715202004e-13,-1.4210854715202004e-13,-2.842170943040401e-18,,-2.842170943040401e-18,-2.842170943040401e-18,241.12198102694518,,241.12198102694518,241.12198102694518,60.280495256736295,,60.280495256736295,60.280495256736295,168.78538671886162,,168.78538671886162,168.78538671886162,12.05609905134726,,12.05609905134726,12.05609905134726,436.8639190561426,,436.8639190561426,436.8639190561426,50000.0,,50000.0,50000.0,1.0,,1.0,1.0,0.0,,0,0,0.0,,0,0,z1-solvency-stable-v1,z1-solvency-stable-v1,ff716126acee8e14992f7047bed61363405d7c7240f82f537537640f9689d243,42
54,54.0,,54,54,4990959.161577959,,4990959.161577959,4990959.161577959,0.9981918323155917,,0.9981918323155917,0.9981918323155917,5202244.807430222,,5202244.807430222,5202244.807430222,9999.0,,9999.0,9999.0,46341.3461538462,,46341.3461538462,46341.3461538462,2574.519230769231,,2574.519230769231,2574.519230769231,13630.698849602057,,13630.698849602057,13630.698849602057,0.0,,0.0,0.0,30136.12807347486,,30136.12807347486,30136.12807347486,0.0,,0,0,242.05826488720038,,242.05826488720038,242.05826488720038,-1.4210854715202004e-13,,-1.4210854715202004e-13,-1.4210854715202004e-13,-2.842170943040401e-18,,-2.842170943040401e-18,-2.842170943040401e-18,241.9513397671809,,241.9513397671809,241.9513397671809,60.48783494179523,,60.48783494179523,60.48783494179523,169.36593783702665,,169.36593783702665,169.36593783702665,12.097566988359047,,12.097566988359047,12.097566988359047,448.96148604450167,,448.96148604450167,448.96148604450167,50000.0,,50000.0,50000.0,1.0,,1.0,1.0,0.0,,0,0,0.0,,0,0,z1-solvency-stable-v1,z1-solvency-stable-v1,ff716126acee8e14992f7047bed61363405d7c7240f82f537537640f9689d243,42
55,55.0,,55,55,4990716.322984639,,4990716.322984639,4990716.322984639,0.9981432645969277,,0.9981432645969277,0.9981432645969277,5252305.491913605,,5252305.491913605,5252305.491913605,9999.0,,9999.0,9999.0,47199.51923076928,,47199.51923076928,47199.51923076928,2574.519230769231,,2574.519230769231,2574.519230769231,13679.409948790928,,13679.409948790928,13679.409948790928,0.0,,0.0,0.0,30945.59005120907,,30945.59005120907,30945.59005120907,0.0,,0,0,242.83859332026194,,242.83859332026194,242.83859332026194,-1.4210854715202004e-13,,-1.4210854715202004e-13,-1.4210854715202004e-13,-2.842170943040401e-18,,-2.842170943040401e-18,-2.842170943040401e-18,242.73793353147173,,242.73793353147173,242.73793353147173,60.68448338286793,,60.68448338286793,60.68448338286793,169.91655347203022,,169.91655347203022,169.91655347203022,12.136896676573587,,12.136896676573587,12.136896676573587,461.09838272107527,,461.09838272107527,461.09838272107527,50000.0,,50000.0,50000.0,1.0,,1.0,1.0,0.0,,0,0,0.0,,0,0,z1-solvency-stable-v1,z1-solvency-stable-v1,ff716126acee8e14992f7047bed61363405d7c7240f82f537537640f9689d243,42
56,56.0,,56,56,4990472.744149298,,4990472.744149298,4990472.744149298,0.9980945488298597,,0.9980945488298597,0.9980945488298597,5302366.362921581,,5302366.362921581,5302366.362921581,9999.0,,9999.0,9999.0,48057.692307692356,,48057.692307692356,48057.692307692356,2574.519230769231,,2574.519230769231,2574.519230769231,13725.653574579435,,13725.653574579435,13725.653574579435,0.0,,0.0,0.0,31757.519502343643,,31757.519502343643,31757.519502343643,0.0,,0,0,243.57883534037137,,243.57883534037137,243.57883534037137,-1.4210854715202004e-13,,-1.4210854715202004e-13,-1.4210854715202004e-13,-2.842170943040401e-18,,-2.842170943040401e-18,-2.842170943040401e-18,243.48403190337365,,243.48403190337365,243.48403190337365,60.87100797584341,,60.87100797584341,60.87100797584341,170.43882233236155,,170.43882233236155,170.43882233236155,12.174201595168682,,12.174201595168682,12.174201595168682,473.2725843162439,,473.2725843162439,473.2725843162439,50000.0,,50000.0,50000.0,1.0,,1.0,1.0,0.0,,0,0,0.0,,0,0,z1-solvency-stable-v1,z1-solvency-stable-v1,ff716126acee8e14992f7047bed61363405d7c7240f82f537537640f9689d243,42
57,57.0,,57,57,4990228.4630462155,,4990228.4630462155,4990228.4630462155,0.9980456926092431,,0.9980456926092431,0.9980456926092431,5352427.410865983,,5352427.410865983,5352427.410865983,9999.0,,9999.0,9999.0,48915.865384615434,,48915.865384615434,48915.865384615434,2574.519230769231,,2574.519230769231,2574.519230769231,13769.556307892022,,13769.556307892022,13769.556307892022,0.0,,0.0,0.0,32571.789845954132,,32571.789845954132,32571.789845954132,0.0,,0,0,244.28110308314737,,244.28110308314737,244.28110308314737,-1.4210854715202004e-13,,-1.4210854715202004e-13,-1.4210854715202004e-13,-2.842170943040401e-18,,-2.842170943040401e-18,-2.842170943040401e-18,244.19177760928153,,244.19177760928153,244.19177760928153,61.04794440232038,,61.04794440232038,61.04794440232038,170.9342443264971,,170.9342443264971,170.9342443264971,12.209588880464079,,12.209588880464079,12.209588880464079,485.482173196708,,485.482173196708,485.482173196708,50000.0,,50000.0,50000.0,1.0,,1.0,1.0,0.0,,0,0,0.0,,0,0,z1-solvency-stable-v1,z1-solvency-stable-v1,ff716126acee8e14992f7047bed61363405d7c7240f82f537537640f9689d243,42
58,58.0,,58,58,4989983.515654041,,4989983.515654041,4989983.515654041,0.9979967031308082,,0.9979967031308082,0.9979967031308082,5402488.626664542,,5402488.626664542,5402488.626664542,9999.0,,9999.0,9999.0,49774.03846153851,,49774.03846153851,49774.03846153851,2574.519230769231,,2574.519230769231,2574.519230769231,13811.238077569917,,13811.238077569917,13811.238077569917,0.0,,0.0,0.0,33388.281153199314,,33388.281153199314,33388.281153199314,0.0,,0,0,244.94739217355448,,244.94739217355448,244.94739217355448,-1.4210854715202004e-13,,-1.4210854715202004e-13,-1.4210854715202004e-13,-2.842170943040401e-18,,-2.842170943040401e-18,-2.842170943040401e-18,244.86319423572527,,244.86319423572527,244.86319423572527,61.21579855893132,,61.21579855893132,61.21579855893132,171.4042359650077,,171.4042359650077,171.4042359650077,12.243159711786264,,12.243159711786264,12.243159711786264,497.72533290849424,,497.72533290849424,497.72533290849424,50000.0,,50000.0,50000.0,1.0,,1.0,1.0,0.0,,0,0,0.0,,0,0,z1-solvency-stable-v1,z1-solvency-stable-v1,ff716126acee8e14992f7047bed61363405d7c7240f82f537537640f9689d243,42
59,59.0,,59,59,4989737.936065382,,4989737.936065382,4989737.936065382,0.9979475872130764,,0.9979475872130764,0.9979475872130764,5452550.001712896,,5452550.001712896,5452550.001712896,9999.0,,9999.0,9999.0,50632.21153846159,,50632.21153846159,50632.21153846159,2574.519230769231,,2574.519230769231,2574.519230769231,13850.81252562573,,13850.81252562573,13850.81252562573,0.0,,0.0,0.0,34206.879782066586,,34206.879782066586,34206.879782066586,0.0,,0,0,245.5795886601794,,245.5795886601794,245.5795886601794,-1.4210854715202004e-13,,-1.4210854715202004e-13,-1.4210854715202004e-13,-2.842170943040401e-18,,-2.842170943040401e-18,-2.842170943040401e-18,245.50019341787169,,245.50019341787169,245.50019341787169,61.37504835446791,,61.37504835446791,61.37504835446791,171.85013539251014,,171.85013539251014,171.85013539251014,12.275009670893583,,12.275009670893583,12.275009670893583,510.0003425793878,,510.0003425793878,510.0003425793878,50000.0,,50000.0,50000.0,1.0,,1.0,1.0,0.0,,0,0,0.0,,0,0,z1-solvency-stable-v1,z1-solvency-stable-v1,ff716126acee8e14992f7047bed61363405d7c7240f82f537537640f9689d243,42
60,60.0,,60,60,4989491.756589893,,4989491.756589893,4989491.756589893,0.9978983513179787,,0.9978983513179787,0.9978983513179787,5502611.5278582815,,5502611.5278582815,5502611.5278582815,9999.0,,9999.0,9999.0,51490.38461538467,,51490.38461538467,51490.38461538467,2574.519230769231,,2574.519230769231,2574.519230769231,13888.387350918254,,13888.387350918254,13888.387350918254,0.0,,0.0,0.0,35027.47803369714,,35027.47803369714,35027.47803369714,0.0,,0,0,246.17947548916595,,246.17947548916595,246.17947548916595,-1.7053025658242404e-13,,-1.7053025658242404e-13,-1.7053025658242404e-13,-3.410605131648481e-18,,-3.410605131648481e-18,-3.410605131648481e-18,246.10458154078532,,246.10458154078532,246.10458154078532,61.52614538519633,,61.52614538519633,61.52614538519633,172.27320707854972,,172.27320707854972,172.27320707854972,12.305229077039266,,12.305229077039266,12.305229077039266,522.3055716564271,,522.3055716564271,522.3055716564271,50000.0,,50000.0,50000.0,1.0,,1.0,1.0,0.0,,0,0,0.0,,0,0,z1-solvency-stable-v1,z1-solvency-stable-v1,ff716126acee8e14992f7047bed61363405d7c7240f82f537537640f9689d243,42
61,61.0,,61,61,4989245.00785134,,4989245.00785134,4989245.00785134,0.997849001570268,,0.997849001570268,0.997849001570268,5552673.197374779,,5552673.197374779,5552673.197374779,9999.0,,9999.0,9999.0,52348.557692307746,,52348.557692307746,52348.557692307746,2574.519230769231,,2574.519230769231,2574.519230769231,13924.064632665993,,13924.064632665993,13924.064632665993,0.0,,0.0,0.0,35849.97382887247,,35849.97382887247,35849.97382887247,0.0,,0,0,246.74873855260103,,246.74873855260103,246.74873855260103,-1.7053025658242404e-13,,-1.7053025658242404e-13,-1.7053025658242404e-13,-3.410605131648481e-18,,-3.410605131648481e-18,-3.410605131648481e-18,246.6780659912893,,246.6780659912893,246.6780659912893,61.66951649782232,,61.66951649782232,61.66951649782232,172.6746461939025,,172.6746461939025,172.6746461939025,12.333903299564465,,12.333903299564465,12.333903299564465,534.6394749559915,,534.6394749559915,534.6394749559915,50000.0,,50000.0,50000.0,1.0,,1.0,1.0,0.0,,0,0,0.0,,0,0,z1-solvency-stable-v1,z1-solvency-stable-v1,ff716126acee8e14992f7047bed61363405d7c7240f82f537537640f9689d243,42
62,62.0,,62,62,4988997.718878997,,4988997.718878997,4988997.718878997,0.9977995437757993,,0.9977995437757993,0.9977995437757993,5602735.002940028,,5602735.002940028,5602735.002940028,9999.0,,9999.0,9999.0,53206.730769230824,,53206.730769230824,53206.730769230824,2574.519230769231,,2574.519230769231,2574.519230769231,13957.941135111852,,13957.941135111852,13957.941135111852,0.0,,0.0,0.0,36674.27040334969,,36674.27040334969,36674.27040334969,0.0,,0,0,247.28897234316543,,247.28897234316543,247.28897234316543,-1.4210854715202004e-13,,-1.4210854715202004e-13,-1.4210854715202004e-13,-2.842170943040401e-18,,-2.842170943040401e-18,-2.842170943040401e-18,247.22226099492258,,247.22226099492258,247.22226099492258,61.805565248730645,,61.805565248730645,61.805565248730645,173.05558269644584,,173.05558269644584,173.05558269644584,12.36111304974613,,12.36111304974613,12.36111304974613,547.0005880057377,,547.0005880057377,547.0005880057377,50000.0,,50000.0,50000.0,1.0,,1.0,1.0,0.0,,0,0,0.0,,0,0,z1-solvency-stable-v1,z1-solvency-stable-v1,ff716126acee8e14992f7047bed61363405d7c7240f82f537537640f9689d243,42
63,63.0,,63,63,4988749.917193753,,4988749.917193753,4988749.917193753,0.9977499834387505,,0.9977499834387505,0.9977499834387505,5652796.937613295,,5652796.937613295,5652796.937613295,9999.0,,9999.0,9999.0,54064.9038461539,,54064.9038461539,54064.9038461539,2574.519230769231,,2574.519230769231,2574.519230769231,13990.108594554373,,13990.108594554373,13990.108594554373,0.0,,0.0,0.0,37500.27602083024,,37500.27602083024,37500.27602083024,0.0,,0,0,247.80168524416675,,247.80168524416675,247.80168524416675,-1.4210854715202004e-13,,-1.4210854715202004e-13,-1.4210854715202004e-13,-2.842170943040401e-18,,-2.842170943040401e-18,-2.842170943040401e-18,247.73869306947603,,247.73869306947603,247.73869306947603,61.93467326736901,,61.93467326736901,61.93467326736901,173.4170851486332,,173.4170851486332,173.4170851486332,12.386934653473801,,12.386934653473801,12.386934653473801,559.3875226592114,,559.3875226592114,559.3875226592114,50000.0,,50000.0,50000.0,1.0,,1.0,1.0,0.0,,0,0,0.0,,0,0,z1-solvency-stable-v1,z1-solvency-stable-v1,ff716126acee8e14992f7047bed61363405d7c7240f82f537537640f9689d243,42
64,64.0,,64,64,4988501.628889271,,4988501.628889271,4988501.628889271,0.9977003257778542,,0.9977003257778542,0.9977003257778542,5702858.994814826,,5702858.994814826,5702858.994814826,9999.0,,9999.0,9999.0,54923.07692307698,,54923.07692307698,54923.07692307698,2574.519230769231,,2574.519230769231,2574.519230769231,14020.653989872028,,14020.653989872028,14020.653989872028,0.0,,0.0,0.0,38327.903702435666,,38327.903702435666,38327.903702435666,0.0,,0,0,248.28830448162665,,248.28830448162665,248.28830448162665,-1.4210854715202004e-13,,-1.4210854715202004e-13,-1.4210854715202004e-13,-2.842170943040401e-18,,-2.842170943040401e-18,-2.842170943040401e-18,248.22880612386427,,248.22880612386427,248.22880612386427,62.05720153096608,,62.05720153096608,62.05720153096608,173.760164286705,,173.760164286705,173.760164286705,12.411440306193217,,12.411440306193217,12.411440306193217,571.7989629654046,,571.7989629654046,571.7989629654046,50000.0,,50000.0,50000.0,1.0,,1.0,1.0,0.0,,0,0,0.0,,0,0,z1-solvency-stable-v1,z1-solvency-stable-v1,ff716126acee8e14992f7047bed61363405d7c7240f82f537537640f9689d243,42
65,65.0,,65,65,4988252.878708508,,4988252.878708508,4988252.878708508,0.9976505757417016,,0.9976505757417016,0.9976505757417016,5752921.168306383,,5752921.168306383,5752921.168306383,9999.0,,9999.0,9999.0,55781.25000000006,,55781.25000000006,55781.25000000006,2574.519230769231,,2574.519230769231,2574.519230769231,14049.659797585504,,14049.659797585504,14049.659797585504,0.0,,0.0,0.0,39157.07097164527,,39157.07097164527,39157.07097164527,0.0,,0,0,248.75018076288032,,248.75018076288032,248.75018076288032,-1.1368683772161603e-13,,-1.1368683772161603e-13,-1.1368683772161603e-13,-2.2737367544323208e-18,,-2.2737367544323208e-18,-2.2737367544323208e-18,248.69396622863172,,248.69396622863172,248.69396622863172,62.173491557157924,,62.173491557157924,62.173491557157924,174.0857763600422,,174.0857763600422,174.0857763600422,12.434698311431585,,12.434698311431585,12.434698311431585,584.2336612768362,,584.2336612768362,584.2336612768362,50000.0,,50000.0,50000.0,1.0,,1.0,1.0,0.0,,0,0,0.0,,0,0,z1-solvency-stable-v1,z1-solvency-stable-v1,ff716126acee8e14992f7047bed61363405d7c7240f82f537537640f9689d243,42
66,66.0,,66,66,4988003.690115884,,4988003.690115884,4988003.690115884,0.9976007380231768,,0.9976007380231768,0.9976007380231768,5802983.452172903,,5802983.452172903,5802983.452172903,9999.0,,9999.0,9999.0,56639.423076923136,,56639.423076923136,56639.423076923136,2574.519230769231,,2574.519230769231,2574.519230769231,14077.204232428136,,14077.204232428136,14077.204232428136,0.0,,0.0,0.0,39987.699613725716,,39987.699613725716,39987.699613725716,0.0,,0,0,249.18859262413403,,249.18859262413403,249.18859262413403,-1.1368683772161603e-13,,-1.1368683772161603e-13,-1.1368683772161603e-13,-2.2737367544323208e-18,,-2.2737367544323208e-18,-2.2737367544323208e-18,249.135466082163,,249.135466082163,249.135466082163,62.28386652054075,,62.28386652054075,62.28386652054075,174.3948262575141,,174.3948262575141,174.3948262575141,12.45677330410815,,12.45677330410815,12.45677330410815,596.6904345809444,,596.6904345809444,596.6904345809444,50000.0,,50000.0,50000.0,1.0,,1.0,1.0,0.0,,0,0,0.0,,0,0,z1-solvency-stable-v1,z1-solvency-stable-v1,ff716126acee8e14992f7047bed61363405d7c7240f82f537537640f9689d243,42
67,67.0,,67,67,4987754.0853653755,,4987754.0853653755,4987754.0853653755,0.9975508170730751,,0.9975508170730751,0.9975508170730751,5853045.840805202,,5853045.840805202,5853045.840805202,9999.0,,9999.0,9999.0,57497.596153846214,,57497.596153846214,57497.596153846214,2574.519230769231,,2574.519230769231,2574.519230769231,14103.361474325879,,14103.361474325879,14103.361474325879,0.0,,0.0,0.0,40819.71544875105,,40819.71544875105,40819.71544875105,0.0,,0,0,249.60475050759976,,249.60475050759976,249.60475050759976,-8.526512829121202e-14,,-8.526512829121202e-14,-8.526512829121202e-14,-1.7053025658242405e-18,,-1.7053025658242405e-18,-1.7053025658242405e-18,249.55452919465444,,249.55452919465444,249.55452919465444,62.38863229866362,,62.38863229866362,62.38863229866362,174.68817043625813,,174.68817043625813,174.68817043625813,12.477726459732725,,12.477726459732725,12.477726459732725,609.1681610406772,,609.1681610406772,609.1681610406772,50000.0,,50000.0,50000.0,1.0,,1.0,1.0,0.0,,0,0,0.0,,0,0,z1-solvency-stable-v1,z1-solvency-stable-v1,ff716126acee8e14992f7047bed61363405d7c7240f82f537537640f9689d243,42
68,68.0,,68,68,4987504.085564788,,4987504.085564788,4987504.085564788,0.9975008171129577,,0.9975008171129577,0.9975008171129577,5903108.3288836535,,5903108.3288836535,5903108.3288836535,9999.0,,9999.0,9999.0,58355.76923076929,,58355.76923076929,58355.76923076929,2574.519230769231,,2574.519230769231,2574.519230769231,14128.201882625071,,14128.201882625071,14128.201882625071,0.0,,0.0,0.0,41653.048117374936,,41653.048117374936,41653.048117374936,0.0,,0,0,249.999800587165,,249.999800587165,249.999800587165,-8.526512829121202e-14,,-8.526512829121202e-14,-8.526512829121202e-14,-1.7053025658242405e-18,,-1.7053025658242405e-18,-1.7053025658242405e-18,249.95231381007662,,249.95231381007662,249.95231381007662,62.488078452519154,,62.488078452519154,62.488078452519154,174.96661966705364,,174.96661966705364,174.96661966705364,12.497615690503832,,12.497615690503832,12.497615690503832,621.6657767311809,,621.6657767311809,621.6657767311809,50000.0,,50000.0,50000.0,1.0,,1.0,1.0,0.0,,0,0,0.0,,0,0,z1-solvency-stable-v1,z1-solvency-stable-v1,ff716126acee8e14992f7047bed61363405d7c7240f82f537537640f9689d243,42
69,69.0,,69,69,4987253.710736428,,4987253.710736428,4987253.710736428,0.9974507421472857,,0.9974507421472857,0.9974507421472857,5953170.911362801,,5953170.911362801,5953170.911362801,9999.0,,9999.0,9999.0,59213.94230769237,,59213.94230769237,59213.94230769237,2574.519230769231,,2574.519230769231,2574.519230769231,14151.792198348001,,14151.792198348001,14151.792198348001,0.0,,0.0,0.0,42487.63087857508,,42487.63087857508,42487.63087857508,0.0,,0,0,250.37482836004415,,250.37482836004415,250.37482836004415,-8.526512829121202e-14,,-8.526512829121202e-14,-8.526512829121202e-14,-1.7053025658242405e-18,,-1.7053025658242405e-18,-1.7053025658242405e-18,250.3299165846988,,250.3299165846988,250.3299165846988,62.58247914617471,,62.58247914617471,62.58247914617471,175.23094160928918,,175.23094160928918,175.23094160928918,12.516495829234943,,12.516495829234943,12.516495829234943,634.1822725604159,,634.1822725604159,634.1822725604159,50000.0,,50000.0,50000.0,1.0,,1.0,1.0,0.0,,0,0,0.0,,0,0,z1-solvency-stable-v1,z1-solvency-stable-v1,ff716126acee8e14992f7047bed61363405d7c7240f82f537537640f9689d243,42
70,70.0,,70,70,4987002.979874409,,4987002.979874409,4987002.979874409,0.9974005959748817,,0.9974005959748817,0.9974005959748817,6003233.5834568115,,6003233.5834568115,6003233.5834568115,9999.0,,9999.0,9999.0,60072.11538461545,,60072.11538461545,60072.11538461545,2574.519230769231,,2574.519230769231,2574.519230769231,14174.195735202806,,14174.195735202806,14174.195735202806,0.0,,0.0,0.0,43323.40041864335,,43323.40041864335,43323.40041864335,0.0,,0,0,250.73086202048202,,250.73086202048202,250.73086202048202,-5.684341886080802e-14,,-5.684341886080802e-14,-5.684341886080802e-14,-1.1368683772161604e-18,,-1.1368683772161604e-18,-1.1368683772161604e-18,250.68837603924587,,250.68837603924587,250.68837603924587,62.67209400981147,,62.67209400981147,62.67209400981147,175.4818632274721,,175.4818632274721,175.4818632274721,12.534418801962294,,12.534418801962294,12.534418801962294,646.7166913623781,,646.7166913623781,646.7166913623781,50000.0,,50000.0,50000.0,1.0,,1.0,1.0,0.0,,0,0,0.0,,0,0,z1-solvency-stable-v1,z1-solvency-stable-v1,ff716126acee8e14992f7047bed61363405d7c7240f82f537537640f9689d243,42
71,71.0,,71,71,4986751.910998779,,4986751.910998779,4986751.910998779,0.9973503821997559,,0.9973503821997559,0.9973503821997559,6053296.340625762,,6053296.340625762,6053296.340625762,9999.0,,9999.0,9999.0,60930.28846153853,,60930.28846153853,60930.28846153853,2574.519230769231,,2574.519230769231,2574.519230769231,14195.472560024802,,14195.472560024802,14195.472560024802,0.0,,0.0,0.0,44160.296670744436,,44160.296670744436,44160.296670744436,0.0,,0,0,251.06887563032404,,251.06887563032404,251.06887563032404,-5.684341886080802e-14,,-5.684341886080802e-14,-5.684341886080802e-14,-1.1368683772161604e-18,,-1.1368683772161604e-18,-1.1368683772161604e-18,251.0286758003864,,251.0286758003864,251.0286758003864,62.7571689500966,,62.7571689500966,62.7571689500966,175.72007306027047,,175.72007306027047,175.72007306027047,12.55143379001932,,12.55143379001932,12.55143379001932,659.2681251523974,,659.2681251523974,659.2681251523974,50000.0,,50000.0,50000.0,1.0,,1.0,1.0,0.0,,0,0,0.0,,0,0,z1-solvency-stable-v1,z1-solvency-stable-v1,ff716126acee8e14992f7047bed61363405d7c7240f82f537537640f9689d243,42
72,72.0,,72,72,4986500.521206679,,4986500.521206679,4986500.521206679,0.9973001042413357,,0.9973001042413357,0.9973001042413357,6103359.178562674,,6103359.178562674,6103359.178562674,9999.0,,9999.0,9999.0,61788.461538461605,,61788.461538461605,61788.461538461605,2574.519230769231,,2574.519230769231,2574.519230769231,14215.679663280795,,14215.679663280795,14215.679663280795,0.0,,0.0,0.0,44998.262644411516,,44998.262644411516,44998.262644411516,0.0,,0,0,251.38979210012468,,251.38979210012468,251.38979210012468,-8.526512829121202e-14,,-8.526512829121202e-14,-8.526512829121202e-14,-1.7053025658242405e-18,,-1.7053025658242405e-18,-1.7053025658242405e-18,251.3517476460101,,251.3517476460101,251.3517476460101,62.837936911502524,,62.837936911502524,62.837936911502524,175.94622335220708,,175.94622335220708,175.94622335220708,12.567587382300506,,12.567587382300506,12.567587382300506,671.8357125346979,,671.8357125346979,671.8357125346979,50000.0,,50000.0,50000.0,1.0,,1.0,1.0,0.0,,0,0,0.0,,0,0,z1-solvency-stable-v1,z1-solvency-stable-v1,ff716126acee8e14992f7047bed61363405d7c7240f82f537537640f9689d243,42
73,73.0,,73,73,4986248.826720685,,4986248.826720685,4986248.826720685,0.997249765344137,,0.997249765344137,0.997249765344137,6153422.0931812655,,6153422.0931812655,6153422.0931812655,9999.0,,9999.0,9999.0,62646.63461538468,,62646.63461538468,62646.63461538468,2574.519230769231,,2574.519230769231,2574.519230769231,14234.871120225813,,14234.871120225813,14234.871120225813,0.0,,0.0,0.0,45837.24426438958,,45837.24426438958,45837.24426438958,0.0,,0,0,251.69448599341803,,251.69448599341803,251.69448599341803,-8.526512829121202e-14,,-8.526512829121202e-14,-8.526512829121202e-14,-1.7053025658242405e-18,,-1.7053025658242405e-18,-1.7053025658242405e-18,251.65847436761803,,251.65847436761803,251.65847436761803,62.91461859190451,,62.91461859190451,62.91461859190451,176.16093205733262,,176.16093205733262,176.16093205733262,12.5829237183809,,12.5829237183809,12.5829237183809,684.4186362530788,,684.4186362530788,684.4186362530788,50000.0,,50000.0,50000.0,1.0,,1.0,1.0,0.0,,0,0,0.0,,0,0,z1-solvency-stable-v1,z1-solvency-stable-v1,ff716126acee8e14992f7047bed61363405d7c7240f82f537537640f9689d243,42
74,74.0,,74,74,4985996.842934518,,4985996.842934518,4985996.842934518,0.9971993685869036,,0.9971993685869036,0.9971993685869036,6203485.080604382,,6203485.080604382,6203485.080604382,9999.0,,9999.0,9999.0,63504.80769230776,,63504.80769230776,63504.80769230776,2574.519230769231,,2574.519230769231,2574.519230769231,14253.098243262815,,14253.098243262815,14253.098243262815,0.0,,0.0,0.0,46677.19021827565,,46677.19021827565,46677.19021827565,0.0,,0,0,251.98378616582164,,251.98378616582164,251.98378616582164,-8.526512829121202e-14,,-8.526512829121202e-14,-8.526512829121202e-14,-1.7053025658242405e-18,,-1.7053025658242405e-18,-1.7053025658242405e-18,251.94969246211696,,251.94969246211696,251.94969246211696,62.98742311552924,,62.98742311552924,62.98742311552924,176.36478472348188,,176.36478472348188,176.36478472348188,12.597484623105847,,12.597484623105847,12.597484623105847,697.0161208761847,,697.0161208761847,697.0161208761847,50000.0,,50000.0,50000.0,1.0,,1.0,1.0,0.0,,0,0,0.0,,0,0,z1-solvency-stable-v1,z1-solvency-stable-v1,ff716126acee8e14992f7047bed61363405d7c7240f82f537537640f9689d243,42
75,75.0,,75,75,4985744.584456269,,4985744.584456269,4985744.584456269,0.9971489168912537,,0.9971489168912537,0.9971489168912537,6253548.137153048,,6253548.137153048,6253548.137153048,9999.0,,9999.0,9999.0,64362.98076923084,,64362.98076923084,64362.98076923084,2574.519230769231,,2574.519230769231,2574.519230769231,14270.409726019996,,14270.409726019996,14270.409726019996,0.0,,0.0,0.0,47518.05181244155,,47518.05181244155,47518.05181244155,0.0,,0,0,252.25847824976952,,252.25847824976952,252.25847824976952,-8.526512829121202e-14,,-8.526512829121202e-14,-8.526512829121202e-14,-1.7053025658242405e-18,,-1.7053025658242405e-18,-1.7053025658242405e-18,252.22619466436808,,252.22619466436808,252.22619466436808,63.05654866609202,,63.05654866609202,63.05654866609202,176.55833626505768,,176.55833626505768,176.55833626505768,12.611309733218405,,12.611309733218405,12.611309733218405,709.6274306094031,,709.6274306094031,709.6274306094031,50000.0,,50000.0,50000.0,1.0,,1.0,1.0,0.0,,0,0,0.0,,0,0,z1-solvency-stable-v1,z1-solvency-stable-v1,ff716126acee8e14992f7047bed61363405d7c7240f82f537537640f9689d243,42
76,76.0,,76,76,4985492.065149274,,4985492.065149274,4985492.065149274,0.9970984130298547,,0.9970984130298547,0.9970984130298547,6303611.259336131,,6303611.259336131,6303611.259336131,9999.0,,9999.0,9999.0,65221.15384615392,,65221.15384615392,65221.15384615392,2574.519230769231,,2574.519230769231,2574.519230769231,14286.851779626837,,14286.851779626837,14286.851779626837,0.0,,0.0,0.0,48359.78283575779,,48359.78283575779,48359.78283575779,0.0,,0,0,252.51930699486988,,252.51930699486988,252.51930699486988,-8.526512829121202e-14,,-8.526512829121202e-14,-8.526512829121202e-14,-1.7053025658242405e-18,,-1.7053025658242405e-18,-1.7053025658242405e-18,252.48873233097868,,252.48873233097868,252.48873233097868,63.12218308274467,,63.12218308274467,63.12218308274467,176.74211263168507,,176.74211263168507,176.74211263168507,12.624436616548934,,12.624436616548934,12.624436616548934,722.251867225952,,722.251867225952,722.251867225952,50000.0,,50000.0,50000.0,1.0,,1.0,1.0,0.0,,0,0,0.0,,0,0,z1-solvency-stable-v1,z1-solvency-stable-v1,ff716126acee8e14992f7047bed61363405d7c7240f82f537537640f9689d243,42
77,77.0,,77,77,4985239.2981708,,4985239.2981708,4985239.2981708,0.9970478596341601,,0.9970478596341601,0.9970478596341601,6353674.443840551,,6353674.443840551,6353674.443840551,9999.0,,9999.0,9999.0,66079.326923077,,66079.326923077,66079.326923077,2574.519230769231,,2574.519230769231,2574.519230769231,14302.46826163941,,14302.46826163941,14302.46826163941,0.0,,0.0,0.0,49202.33943066829,,49202.33943066829,49202.33943066829,0.0,,0,0,252.7669784731518,,252.7669784731518,252.7669784731518,-8.526512829121202e-14,,-8.526512829121202e-14,-8.526512829121202e-14,-1.7053025658242405e-18,,-1.7053025658242405e-18,-1.7053025658242405e-18,252.73801768503992,,252.73801768503992,252.73801768503992,63.18450442125998,,63.18450442125998,63.18450442125998,176.91661237952795,,176.91661237952795,176.91661237952795,12.636900884251997,,12.636900884251997,12.636900884251997,734.888768110204,,734.888768110204,734.888768110204,50000.0,,50000.0,50000.0,1.0,,1.0,1.0,0.0,,0,0,0.0,,0,0,z1-solvency-stable-v1,z1-solvency-stable-v1,ff716126acee8e14992f7047bed61363405d7c7240f82f537537640f9689d243,42
78,78.0,,78,78,4984986.296008643,,4984986.296008643,4984986.296008643,0.9969972592017285,,0.9969972592017285,0.9969972592017285,6403737.687522034,,6403737.687522034,6403737.687522034,9999.0,,9999.0,9999.0,66937.50000000007,,66937.50000000007,66937.50000000007,2574.519230769231,,2574.519230769231,2574.519230769231,14317.300798036515,,14317.300798036515,14317.300798036515,0.0,,0.0,0.0,50045.67997119425,,50045.67997119425,50045.67997119425,0.0,,0,0,253.0021621577908,,253.0021621577908,253.0021621577908,-5.684341886080802e-14,,-5.684341886080802e-14,-5.684341886080802e-14,-1.1368683772161604e-18,,-1.1368683772161604e-18,-1.1368683772161604e-18,252.97472593079402,,252.97472593079402,252.97472593079402,63.243681482698506,,63.243681482698506,63.243681482698506,177.0823081515558,,177.0823081515558,177.0823081515558,12.648736296539703,,12.648736296539703,12.648736296539703,747.5375044067437,,747.5375044067437,747.5375044067437,50000.0,,50000.0,50000.0,1.0,,1.0,1.0,0.0,,0,0,0.0,,0,0,z1-solvency-stable-v1,z1-solvency-stable-v1,ff716126acee8e14992f7047bed61363405d7c7240f82f537537640f9689d243,42
79,79.0,,79,79,4984733.070515759,,4984733.070515759,4984733.070515759,0.9969466141031519,,0.9969466141031519,0.9969466141031519,6453800.987396346,,6453800.987396346,6453800.987396346,9999.0,,9999.0,9999.0,67795.67307692315,,67795.67307692315,67795.67307692315,2574.519230769231,,2574.519230769231,2574.519230769231,14331.388898681962,,14331.388898681962,14331.388898681962,0.0,,0.0,0.0,50889.764947471886,,50889.764947471886,50889.764947471886,0.0,,0,0,253.22549288328867,,253.22549288328867,253.22549288328867,-5.684341886080802e-14,,-5.684341886080802e-14,-5.684341886080802e-14,-1.1368683772161604e-18,,-1.1368683772161604e-18,-1.1368683772161604e-18,253.19949724655584,,253.19949724655584,253.19949724655584,63.29987431163896,,63.29987431163896,63.29987431163896,177.2396480725891,,177.2396480725891,177.2396480725891,12.659974862327791,,12.659974862327791,12.659974862327791,760.1974792690714,,760.1974792690714,760.1974792690714,50000.0,,50000.0,50000.0,1.0,,1.0,1.0,0.0,,0,0,0.0,,0,0,z1-solvency-stable-v1,z1-solvency-stable-v1,ff716126acee8e14992f7047bed61363405d7c7240f82f537537640f9689d243,42
80,80.0,,80,80,4984479.632943065,,4984479.632943065,4984479.632943065,0.996895926588613,,0.996895926588613,0.996895926588613,6503864.340631013,,6503864.340631013,6503864.340631013,9999.0,,9999.0,9999.0,68653.84615384623,,68653.84615384623,68653.84615384623,2574.519230769231,,2574.519230769231,2574.519230769231,14344.770066623329,,14344.770066623329,14344.770066623329,0.0,,0.0,0.0,51734.55685645359,,51734.55685645359,51734.55685645359,0.0,,0,0,253.43757269451297,,253.43757269451297,253.43757269451297,-5.684341886080802e-14,,-5.684341886080802e-14,-5.684341886080802e-14,-1.1368683772161604e-18,,-1.1368683772161604e-18,-1.1368683772161604e-18,253.41293866360863,,253.41293866360863,253.41293866360863,63.35323466590216,,63.35323466590216,63.35323466590216,177.38905706452604,,177.38905706452604,177.38905706452604,12.670646933180432,,12.670646933180432,12.670646933180432,772.8681262022518,,772.8681262022518,772.8681262022518,50000.0,,50000.0,50000.0,1.0,,1.0,1.0,0.0,,0,0,0.0,,0,0,z1-solvency-stable-v1,z1-solvency-stable-v1,ff716126acee8e14992f7047bed61363405d7c7240f82f537537640f9689d243,42
81,81.0,,81,81,4984225.993970474,,4984225.993970474,4984225.993970474,0.9968451987940948,,0.9968451987940948,0.9968451987940948,6553927.744537472,,6553927.744537472,6553927.744537472,9999.0,,9999.0,9999.0,69512.0192307693,,69512.0192307693,69512.0192307693,2574.519230769231,,2574.519230769231,2574.519230769231,14357.479901574792,,14357.479901574792,14357.479901574792,0.0,,0.0,0.0,52580.02009842521,,52580.02009842521,52580.02009842521,0.0,,0,0,253.63897259148385,,253.63897259148385,253.63897259148385,-5.684341886080802e-14,,-5.684341886080802e-14,-5.684341886080802e-14,-1.1368683772161604e-18,,-1.1368683772161604e-18,-1.1368683772161604e-18,253.61562583824116,,253.61562583824116,253.61562583824116,63.40390645956029,,63.40390645956029,63.40390645956029,177.5309380867688,,177.5309380867688,177.5309380867688,12.680781291912059,,12.680781291912059,12.680781291912059,785.5489074941639,,785.5489074941639,785.5489074941639,50000.0,,50000.0,50000.0,1.0,,1.0,1.0,0.0,,0,0,0.0,,0,0,z1-solvency-stable-v1,z1-solvency-stable-v1,ff716126acee8e14992f7047bed61363405d7c7240f82f537537640f9689d243,42
82,82.0,,82,82,4983972.163736298,,4983972.163736298,4983972.163736298,0.9967944327472595,,0.9967944327472595,0.9967944327472595,6603991.196563653,,6603991.196563653,6603991.196563653,9999.0,,9999.0,9999.0,70370.19230769238,,70370.19230769238,70370.19230769238,2574.519230769231,,2574.519230769231,2574.519230769231,14369.552197910156,,14369.552197910156,14369.552197910156,0.0,,0.0,0.0,53426.120879012924,,53426.120879012924,53426.120879012924,0.0,,0,0,253.83023417631398,,253.83023417631398,253.83023417631398,-5.684341886080802e-14,,-5.684341886080802e-14,-5.684341886080802e-14,-1.1368683772161604e-18,,-1.1368683772161604e-18,-1.1368683772161604e-18,253.80810472358334,,253.80810472358334,253.80810472358334,63.452026180895835,,63.452026180895835,63.452026180895835,177.66567330650832,,177.66567330650832,177.66567330650832,12.690405236179167,,12.690405236179167,12.690405236179167,798.239312730343,,798.239312730343,798.239312730343,50000.0,,50000.0,50000.0,1.0,,1.0,1.0,0.0,,0,0,0.0,,0,0,z1-solvency-stable-v1,z1-solvency-stable-v1,ff716126acee8e14992f7047bed61363405d7c7240f82f537537640f9689d243,42
83,83.0,,83,83,4983718.15186509,,4983718.15186509,4983718.15186509,0.996743630373018,,0.996743630373018,0.996743630373018,6654054.69428694,,6654054.69428694,6654054.69428694,9999.0,,9999.0,9999.0,71228.36538461546,,71228.36538461546,71228.36538461546,2574.519230769231,,2574.519230769231,2574.519230769231,14381.019037472346,,14381.019037472346,14381.019037472346,0.0,,0.0,0.0,54272.82711637381,,54272.82711637381,54272.82711637381,0.0,,0,0,254.01187120826566,,254.01187120826566,254.01187120826566,-5.684341886080802e-14,,-5.684341886080802e-14,-5.684341886080802e-14,-1.1368683772161604e-18,,-1.1368683772161604e-18,-1.1368683772161604e-18,253.9908931474298,,253.9908931474298,253.9908931474298,63.49772328685745,,63.49772328685745,63.49772328685745,177.79362520320086,,177.79362520320086,177.79362520320086,12.699544657371492,,12.699544657371492,12.699544657371492,810.9388573877145,,810.9388573877145,810.9388573877145,50000.0,,50000.0,50000.0,1.0,,1.0,1.0,0.0,,0,0,0.0,,0,0,z1-solvency-stable-v1,z1-solvency-stable-v1,ff716126acee8e14992f7047bed61363405d7c7240f82f537537640f9689d243,42
84,84.0,,84,84,4983463.967494017,,4983463.967494017,4983463.967494017,0.9966927934988035,,0.9966927934988035,0.9966927934988035,6704118.2354075145,,6704118.2354075145,6704118.2354075145,9999.0,,9999.0,9999.0,72086.53846153854,,72086.53846153854,72086.53846153854,2574.519230769231,,2574.519230769231,2574.519230769231,14391.910877487146,,14391.910877487146,14391.910877487146,0.0,,0.0,0.0,55120.108353282085,,55120.108353282085,55120.108353282085,0.0,,0,0,254.18437107248369,,254.18437107248369,254.18437107248369,-5.684341886080802e-14,,-5.684341886080802e-14,-5.684341886080802e-14,-1.1368683772161604e-18,,-1.1368683772161604e-18,-1.1368683772161604e-18,254.16448230181138,,254.16448230181138,254.16448230181138,63.54112057545286,,63.54112057545286,63.54112057545286,177.915137611268,,177.915137611268,177.915137611268,12.708224115090571,,12.708224115090571,12.708224115090571,823.6470815028051,,823.6470815028051,823.6470815028051,50000.0,,50000.0,50000.0,1.0,,1.0,1.0,0.0,,0,0,0.0,,0,0,z1-solvency-stable-v1,z1-solvency-stable-v1,ff716126acee8e14992f7047bed61363405d7c7240f82f537537640f9689d243,42
85,85.0,,85,85,4983209.61929785,,4983209.61929785,4983209.61929785,0.99664192385957,,0.99664192385957,0.99664192385957,6754181.817742052,,6754181.817742052,6754181.817742052,9999.0,,9999.0,9999.0,72944.71153846162,,72944.71153846162,72944.71153846162,2574.519230769231,,2574.519230769231,2574.519230769231,14402.256633851606,,14402.256633851606,14402.256633851606,0.0,,0.0,0.0,55967.9356738407,,55967.9356738407,55967.9356738407,0.0,,0,0,254.34819616758494,,254.34819616758494,254.34819616758494,-5.684341886080802e-14,,-5.684341886080802e-14,-5.684341886080802e-14,-1.1368683772161604e-18,,-1.1368683772161604e-18,-1.1368683772161604e-18,254.32933814967677,,254.32933814967677,254.32933814967677,63.58233453741919,,63.58233453741919,63.58233453741919,178.03053670477374,,178.03053670477374,178.03053670477374,12.71646690748384,,12.71646690748384,12.71646690748384,836.363548410289,,836.363548410289,836.363548410289,50000.0,,50000.0,50000.0,1.0,,1.0,1.0,0.0,,0,0,0.0,,0,0,z1-solvency-stable-v1,z1-solvency-stable-v1,ff716126acee8e14992f7047bed61363405d7c7240f82f537537640f9689d243,42
86,86.0,,86,86,4982955.115512634,,4982955.115512634,4982955.115512634,0.9965910231025268,,0.9965910231025268,0.9965910231025268,6804245.43921774,,6804245.43921774,6804245.43921774,9999.0,,9999.0,9999.0,73802.8846153847,,73802.8846153847,73802.8846153847,2574.519230769231,,2574.519230769231,2574.519230769231,14412.083760051552,,14412.083760051552,14412.083760051552,0.0,,0.0,0.0,56816.28162456383,,56816.28162456383,56816.28162456383,0.0,,0,0,254.50378521694,,254.50378521694,254.50378521694,-5.684341886080802e-14,,-5.684341886080802e-14,-5.684341886080802e-14,-1.1368683772161604e-18,,-1.1368683772161604e-18,-1.1368683772161604e-18,254.4859027536824,,254.4859027536824,254.4859027536824,63.6214756884206,,63.6214756884206,63.6214756884206,178.14013192757767,,178.14013192757767,178.14013192757767,12.72429513768412,,12.72429513768412,12.72429513768412,849.0878435479731,,849.0878435479731,849.0878435479731,50000.0,,50000.0,50000.0,1.0,,1.0,1.0,0.0,,0,0,0.0,,0,0,z1-solvency-stable-v1,z1-solvency-stable-v1,ff716126acee8e14992f7047bed61363405d7c7240f82f537537640f9689d243,42
87,87.0,,87,87,4982700.4639581265,,4982700.4639581265,4982700.4639581265,0.9965400927916253,,0.9965400927916253,0.9965400927916253,6854309.097866623,,6854309.097866623,6854309.097866623,9999.0,,9999.0,9999.0,74661.05769230778,,74661.05769230778,74661.05769230778,2574.519230769231,,2574.519230769231,2574.519230769231,14421.418321947425,,14421.418321947425,14421.418321947425,0.0,,0.0,0.0,57665.12013959103,,57665.12013959103,57665.12013959103,0.0,,0,0,254.65155450816067,,254.65155450816067,254.65155450816067,-5.684341886080802e-14,,-5.684341886080802e-14,-5.684341886080802e-14,-1.1368683772161604e-18,,-1.1368683772161604e-18,-1.1368683772161604e-18,254.63459553175127,,254.63459553175127,254.63459553175127,63.65864888293782,,63.65864888293782,63.65864888293782,178.2442168722259,,178.2442168722259,178.2442168722259,12.731729776587564,,12.731729776587564,12.731729776587564,861.8195733245607,,861.8195733245607,861.8195733245607,50000.0,,50000.0,50000.0,1.0,,1.0,1.0,0.0,,0,0,0.0,,0,0,z1-solvency-stable-v1,z1-solvency-stable-v1,ff716126acee8e14992f7047bed61363405d7c7240f82f537537640f9689d243,42
88,88.0,,88,88,4982445.672059062,,4982445.672059062,4982445.672059062,0.9964891344118124,,0.9964891344118124,0.9964891344118124,6904372.791820234,,6904372.791820234,6904372.791820234,9999.0,,9999.0,9999.0,75519.23076923085,,75519.23076923085,75519.23076923085,2574.519230769231,,2574.519230769231,2574.519230769231,14430.285068653795,,14430.285068653795,14430.285068653795,0.0,,0.0,0.0,58514.426469807746,,58514.426469807746,58514.426469807746,0.0,,0,0,254.79189906501205,,254.79189906501205,254.79189906501205,-8.526512829121202e-14,,-8.526512829121202e-14,-8.526512829121202e-14,-1.7053025658242405e-18,,-1.7053025658242405e-18,-1.7053025658242405e-18,254.7758144437496,,254.7758144437496,254.7758144437496,63.6939536109374,,63.6939536109374,63.6939536109374,178.34307011062472,,178.34307011062472,178.34307011062472,12.738790722187481,,12.738790722187481,12.738790722187481,874.5583640467482,,874.5583640467482,874.5583640467482,50000.0,,50000.0,50000.0,1.0,,1.0,1.0,0.0,,0,0,0.0,,0,0,z1-solvency-stable-v1,z1-solvency-stable-v1,ff716126acee8e14992f7047bed61363405d7c7240f82f537537640f9689d243,42
89,89.0,,89,89,4982190.746865306,,4982190.746865306,4982190.746865306,0.9964381493730612,,0.9964381493730612,0.9964381493730612,6954436.519304513,,6954436.519304513,6954436.519304513,9999.0,,9999.0,9999.0,76377.40384615393,,76377.40384615393,76377.40384615393,2574.519230769231,,2574.519230769231,2574.519230769231,14438.707499724565,,14438.707499724565,14438.707499724565,0.0,,0.0,0.0,59364.177115660044,,59364.177115660044,59364.177115660044,0.0,,0,0,254.92519375569134,,254.92519375569134,254.92519375569134,-8.526512829121202e-14,,-8.526512829121202e-14,-8.526512829121202e-14,-1.7053025658242405e-18,,-1.7053025658242405e-18,-1.7053025658242405e-18,254.90993711334414,,254.90993711334414,254.90993711334414,63.727484278336036,,63.727484278336036,63.727484278336036,178.4369559793409,,178.4369559793409,178.4369559793409,12.74549685566721,,12.74549685566721,12.74549685566721,887.3038609024154,,887.3038609024154,887.3038609024154,50000.0,,50000.0,50000.0,1.0,,1.0,1.0,0.0,,0,0,0.0,,0,0,z1-solvency-stable-v1,z1-solvency-stable-v1,ff716126acee8e14992f7047bed61363405d7c7240f82f537537640f9689d243,42
90,90.0,,90,90,4981935.695070965,,4981935.695070965,4981935.695070965,0.9963871390141931,,0.9963871390141931,0.9963871390141931,7004500.278634986,,7004500.278634986,7004500.278634986,9999.0,,9999.0,9999.0,77235.57692307701,,77235.57692307701,77235.57692307701,2574.519230769231,,2574.519230769231,2574.519230769231,14446.707928843764,,14446.707928843764,14446.707928843764,0.0,,0.0,0.0,60214.34976346392,,60214.34976346392,60214.34976346392,0.0,,0,0,255.05179434116332,,255.05179434116332,255.05179434116332,-5.684341886080802e-14,,-5.684341886080802e-14,-5.684341886080802e-14,-1.1368683772161604e-18,,-1.1368683772161604e-18,-1.1368683772161604e-18,255.03732188883495,,255.03732188883495,255.03732188883495,63.75933047220874,,63.75933047220874,63.75933047220874,178.52612532218447,,178.52612532218447,178.52612532218447,12.751866094441748,,12.751866094441748,12.751866094441748,900.0557269968572,,900.0557269968572,900.0557269968572,50000.0,,50000.0,50000.0,1.0,,1.0,1.0,0.0,,0,0,0.0,,0,0,z1-solvency-stable-v1,z1-solvency-stable-v1,ff716126acee8e14992f7047bed61363405d7c7240f82f537537640f9689d243,42
91,91.0,,91,91,4981680.523032498,,4981680.523032498,4981680.523032498,0.9963361046064996,,0.9963361046064996,0.9963361046064996,7054564.068212198,,7054564.068212198,7054564.068212198,9999.0,,9999.0,9999.0,78093.75000000009,,78093.75000000009,78093.75000000009,2574.519230769231,,2574.519230769231,2574.519230769231,14454.307544210156,,14454.307544210156,14454.307544210156,0.0,,0.0,0.0,61064.923225020604,,61064.923225020604,61064.923225020604,0.0,,0,0,255.1720384670055,,255.1720384670055,255.1720384670055,-2.842170943040401e-14,,-2.842170943040401e-14,-2.842170943040401e-14,-5.684341886080802e-19,,-5.684341886080802e-19,-5.684341886080802e-19,255.15830884651422,,255.15830884651422,255.15830884651422,63.789577211628554,,63.789577211628554,63.789577211628554,178.61081619255998,,178.61081619255998,178.61081619255998,12.757915442325713,,12.757915442325713,12.757915442325713,912.8136424391829,,912.8136424391829,912.8136424391829,50000.0,,50000.0,50000.0,1.0,,1.0,1.0,0.0,,0,0,0.0,,0,0,z1-solvency-stable-v1,z1-solvency-stable-v1,ff716126acee8e14992f7047bed61363405d7c7240f82f537537640f9689d243,42
92,92.0,,92,92,4981425.236785896,,4981425.236785896,4981425.236785896,0.9962850473571793,,0.9962850473571793,0.9962850473571793,7104627.886517382,,7104627.886517382,7104627.886517382,9999.0,,9999.0,9999.0,78951.92307692317,,78951.92307692317,78951.92307692317,2574.519230769231,,2574.519230769231,2574.519230769231,14461.526465793242,,14461.526465793242,14461.526465793242,0.0,,0.0,0.0,61915.877380360595,,61915.877380360595,61915.877380360595,0.0,,0,0,255.2862466019972,,255.2862466019972,255.2862466019972,-2.842170943040401e-14,,-2.842170943040401e-14,-2.842170943040401e-14,-5.684341886080802e-19,,-5.684341886080802e-19,-5.684341886080802e-19,255.27322073987204,,255.27322073987204,255.27322073987204,63.81830518496801,,63.81830518496801,63.81830518496801,178.69125451791044,,178.69125451791044,178.69125451791044,12.763661036993602,,12.763661036993602,12.763661036993602,925.5773034761764,,925.5773034761764,925.5773034761764,50000.0,,50000.0,50000.0,1.0,,1.0,1.0,0.0,,0,0,0.0,,0,0,z1-solvency-stable-v1,z1-solvency-stable-v1,ff716126acee8e14992f7047bed61363405d7c7240f82f537537640f9689d243,42
93,93.0,,93,93,4981169.842062969,,4981169.842062969,4981169.842062969,0.9962339684125937,,0.9962339684125937,0.9962339684125937,7154691.732108356,,7154691.732108356,7154691.732108356,9999.0,,9999.0,9999.0,79810.09615384624,,79810.09615384624,79810.09615384624,2574.519230769231,,2574.519230769231,2574.519230769231,14468.383799628036,,14468.383799628036,14468.383799628036,0.0,,0.0,0.0,62767.19312344888,,62767.19312344888,62767.19312344888,0.0,,0,0,255.39472292648472,,255.39472292648472,255.39472292648472,-2.842170943040401e-14,,-2.842170943040401e-14,-2.842170943040401e-14,-5.684341886080802e-19,,-5.684341886080802e-19,-5.684341886080802e-19,255.38236389775977,,255.38236389775977,255.38236389775977,63.84559097443994,,63.84559097443994,63.84559097443994,178.76765472843184,,178.76765472843184,178.76765472843184,12.769118194887989,,12.769118194887989,12.769118194887989,938.3464216710645,,938.3464216710645,938.3464216710645,50000.0,,50000.0,50000.0,1.0,,1.0,1.0,0.0,,0,0,0.0,,0,0,z1-solvency-stable-v1,z1-solvency-stable-v1,ff716126acee8e14992f7047bed61363405d7c7240f82f537537640f9689d243,42
94,94.0,,94,94,4980914.344306796,,4980914.344306796,4980914.344306796,0.9961828688613592,,0.9961828688613592,0.9961828688613592,7204755.603615624,,7204755.603615624,7204755.603615624,9999.0,,9999.0,9999.0,80668.26923076932,,80668.26923076932,80668.26923076932,2574.519230769231,,2574.519230769231,2574.519230769231,14474.897689306563,,14474.897689306563,14474.897689306563,0.0,,0.0,0.0,63618.85231069342,,63618.85231069342,63618.85231069342,0.0,,0,0,255.4977561733645,,255.4977561733645,255.4977561733645,-2.842170943040401e-14,,-2.842170943040401e-14,-2.842170943040401e-14,-5.684341886080802e-19,,-5.684341886080802e-19,-5.684341886080802e-19,255.4860290744238,,255.4860290744238,255.4860290744238,63.87150726860595,,63.87150726860595,63.87150726860595,178.84022035209665,,178.84022035209665,178.84022035209665,12.77430145372119,,12.77430145372119,12.77430145372119,951.1207231247856,,951.1207231247856,951.1207231247856,50000.0,,50000.0,50000.0,1.0,,1.0,1.0,0.0,,0,0,0.0,,0,0,z1-solvency-stable-v1,z1-solvency-stable-v1,ff716126acee8e14992f7047bed61363405d7c7240f82f537537640f9689d243,42
95,95.0,,95,95,4980658.748686371,,4980658.748686371,4980658.748686371,0.9961317497372743,,0.9961317497372743,0.9961317497372743,7254819.499738687,,7254819.499738687,7254819.499738687,9999.0,,9999.0,9999.0,81526.4423076924,,81526.4423076924,81526.4423076924,2574.519230769231,,2574.519230769231,2574.519230769231,14481.085364815133,,14481.085364815133,14481.085364815133,0.0,,0.0,0.0,64470.83771210793,,64470.83771210793,64470.83771210793,0.0,,0,0,255.5956204243516,,255.5956204243516,255.5956204243516,-2.842170943040401e-14,,-2.842170943040401e-14,-2.842170943040401e-14,-5.684341886080802e-19,,-5.684341886080802e-19,-5.684341886080802e-19,255.5844922541422,,255.5844922541422,255.5844922541422,63.89612306353555,,63.89612306353555,63.89612306353555,178.90914457789955,,178.90914457789955,178.90914457789955,12.779224612707111,,12.779224612707111,12.779224612707111,963.8999477374928,,963.8999477374928,963.8999477374928,50000.0,,50000.0,50000.0,1.0,,1.0,1.0,0.0,,0,0,0.0,,0,0,z1-solvency-stable-v1,z1-solvency-stable-v1,ff716126acee8e14992f7047bed61363405d7c7240f82f537537640f9689d243,42
96,96.0,,96,96,4980403.0601105075,,4980403.0601105075,4980403.0601105075,0.9960806120221015,,0.9960806120221015,0.9960806120221015,7304883.41924254,,7304883.41924254,7304883.41924254,9999.0,,9999.0,9999.0,82384.61538461548,,82384.61538461548,82384.61538461548,2574.519230769231,,2574.519230769231,2574.519230769231,14486.963188858084,,14486.963188858084,14486.963188858084,0.0,,0.0,0.0,65323.13296498805,,65323.13296498805,65323.13296498805,0.0,,0,0,255.68857586403755,,255.68857586403755,255.68857586403755,-2.842170943040401e-14,,-2.842170943040401e-14,-2.842170943040401e-14,-5.684341886080802e-19,,-5.684341886080802e-19,-5.684341886080802e-19,255.6780154130248,,255.6780154130248,255.6780154130248,63.9195038532562,,63.9195038532562,63.9195038532562,178.9746107891174,,178.9746107891174,178.9746107891174,12.783900770651242,,12.783900770651242,12.783900770651242,976.683848508144,,976.683848508144,976.683848508144,50000.0,,50000.0,50000.0,1.0,,1.0,1.0,0.0,,0,0,0.0,,0,0,z1-solvency-stable-v1,z1-solvency-stable-v1,ff716126acee8e14992f7047bed61363405d7c7240f82f537537640f9689d243,42
97,97.0,,97,97,4980147.283241014,,4980147.283241014,4980147.283241014,0.9960294566482027,,0.9960294566482027,0.9960294566482027,7354947.360954351,,7354947.360954351,7354947.360954351,9999.0,,9999.0,9999.0,83242.78846153856,,83242.78846153856,83242.78846153856,2574.519230769231,,2574.519230769231,2574.519230769231,14492.546700800869,,14492.546700800869,14492.546700800869,0.0,,0.0,0.0,66175.72252996835,,66175.72252996835,66175.72252996835,0.0,,0,0,255.77686949408817,,255.77686949408817,255.77686949408817,-5.684341886080802e-14,,-5.684341886080802e-14,-5.684341886080802e-14,-1.1368683772161604e-18,,-1.1368683772161604e-18,-1.1368683772161604e-18,255.76684724038194,,255.76684724038194,255.76684724038194,63.941711810095484,,63.941711810095484,63.941711810095484,179.03679306826734,,179.03679306826734,179.03679306826734,12.788342362019097,,12.788342362019097,12.788342362019097,989.4721908701631,,989.4721908701631,989.4721908701631,50000.0,,50000.0,50000.0,1.0,,1.0,1.0,0.0,,0,0,0.0,,0,0,z1-solvency-stable-v1,z1-solvency-stable-v1,ff716126acee8e14992f7047bed61363405d7c7240f82f537537640f9689d243,42
98,98.0,,98,98,4979891.422505205,,4979891.422505205,4979891.422505205,0.9959782845010409,,0.9959782845010409,0.9959782845010409,7405011.323760306,,7405011.323760306,7405011.323760306,9999.0,,9999.0,9999.0,84100.96153846163,,84100.96153846163,84100.96153846163,2574.519230769231,,2574.519230769231,2574.519230769231,14497.850658357971,,14497.850658357971,14497.850658357971,0.0,,0.0,0.0,67028.59164933432,,67028.59164933432,67028.59164933432,0.0,,0,0,255.8607358097922,,255.8607358097922,255.8607358097922,-5.684341886080802e-14,,-5.684341886080802e-14,-5.684341886080802e-14,-1.1368683772161604e-18,,-1.1368683772161604e-18,-1.1368683772161604e-18,255.85122382191904,,255.85122382191904,255.85122382191904,63.96280595547976,,63.96280595547976,63.96280595547976,179.09585667534333,,179.09585667534333,179.09585667534333,12.792561191095952,,12.792561191095952,12.792561191095952,1002.2647520612592,,1002.2647520612592,1002.2647520612592,50000.0,,50000.0,50000.0,1.0,,1.0,1.0,0.0,,0,0,0.0,,0,0,z1-solvency-stable-v1,z1-solvency-stable-v1,ff716126acee8e14992f7047bed61363405d7c7240f82f537537640f9689d243,42
99,99.0,,99,99,4979635.482107764,,4979635.482107764,4979635.482107764,0.9959270964215529,,0.9959270964215529,0.9959270964215529,7455075.306602628,,7455075.306602628,7455075.306602628,9999.0,,9999.0,9999.0,84959.13461538471,,84959.13461538471,84959.13461538471,2574.519230769231,,2574.519230769231,2574.519230769231,14502.889077144258,,14502.889077144258,14502.889077144258,0.0,,0.0,0.0,67881.72630747111,,67881.72630747111,67881.72630747111,0.0,,0,0,255.94039744103674,,255.94039744103674,255.94039744103674,-8.526512829121202e-14,,-8.526512829121202e-14,-8.526512829121202e-14,-1.7053025658242405e-18,,-1.7053025658242405e-18,-1.7053025658242405e-18,255.93136928687773,,255.93136928687773,255.93136928687773,63.98284232171943,,63.98284232171943,63.98284232171943,179.1519585008144,,179.1519585008144,179.1519585008144,12.796568464343888,,12.796568464343888,12.796568464343888,1015.061320525603,,1015.061320525603,1015.061320525603,50000.0,,50000.0,50000.0,1.0,,1.0,1.0,0.0,,0,0,0.0,,0,0,z1-solvency-stable-v1,z1-solvency-stable-v1,ff716126acee8e14992f7047bed61363405d7c7240f82f537537640f9689d243,42
100,100.0,,100,100,4979379.4660420045,,4979379.4660420045,4979379.4660420045,0.9958758932084009,,0.9958758932084009,0.9958758932084009,7505139.308476734,,7505139.308476734,7505139.308476734,9999.0,,9999.0,9999.0,85817.30769230779,,85817.30769230779,85817.30769230779,2574.519230769231,,2574.519230769231,2574.519230769231,14507.675268201787,,14507.675268201787,14507.675268201787,0.0,,0.0,0.0,68735.11319333666,,68735.11319333666,68735.11319333666,0.0,,0,0,256.016065759665,,256.016065759665,256.016065759665,-1.1368683772161603e-13,,-1.1368683772161603e-13,-1.1368683772161603e-13,-2.2737367544323208e-18,,-2.2737367544323208e-18,-2.2737367544323208e-18,256.0074964211167,,256.0074964211167,256.0074964211167,64.00187410527917,,64.00187410527917,64.00187410527917,179.2052474947817,,179.2052474947817,179.2052474947817,12.800374821055836,,12.800374821055836,12.800374821055836,1027.861695346659,,1027.861695346659,1027.861695346659,50000.0,,50000.0,50000.0,1.0,,1.0,1.0,0.0,,0,0,0.0,,0,0,z1-solvency-stable-v1,z1-solvency-stable-v1,ff716126acee8e14992f7047bed61363405d7c7240f82f537537640f9689d243,42
101,101.0,,101,101,4979123.37810055,,4979123.37810055,4979123.37810055,0.99582467562011,,0.99582467562011,0.99582467562011,7555203.328428546,,7555203.328428546,7555203.328428546,9999.0,,9999.0,9999.0,86675.48076923087,,86675.48076923087,86675.48076923087,2574.519230769231,,2574.519230769231,2574.519230769231,14512.221873608021,,14512.221873608021,14512.221873608021,0.0,,0.0,0.0,69588.73966485349,,69588.73966485349,69588.73966485349,0.0,,0,0,256.087941455053,,256.087941455053,256.087941455053,-8.526512829121202e-14,,-8.526512829121202e-14,-8.526512829121202e-14,-1.7053025658242405e-18,,-1.7053025658242405e-18,-1.7053025658242405e-18,256.0798072480067,,256.0798072480067,256.0798072480067,64.01995181200168,,64.01995181200168,64.01995181200168,179.25586507360467,,179.25586507360467,179.25586507360467,12.803990362400334,,12.803990362400334,12.803990362400334,1040.6656857090595,,1040.6656857090595,1040.6656857090595,50000.0,,50000.0,50000.0,1.0,,1.0,1.0,0.0,,0,0,0.0,,0,0,z1-solvency-stable-v1,z1-solvency-stable-v1,ff716126acee8e14992f7047bed61363405d7c7240f82f537537640f9689d243,42
102,102.0,,102,102,4978867.22188547,,4978867.22188547,4978867.22188547,0.9957734443770939,,0.9957734443770939,0.9957734443770939,7605267.365551941,,7605267.365551941,7605267.365551941,9999.0,,9999.0,9999.0,87533.65384615395,,87533.65384615395,87533.65384615395,2574.519230769231,,2574.519230769231,2574.519230769231,14516.54090026564,,14516.54090026564,14516.54090026564,0.0,,0.0,0.0,70442.59371511896,,70442.59371511896,70442.59371511896,0.0,,0,0,256.1562150796374,,256.1562150796374,256.1562150796374,-8.526512829121202e-14,,-8.526512829121202e-14,-8.526512829121202e-14,-1.7053025658242405e-18,,-1.7053025658242405e-18,-1.7053025658242405e-18,256.1484935789034,,256.1484935789034,256.1484935789034,64.03712339472584,,64.03712339472584,64.03712339472584,179.30394550523238,,179.30394550523238,179.30394550523238,12.807424678945168,,12.807424678945168,12.807424678945168,1053.473110388005,,1053.473110388005,1053.473110388005,50000.0,,50000.0,50000.0,1.0,,1.0,1.0,0.0,,0,0,0.0,,0,0,z1-solvency-stable-v1,z1-solvency-stable-v1,ff716126acee8e14992f7047bed61363405d7c7240f82f537537640f9689d243,42
103,103.0,,103,103,4978611.000817903,,4978611.000817903,4978611.000817903,0.9957222001635807,,0.9957222001635807,0.9957222001635807,7655331.418986325,,7655331.418986325,7655331.418986325,9999.0,,9999.0,9999.0,88391.82692307702,,88391.82692307702,88391.82692307702,2574.519230769231,,2574.519230769231,2574.519230769231,14520.643751968635,,14520.643751968635,14520.643751968635,0.0,,0.0,0.0,71296.66394033904,,71296.66394033904,71296.66394033904,0.0,,0,0,256.2210675660241,,256.2210675660241,256.2210675660241,-8.526512829121202e-14,,-8.526512829121202e-14,-8.526512829121202e-14,-1.7053025658242405e-18,,-1.7053025658242405e-18,-1.7053025658242405e-18,256.21373753485716,,256.21373753485716,256.21373753485716,64.05343438371429,,64.05343438371429,64.05343438371429,179.34961627439998,,179.34961627439998,179.34961627439998,12.810686876742857,,12.810686876742857,12.810686876742857,1066.2837972647478,,1066.2837972647478,1066.2837972647478,50000.0,,50000.0,50000.0,1.0,,1.0,1.0,0.0,,0,0,0.0,,0,0,z1-solvency-stable-v1,z1-solvency-stable-v1,ff716126acee8e14992f7047bed61363405d7c7240f82f537537640f9689d243,42
104,104.0,,104,104,4978354.718147187,,4978354.718147187,4978354.718147187,0.9956709436294373,,0.9956709436294373,0.9956709436294373,7705395.487914335,,7705395.487914335,7705395.487914335,9999.0,,9999.0,9999.0,89250.0000000001,,89250.0000000001,89250.0000000001,2574.519230769231,,2574.519230769231,2574.519230769231,14524.541259834337,,14524.541259834337,14524.541259834337,0.0,,0.0,0.0,72150.93950939641,,72150.93950939641,72150.93950939641,0.0,,0,0,256.2826707172127,,256.2826707172127,256.2826707172127,-8.526512829121202e-14,,-8.526512829121202e-14,-8.526512829121202e-14,-1.7053025658242405e-18,,-1.7053025658242405e-18,-1.7053025658242405e-18,256.2757120411229,,256.2757120411229,256.2757120411229,64.06892801028073,,64.06892801028073,64.06892801028073,179.39299842878603,,179.39299842878603,179.39299842878603,12.813785602056146,,12.813785602056146,12.813785602056146,1079.097582866804,,1079.097582866804,1079.097582866804,50000.0,,50000.0,50000.0,1.0,,1.0,1.0,0.0,,0,0,0.0,,0,0,z1-solvency-stable-v1,z1-solvency-stable-v1,ff716126acee8e14992f7047bed61363405d7c7240f82f537537640f9689d243,42
