iteration_time,epoch_mean,epoch_std,epoch_min,epoch_max,audience_reserve_mean,audience_reserve_std,audience_reserve_min,audience_reserve_max,reserve_ratio_mean,reserve_ratio_std,reserve_ratio_min,reserve_ratio_max,treasury_mean,treasury_std,treasury_min,treasury_max,treasury_runway_estimate_mean,treasury_runway_estimate_std,treasury_runway_estimate_min,treasury_runway_estimate_max,total_claims_issued_mean,total_claims_issued_std,total_claims_issued_min,total_claims_issued_max,total_claims_vesting_mean,total_claims_vesting_std,total_claims_vesting_min,total_claims_vesting_max,total_claims_available_mean,total_claims_available_std,total_claims_available_min,total_claims_available_max,total_claims_queued_mean,total_claims_queued_std,total_claims_queued_min,total_claims_queued_max,total_claims_settled_mean,total_claims_settled_std,total_claims_settled_min,total_claims_settled_max,settlement_requested_epoch_mean,settlement_requested_epoch_std,settlement_requested_epoch_min,settlement_requested_epoch_max,settlement_executed_epoch_mean,settlement_executed_epoch_std,settlement_executed_epoch_min,settlement_executed_epoch_max,settlement_queue_mean,settlement_queue_std,settlement_queue_min,settlement_queue_max,settlement_pressure_ratio_mean,settlement_pressure_ratio_std,settlement_pressure_ratio_min,settlement_pressure_ratio_max,utility_spend_epoch_mean,utility_spend_epoch_std,utility_spend_epoch_min,utility_spend_epoch_max,treasury_fees_epoch_mean,treasury_fees_epoch_std,treasury_fees_epoch_min,treasury_fees_epoch_max,provider_payments_epoch_mean,provider_payments_epoch_std,provider_payments_epoch_min,provider_payments_epoch_max,tokens_burned_epoch_mean,tokens_burned_epoch_std,tokens_burned_epoch_min,tokens_burned_epoch_max,cumulative_tokens_burned_mean,cumulative_tokens_burned_std,cumulative_tokens_burned_min,cumulative_tokens_burned_max,ecosystem_inflow_epoch_mean,ecosystem_inflow_epoch_std,ecosystem_inflow_epoch_min,ecosystem_inflow_epoch_max,throttle_multiplier_mean,throttle_multiplier_std,throttle_multiplier_min,throttle_multiplier_max,throttle_active_mean,throttle_active_std,throttle_active_min,throttle_active_max,reserve_floor_breach_mean,reserve_floor_breach_std,reserve_floor_breach_min,reserve_floor_breach_max,run_id,scenario_id,config_hash,seed
0,0.0,,0,0,5000000.0,,5000000.0,5000000.0,1.0,,1.0,1.0,2500000.0,,2500000.0,2500000.0,9999.0,,9999.0,9999.0,0.0,,0.0,0.0,0.0,,0.0,0.0,0.0,,0.0,0.0,0.0,,0.0,0.0,0.0,,0.0,0.0,0.0,,0,0,0.0,,0.0,0.0,0.0,,0.0,0.0,0.0,,0.0,0.0,0.0,,0.0,0.0,0.0,,0.0,0.0,0.0,,0.0,0.0,0.0,,0.0,0.0,0.0,,0.0,0.0,0.0,,0.0,0.0,1.0,,1.0,1.0,0.0,,0,0,0.0,,0,0,z1-solvency-baseline-v1,z1-solvency-baseline-v1,870c15db421a318ead7a02d6c9cf4bd2596f212c89978d7484a1c190ce8b70cb,42
1,1.0,,1,1,5000000.0,,5000000.0,5000000.0,1.0,,1.0,1.0,2525000.0,,2525000.0,2525000.0,9999.0,,9999.0,9999.0,1817.3076923076926,,1817.3076923076926,1817.3076923076926,1817.3076923076926,,1817.3076923076926,1817.3076923076926,0.0,,0.0,0.0,0.0,,0.0,0.0,0.0,,0.0,0.0,0.0,,0,0,0.0,,0.0,0.0,0.0,,0.0,0.0,0.0,,0.0,0.0,0.0,,0.0,0.0,0.0,,0.0,0.0,0.0,,0.0,0.0,0.0,,0.0,0.0,0.0,,0.0,0.0,25000.0,,25000.0,25000.0,1.0,,1.0,1.0,0.0,,0,0,0.0,,0,0,z1-solvency-baseline-v1,z1-solvency-baseline-v1,870c15db421a318ead7a02d6c9cf4bd2596f212c89978d7484a1c190ce8b70cb,42
2,2.0,,2,2,5000000.0,,5000000.0,5000000.0,1.0,,1.0,1.0,2550000.0,,2550000.0,2550000.0,9999.0,,9999.0,9999.0,3634.615384615385,,3634.615384615385,3634.615384615385,3634.615384615385,,3634.615384615385,3634.615384615385,0.0,,0.0,0.0,0.0,,0.0,0.0,0.0,,0.0,0.0,0.0,,0,0,0.0,,0.0,0.0,0.0,,0.0,0.0,0.0,,0.0,0.0,0.0,,0.0,0.0,0.0,,0.0,0.0,0.0,,0.0,0.0,0.0,,0.0,0.0,0.0,,0.0,0.0,25000.0,,25000.0,25000.0,1.0,,1.0,1.0,0.0,,0,0,0.0,,0,0,z1-solvency-baseline-v1,z1-solvency-baseline-v1,870c15db421a318ead7a02d6c9cf4bd2596f212c89978d7484a1c190ce8b70cb,42
3,3.0,,3,3,5000000.0,,5000000.0,5000000.0,1.0,,1.0,1.0,2575000.0,,2575000.0,2575000.0,9999.0,,9999.0,9999.0,5451.923076923078,,5451.923076923078,5451.923076923078,5451.923076923078,,5451.923076923078,5451.923076923078,0.0,,0.0,0.0,0.0,,0.0,0.0,0.0,,0.0,0.0,0.0,,0,0,0.0,,0.0,0.0,0.0,,0.0,0.0,0.0,,0.0,0.0,0.0,,0.0,0.0,0.0,,0.0,0.0,0.0,,0.0,0.0,0.0,,0.0,0.0,0.0,,0.0,0.0,25000.0,,25000.0,25000.0,1.0,,1.0,1.0,0.0,,0,0,0.0,,0,0,z1-solvency-baseline-v1,z1-solvency-baseline-v1,870c15db421a318ead7a02d6c9cf4bd2596f212c89978d7484a1c190ce8b70cb,42
4,4.0,,4,4,4999964.814759615,,4999964.814759615,4999964.814759615,0.999992962951923,,0.999992962951923,0.999992962951923,2600004.5091471155,,2600004.5091471155,2600004.5091471155,9999.0,,9999.0,9999.0,7269.230769230771,,7269.230769230771,7269.230769230771,5451.923076923078,,5451.923076923078,5451.923076923078,1481.2500000000002,,1481.2500000000002,1481.2500000000002,0.0,,0.0,0.0,336.0576923076923,,336.0576923076923,336.0576923076923,0.0,,0,0,35.18524038461538,,35.18524038461538,35.18524038461538,0.0,,0.0,0.0,0.0,,0.0,0.0,22.54573557692308,,22.54573557692308,22.54573557692308,4.509147115384616,,4.509147115384616,4.509147115384616,16.90930168269231,,16.90930168269231,16.90930168269231,1.127286778846154,,1.127286778846154,1.127286778846154,1.127286778846154,,1.127286778846154,1.127286778846154,25000.0,,25000.0,25000.0,1.0,,1.0,1.0,0.0,,0,0,0.0,,0,0,z1-solvency-baseline-v1,z1-solvency-baseline-v1,870c15db421a318ead7a02d6c9cf4bd2596f212c89978d7484a1c190ce8b70cb,42
5,5.0,,5,5,4999901.700290864,,4999901.700290864,4999901.700290864,0.9999803400581728,,0.9999803400581728,0.9999803400581728,2625014.015655433,,2625014.015655433,2625014.015655433,9999.0,,9999.0,9999.0,9086.538461538465,,9086.538461538465,9086.538461538465,5451.923076923078,,5451.923076923078,5451.923076923078,2695.7451923076924,,2695.7451923076924,2695.7451923076924,0.0,,0.0,0.0,938.8701923076924,,938.8701923076924,938.8701923076924,0.0,,0,0,63.114468750000015,,63.114468750000015,63.114468750000015,0.0,,0.0,0.0,0.0,,0.0,0.0,47.53254158653847,,47.53254158653847,47.53254158653847,9.506508317307695,,9.506508317307695,9.506508317307695,35.64940618990385,,35.64940618990385,35.64940618990385,2.3766270793269237,,2.3766270793269237,2.3766270793269237,3.5039138581730778,,3.5039138581730778,3.5039138581730778,25000.0,,25000.0,25000.0,1.0,,1.0,1.0,0.0,,0,0,0.0,,0,0,z1-solvency-baseline-v1,z1-solvency-baseline-v1,870c15db421a318ead7a02d6c9cf4bd2596f212c89978d7484a1c190ce8b70cb,42
6,6.0,,6,6,4999816.234511418,,4999816.234511418,4999816.234511418,0.9999632469022837,,0.9999632469022837,0.9999632469022837,2650028.086270815,,2650028.086270815,2650028.086270815,9999.0,,9999.0,9999.0,10903.846153846158,,10903.846153846158,10903.846153846158,5451.923076923078,,5451.923076923078,5451.923076923078,3696.760817307693,,3696.760817307693,3696.760817307693,0.0,,0.0,0.0,1755.162259615385,,1755.162259615385,1755.162259615385,0.0,,0,0,85.4657794471154,,85.4657794471154,85.4657794471154,-7.105427357601002e-15,,-7.105427357601002e-15,-7.105427357601002e-15,-1.4210854715202005e-19,,-1.4210854715202005e-19,-1.4210854715202005e-19,70.35307691105771,,70.35307691105771,70.35307691105771,14.070615382211543,,14.070615382211543,14.070615382211543,52.76480768329328,,52.76480768329328,52.76480768329328,3.5176538455528856,,3.5176538455528856,3.5176538455528856,7.021567703725964,,7.021567703725964,7.021567703725964,25000.0,,25000.0,25000.0,1.0,,1.0,1.0,0.0,,0,0,0.0,,0,0,z1-solvency-baseline-v1,z1-solvency-baseline-v1,870c15db421a318ead7a02d6c9cf4bd2596f212c89978d7484a1c190ce8b70cb,42
7,7.0,,7,7,4999712.7449226985,,4999712.7449226985,4999712.7449226985,0.9999425489845397,,0.9999425489845397,0.9999425489845397,2675046.0980049814,,2675046.0980049814,2675046.0980049814,9999.0,,9999.0,9999.0,12721.153846153851,,12721.153846153851,12721.153846153851,5451.923076923078,,5451.923076923078,5451.923076923078,4525.629266826923,,4525.629266826923,4525.629266826923,0.0,,0.0,0.0,2743.6015024038466,,2743.6015024038466,2743.6015024038466,0.0,,0,0,103.48958871995194,,103.48958871995194,103.48958871995194,0.0,,0.0,0.0,0.0,,0.0,0.0,90.05867083233174,,90.05867083233174,90.05867083233174,18.01173416646635,,18.01173416646635,18.01173416646635,67.5440031242488,,67.5440031242488,67.5440031242488,4.502933541616588,,4.502933541616588,4.502933541616588,11.52450124534255,,11.52450124534255,11.52450124534255,25000.0,,25000.0,25000.0,1.0,,1.0,1.0,0.0,,0,0,0.0,,0,0,z1-solvency-baseline-v1,z1-solvency-baseline-v1,870c15db421a318ead7a02d6c9cf4bd2596f212c89978d7484a1c190ce8b70cb,42
8,8.0,,8,8,4999594.619583043,,4999594.619583043,4999594.619583043,0.9999189239166086,,0.9999189239166086,0.9999189239166086,2700067.4350604084,,2700067.4350604084,2700067.4350604084,9999.0,,9999.0,9999.0,14538.461538461544,,14538.461538461544,14538.461538461544,5451.923076923078,,5451.923076923078,5451.923076923078,5214.710219350962,,5214.710219350962,5214.710219350962,0.0,,0.0,0.0,3871.828242187501,,3871.828242187501,3871.828242187501,0.0,,0,0,118.12533965534857,,118.12533965534857,118.12533965534857,0.0,,0.0,0.0,0.0,,0.0,0.0,106.68527713530649,,106.68527713530649,106.68527713530649,21.337055427061298,,21.337055427061298,21.337055427061298,80.01395785147986,,80.01395785147986,80.01395785147986,5.334263856765324,,5.334263856765324,5.334263856765324,16.858765102107874,,16.858765102107874,16.858765102107874,25000.0,,25000.0,25000.0,1.0,,1.0,1.0,0.0,,0,0,0.0,,0,0,z1-solvency-baseline-v1,z1-solvency-baseline-v1,870c15db421a318ead7a02d6c9cf4bd2596f212c89978d7484a1c190ce8b70cb,42
9,9.0,,9,9,4999464.534588635,,4999464.534588635,4999464.534588635,0.999892906917727,,0.999892906917727,0.999892906917727,2725091.5465554665,,2725091.5465554665,2725091.5465554665,9999.0,,9999.0,9999.0,16355.769230769238,,16355.769230769238,16355.769230769238,5451.923076923078,,5451.923076923078,5451.923076923078,5789.563332782453,,5789.563332782453,5789.563332782453,0.0,,0.0,0.0,5114.282821063703,,5114.282821063703,5114.282821063703,0.0,,0,0,130.0849944083384,,130.0849944083384,130.0849944083384,1.4210854715202004e-14,,1.4210854715202004e-14,1.4210854715202004e-14,2.842170943040401e-19,,2.842170943040401e-19,2.842170943040401e-19,120.55747528797028,,120.55747528797028,120.55747528797028,24.111495057594055,,24.111495057594055,24.111495057594055,90.41810646597771,,90.41810646597771,90.41810646597771,6.027873764398514,,6.027873764398514,6.027873764398514,22.886638866506384,,22.886638866506384,22.886638866506384,25000.0,,25000.0,25000.0,1.0,,1.0,1.0,0.0,,0,0,0.0,,0,0,z1-solvency-baseline-v1,z1-solvency-baseline-v1,870c15db421a318ead7a02d6c9cf4bd2596f212c89978d7484a1c190ce8b70cb,42
10,10.0,,10,10,4999324.621595675,,4999324.621595675,4999324.621595675,0.999864924319135,,0.999864924319135,0.999864924319135,2750117.9602956222,,2750117.9602956222,2750117.9602956222,9999.0,,9999.0,9999.0,18173.07692307693,,18173.07692307693,18173.07692307693,5451.923076923078,,5451.923076923078,5451.923076923078,6270.54826521184,,6270.54826521184,6270.54826521184,0.0,,0.0,0.0,6450.605580942009,,6450.605580942009,6450.605580942009,0.0,,0,0,139.9129929592586,,139.9129929592586,139.9129929592586,0.0,,0.0,0.0,0.0,,0.0,0.0,132.06870077756906,,132.06870077756906,132.06870077756906,26.413740155513814,,26.413740155513814,26.413740155513814,99.05152558317678,,99.05152558317678,99.05152558317678,6.6034350388784535,,6.6034350388784535,6.6034350388784535,29.490073905384836,,29.490073905384836,29.490073905384836,25000.0,,25000.0,25000.0,1.0,,1.0,1.0,0.0,,0,0,0.0,,0,0,z1-solvency-baseline-v1,z1-solvency-baseline-v1,870c15db421a318ead7a02d6c9cf4bd2596f212c89978d7484a1c190ce8b70cb,42
11,11.0,,11,11,4999176.592095423,,4999176.592095423,4999176.592095423,0.9998353184190845,,0.9998353184190845,0.9998353184190845,2775146.280400922,,2775146.280400922,2775146.280400922,9999.0,,9999.0,9999.0,19990.384615384617,,19990.384615384617,19990.384615384617,5451.923076923078,,5451.923076923078,5451.923076923078,6674.011638007438,,6674.011638007438,6674.011638007438,0.0,,0.0,0.0,7864.449900454102,,7864.449900454102,7864.449900454102,0.0,,0,0,148.0295002529163,,148.0295002529163,148.0295002529163,1.4210854715202004e-14,,1.4210854715202004e-14,1.4210854715202004e-14,2.842170943040401e-19,,2.842170943040401e-19,2.842170943040401e-19,141.60052649615034,,141.60052649615034,141.60052649615034,28.32010529923007,,28.32010529923007,28.32010529923007,106.20039487211277,,106.20039487211277,106.20039487211277,7.080026324807518,,7.080026324807518,7.080026324807518,36.57010023019235,,36.57010023019235,36.57010023019235,25000.0,,25000.0,25000.0,1.0,,1.0,1.0,0.0,,0,0,0.0,,0,0,z1-solvency-baseline-v1,z1-solvency-baseline-v1,870c15db421a318ead7a02d6c9cf4bd2596f212c89978d7484a1c190ce8b70cb,42
12,12.0,,12,12,4999021.830339914,,4999021.830339914,4999021.830339914,0.9998043660679828,,0.9998043660679828,0.9998043660679828,2800176.1789609324,,2800176.1789609324,2800176.1789609324,9999.0,,9999.0,9999.0,21807.692307692305,,21807.692307692305,21807.692307692305,5451.923076923078,,5451.923076923078,5451.923076923078,7013.174578561468,,7013.174578561468,7013.174578561468,0.0,,0.0,0.0,9342.594652207765,,9342.594652207765,9342.594652207765,0.0,,0,0,154.76175550860845,,154.76175550860845,154.76175550860845,2.842170943040401e-14,,2.842170943040401e-14,2.842170943040401e-14,5.684341886080802e-19,,5.684341886080802e-19,5.684341886080802e-19,149.4928000508795,,149.4928000508795,149.4928000508795,29.8985600101759,,29.8985600101759,29.8985600101759,112.11960003815962,,112.11960003815962,112.11960003815962,7.474640002543975,,7.474640002543975,7.474640002543975,44.04474023273632,,44.04474023273632,44.04474023273632,25000.0,,25000.0,25000.0,1.0,,1.0,1.0,0.0,,0,0,0.0,,0,0,z1-solvency-baseline-v1,z1-solvency-baseline-v1,870c15db421a318ead7a02d6c9cf4bd2596f212c89978d7484a1c190ce8b70cb,42
13,13.0,,13,13,4998861.463414532,,4998861.463414532,4998861.463414532,0.9997722926829065,,0.9997722926829065,0.9997722926829065,2825207.386056667,,2825207.386056667,2825207.386056667,9999.0,,9999.0,9999.0,23624.999999999993,,23624.999999999993,23624.999999999993,5451.923076923078,,5451.923076923078,5451.923076923078,7298.801990244088,,7298.801990244088,7298.801990244088,0.0,,0.0,0.0,10874.274932832837,,10874.274932832837,10874.274932832837,0.0,,0,0,160.36692538144507,,160.36692538144507,160.36692538144507,2.842170943040401e-14,,2.842170943040401e-14,2.842170943040401e-14,5.684341886080802e-19,,5.684341886080802e-19,5.684341886080802e-19,156.0354786747302,,156.0354786747302,156.0354786747302,31.207095734946044,,31.207095734946044,31.207095734946044,117.02660900604765,,117.02660900604765,117.02660900604765,7.801773933736511,,7.801773933736511,7.801773933736511,51.84651416647284,,51.84651416647284,51.84651416647284,25000.0,,25000.0,25000.0,1.0,,1.0,1.0,0.0,,0,0,0.0,,0,0,z1-solvency-baseline-v1,z1-solvency-baseline-v1,870c15db421a318ead7a02d6c9cf4bd2596f212c89978d7484a1c190ce8b70cb,42
14,14.0,,14,14,4998696.414545675,,4998696.414545675,4998696.414545675,0.9997392829091349,,0.9997392829091349,0.9997392829091349,2850239.680072482,,2850239.680072482,2850239.680072482,9999.0,,9999.0,9999.0,25442.30769230768,,25442.30769230768,25442.30769230768,5451.923076923078,,5451.923076923078,5451.923076923078,7539.711699200442,,7539.711699200442,7539.711699200442,0.0,,0.0,0.0,12450.672916184176,,12450.672916184176,12450.672916184176,0.0,,0,0,165.0488688568852,,165.0488688568852,165.0488688568852,2.842170943040401e-14,,2.842170943040401e-14,2.842170943040401e-14,5.684341886080802e-19,,5.684341886080802e-19,5.684341886080802e-19,161.47007907540052,,161.47007907540052,161.47007907540052,32.29401581508011,,32.29401581508011,32.29401581508011,121.1025593065504,,121.1025593065504,121.1025593065504,8.073503953770027,,8.073503953770027,8.073503953770027,59.920018120242865,,59.920018120242865,59.920018120242865,25000.0,,25000.0,25000.0,1.0,,1.0,1.0,0.0,,0,0,0.0,,0,0,z1-solvency-baseline-v1,z1-solvency-baseline-v1,870c15db421a318ead7a02d6c9cf4bd2596f212c89978d7484a1c190ce8b70cb,42
15,15.0,,15,15,4998527.444023969,,4998527.444023969,4998527.444023969,0.9997054888047937,,0.9997054888047937,0.9997054888047937,2875272.879080855,,2875272.879080855,2875272.879080855,9999.0,,9999.0,9999.0,27259.61538461537,,27259.61538461537,27259.61538461537,5451.923076923078,,5451.923076923078,5451.923076923078,7743.165315990086,,7743.165315990086,7743.165315990086,0.0,,0.0,0.0,14064.526991702223,,14064.526991702223,14064.526991702223,0.0,,0,0,168.97052170673965,,168.97052170673965,168.97052170673965,1.4210854715202004e-14,,1.4210854715202004e-14,1.4210854715202004e-14,2.842170943040401e-19,,2.842170943040401e-19,2.842170943040401e-19,165.99504186435394,,165.99504186435394,165.99504186435394,33.19900837287079,,33.19900837287079,33.19900837287079,124.49628139826545,,124.49628139826545,124.49628139826545,8.299752093217698,,8.299752093217698,8.299752093217698,68.21977021346056,,68.21977021346056,68.21977021346056,25000.0,,25000.0,25000.0,1.0,,1.0,1.0,0.0,,0,0,0.0,,0,0,z1-solvency-baseline-v1,z1-solvency-baseline-v1,870c15db421a318ead7a02d6c9cf4bd2596f212c89978d7484a1c190ce8b70cb,42
16,16.0,,16,16,4998355.1809093105,,4998355.1809093105,4998355.1809093105,0.999671036181862,,0.999671036181862,0.999671036181862,2900306.833526989,,2900306.833526989,2900306.833526989,9999.0,,9999.0,9999.0,29076.923076923056,,29076.923076923056,29076.923076923056,5451.923076923078,,5451.923076923078,5451.923076923078,7915.171053578846,,7915.171053578846,7915.171053578846,0.0,,0.0,0.0,15709.828946421156,,15709.828946421156,15709.828946421156,0.0,,0,0,172.26311465907224,,172.26311465907224,172.26311465907224,-1.4210854715202004e-14,,-1.4210854715202004e-14,-1.4210854715202004e-14,-2.842170943040401e-19,,-2.842170943040401e-19,-2.842170943040401e-19,169.77223067224944,,169.77223067224944,169.77223067224944,33.95444613444989,,33.95444613444989,33.95444613444989,127.32917300418708,,127.32917300418708,127.32917300418708,8.488611533612472,,8.488611533612472,8.488611533612472,76.70838174707303,,76.70838174707303,76.70838174707303,25000.0,,25000.0,25000.0,1.0,,1.0,1.0,0.0,,0,0,0.0,,0,0,z1-solvency-baseline-v1,z1-solvency-baseline-v1,870c15db421a318ead7a02d6c9cf4bd2596f212c89978d7484a1c190ce8b70cb,42
17,17.0,,17,17,4998180.1478184685,,4998180.1478184685,4998180.1478184685,0.9996360295636937,,0.9996360295636937,0.9996360295636937,2925341.4201791086,,2925341.4201791086,2925341.4201791086,9999.0,,9999.0,9999.0,30894.230769230744,,30894.230769230744,30894.230769230744,5451.923076923078,,5451.923076923078,5451.923076923078,8060.7204761469675,,8060.7204761469675,8060.7204761469675,0.0,,0.0,0.0,17381.58721616073,,17381.58721616073,17381.58721616073,0.0,,0,0,175.03309084173316,,175.03309084173316,175.03309084173316,-2.842170943040401e-14,,-2.842170943040401e-14,-2.842170943040401e-14,-5.684341886080802e-19,,-5.684341886080802e-19,-5.684341886080802e-19,172.93326059931866,,172.93326059931866,172.93326059931866,34.586652119863736,,34.586652119863736,34.586652119863736,129.699945449489,,129.699945449489,129.699945449489,8.646663029965934,,8.646663029965934,8.646663029965934,85.35504477703896,,85.35504477703896,85.35504477703896,25000.0,,25000.0,25000.0,1.0,,1.0,1.0,0.0,,0,0,0.0,,0,0,z1-solvency-baseline-v1,z1-solvency-baseline-v1,870c15db421a318ead7a02d6c9cf4bd2596f212c89978d7484a1c190ce8b70cb,42
18,18.0,,18,18,4998002.780476936,,4998002.780476936,4998002.780476936,0.9996005560953872,,0.9996005560953872,0.9996005560953872,2950376.537201548,,2950376.537201548,2950376.537201548,9999.0,,9999.0,9999.0,32711.538461538432,,32711.538461538432,32711.538461538432,5451.923076923078,,5451.923076923078,5451.923076923078,8183.975240733778,,8183.975240733778,8183.975240733778,0.0,,0.0,0.0,19075.64014388161,,19075.64014388161,19075.64014388161,0.0,,0,0,177.36734153237632,,177.36734153237632,177.36734153237632,-5.684341886080802e-14,,-5.684341886080802e-14,-5.684341886080802e-14,-1.1368683772161604e-18,,-1.1368683772161604e-18,-1.1368683772161604e-18,175.58511219472547,,175.58511219472547,175.58511219472547,35.1170224389451,,35.1170224389451,35.1170224389451,131.68883414604412,,131.68883414604412,131.68883414604412,8.779255609736275,,8.779255609736275,8.779255609736275,94.13430038677522,,94.13430038677522,94.13430038677522,25000.0,,25000.0,25000.0,1.0,,1.0,1.0,0.0,,0,0,0.0,,0,0,z1-solvency-baseline-v1,z1-solvency-baseline-v1,870c15db421a318ead7a02d6c9cf4bd2596f212c89978d7484a1c190ce8b70cb,42
19,19.0,,19,19,4997823.443272352,,4997823.443272352,4997823.443272352,0.9995646886544705,,0.9995646886544705,0.9995646886544705,2975412.1001758897,,2975412.1001758897,2975412.1001758897,9999.0,,9999.0,9999.0,34528.84615384612,,34528.84615384612,34528.84615384612,5451.923076923078,,5451.923076923078,5451.923076923078,8288.415649518956,,8288.415649518956,8288.415649518956,0.0,,0.0,0.0,20788.507427404125,,20788.507427404125,20788.507427404125,0.0,,0,0,179.3372045848074,,179.3372045848074,179.3372045848074,-5.684341886080802e-14,,-5.684341886080802e-14,-5.684341886080802e-14,-1.1368683772161604e-18,,-1.1368683772161604e-18,-1.1368683772161604e-18,177.8148717084577,,177.8148717084577,177.8148717084577,35.56297434169154,,35.56297434169154,35.56297434169154,133.36115378134326,,133.36115378134326,133.36115378134326,8.890743585422886,,8.890743585422886,8.890743585422886,103.0250439721981,,103.0250439721981,103.0250439721981,25000.0,,25000.0,25000.0,1.0,,1.0,1.0,0.0,,0,0,0.0,,0,0,z1-solvency-baseline-v1,z1-solvency-baseline-v1,870c15db421a318ead7a02d6c9cf4bd2596f212c89978d7484a1c190ce8b70cb,42
20,20.0,,20,20,4997642.441726464,,4997642.441726464,4997642.441726464,0.9995284883452927,,0.9995284883452927,0.9995284883452927,3000448.03890006,,3000448.03890006,3000448.03890006,9999.0,,9999.0,9999.0,36346.153846153815,,36346.153846153815,36346.153846153815,5451.923076923078,,5451.923076923078,5451.923076923078,8376.959770784566,,8376.959770784566,8376.959770784566,0.0,,0.0,0.0,22517.27099844621,,22517.27099844621,22517.27099844621,0.0,,0,0,181.00154588810602,,181.00154588810602,181.00154588810602,-2.842170943040401e-14,,-2.842170943040401e-14,-2.842170943040401e-14,-5.684341886080802e-19,,-5.684341886080802e-19,-5.684341886080802e-19,179.69362085278718,,179.69362085278718,179.69362085278718,35.938724170557435,,35.938724170557435,35.938724170557435,134.7702156395904,,134.7702156395904,134.7702156395904,8.984681042639359,,8.984681042639359,8.984681042639359,112.00972501483746,,112.00972501483746,112.00972501483746,25000.0,,25000.0,25000.0,1.0,,1.0,1.0,0.0,,0,0,0.0,,0,0,z1-solvency-baseline-v1,z1-solvency-baseline-v1,870c15db421a318ead7a02d6c9cf4bd2596f212c89978d7484a1c190ce8b70cb,42
21,21.0,,21,21,4997460.032570521,,4997460.032570521,4997460.032570521,0.9994920065141043,,0.9994920065141043,0.9994920065141043,3025484.2948151072,,3025484.2948151072,3025484.2948151072,9999.0,,9999.0,9999.0,38163.46153846151,,38163.46153846151,38163.46153846151,5451.923076923078,,5451.923076923078,5451.923076923078,8452.059669952389,,8452.059669952389,8452.059669952389,0.0,,0.0,0.0,24259.47879158608,,24259.47879158608,24259.47879158608,0.0,,0,0,182.40915594174464,,182.40915594174464,182.40915594174464,-5.684341886080802e-14,,-5.684341886080802e-14,-5.684341886080802e-14,-1.1368683772161604e-18,,-1.1368683772161604e-18,-1.1368683772161604e-18,181.27957523476246,,181.27957523476246,181.27957523476246,36.255915046952495,,36.255915046952495,36.255915046952495,135.95968142607182,,135.95968142607182,135.95968142607182,9.063978761738124,,9.063978761738124,9.063978761738124,121.07370377657557,,121.07370377657557,121.07370377657557,25000.0,,25000.0,25000.0,1.0,,1.0,1.0,0.0,,0,0,0.0,,0,0,z1-solvency-baseline-v1,z1-solvency-baseline-v1,870c15db421a318ead7a02d6c9cf4bd2596f212c89978d7484a1c190ce8b70cb,42
22,22.0,,22,22,4997276.431939909,,4997276.431939909,4997276.431939909,0.9994552863879819,,0.9994552863879819,0.9994552863879819,3050520.8189336,,3050520.8189336,3050520.8189336,9999.0,,9999.0,9999.0,39980.769230769205,,39980.769230769205,39980.769230769205,5451.923076923078,,5451.923076923078,5451.923076923078,8515.779677334449,,8515.779677334449,8515.779677334449,0.0,,0.0,0.0,26013.06647651171,,26013.06647651171,26013.06647651171,0.0,,0,0,183.60063061171363,,183.60063061171363,183.60063061171363,-8.526512829121202e-14,,-8.526512829121202e-14,-8.526512829121202e-14,-1.7053025658242405e-18,,-1.7053025658242405e-18,-1.7053025658242405e-18,182.62059246496904,,182.62059246496904,182.62059246496904,36.52411849299381,,36.52411849299381,36.52411849299381,136.96544434872678,,136.96544434872678,136.96544434872678,9.131029623248452,,9.131029623248452,9.131029623248452,130.20473339982402,,130.20473339982402,130.20473339982402,25000.0,,25000.0,25000.0,1.0,,1.0,1.0,0.0,,0,0,0.0,,0,0,z1-solvency-baseline-v1,z1-solvency-baseline-v1,870c15db421a318ead7a02d6c9cf4bd2596f212c89978d7484a1c190ce8b70cb,42
23,23.0,,23,23,4997091.822079918,,4997091.822079918,4997091.822079918,0.9994183644159836,,0.9994183644159836,0.9994183644159836,3075557.57016704,,3075557.57016704,3075557.57016704,9999.0,,9999.0,9999.0,41798.0769230769,,41798.0769230769,41798.0769230769,5451.923076923078,,5451.923076923078,5451.923076923078,8569.860435640523,,8569.860435640523,8569.860435640523,0.0,,0.0,0.0,27776.293410513328,,27776.293410513328,27776.293410513328,0.0,,0,0,184.60985998996932,,184.60985998996932,184.60985998996932,-8.526512829121202e-14,,-8.526512829121202e-14,-8.526512829121202e-14,-1.7053025658242405e-18,,-1.7053025658242405e-18,-1.7053025658242405e-18,183.75616720123844,,183.75616720123844,183.75616720123844,36.75123344024769,,36.75123344024769,36.75123344024769,137.81712540092883,,137.81712540092883,137.81712540092883,9.187808360061922,,9.187808360061922,9.187808360061922,139.39254175988594,,139.39254175988594,139.39254175988594,25000.0,,25000.0,25000.0,1.0,,1.0,1.0,0.0,,0,0,0.0,,0,0,z1-solvency-baseline-v1,z1-solvency-baseline-v1,870c15db421a318ead7a02d6c9cf4bd2596f212c89978d7484a1c190ce8b70cb,42
24,24.0,,24,24,4996906.356863104,,4996906.356863104,4996906.356863104,0.9993812713726208,,0.9993812713726208,0.9993812713726208,3100594.5139702614,,3100594.5139702614,3100594.5139702614,9999.0,,9999.0,9999.0,43615.384615384595,,43615.384615384595,43615.384615384595,5451.923076923078,,5451.923076923078,5451.923076923078,8615.771596774164,,8615.771596774164,8615.771596774164,0.0,,0.0,0.0,29547.689941687375,,29547.689941687375,29547.689941687375,0.0,,0,0,185.4652168139232,,185.4652168139232,185.4652168139232,-1.1368683772161603e-13,,-1.1368683772161603e-13,-1.1368683772161603e-13,-2.2737367544323208e-18,,-2.2737367544323208e-18,-2.2737367544323208e-18,184.7190161082214,,184.7190161082214,184.7190161082214,36.94380322164429,,36.94380322164429,36.94380322164429,138.53926208116604,,138.53926208116604,138.53926208116604,9.235950805411072,,9.235950805411072,9.235950805411072,148.62849256529702,,148.62849256529702,148.62849256529702,25000.0,,25000.0,25000.0,1.0,,1.0,1.0,0.0,,0,0,0.0,,0,0,z1-solvency-baseline-v1,z1-solvency-baseline-v1,870c15db421a318ead7a02d6c9cf4bd2596f212c89978d7484a1c190ce8b70cb,42
25,25.0,,25,25,4996720.166350655,,4996720.166350655,4996720.166350655,0.9993440332701311,,0.9993440332701311,0.9993440332701311,3125631.6212379667,,3125631.6212379667,3125631.6212379667,9999.0,,9999.0,9999.0,45432.69230769229,,45432.69230769229,45432.69230769229,5451.923076923078,,5451.923076923078,5451.923076923078,8654.755387952855,,8654.755387952855,8654.755387952855,0.0,,0.0,0.0,31326.013842816377,,31326.013842816377,31326.013842816377,0.0,,0,0,186.19051244820645,,186.19051244820645,186.19051244820645,-1.1368683772161603e-13,,-1.1368683772161603e-13,-1.1368683772161603e-13,-2.2737367544323208e-18,,-2.2737367544323208e-18,-2.2737367544323208e-18,185.53633852448445,,185.53633852448445,185.53633852448445,37.1072677048969,,37.1072677048969,37.1072677048969,139.15225389336337,,139.15225389336337,139.15225389336337,9.276816926224225,,9.276816926224225,9.276816926224225,157.90530949152122,,157.90530949152122,157.90530949152122,25000.0,,25000.0,25000.0,1.0,,1.0,1.0,0.0,,0,0,0.0,,0,0,z1-solvency-baseline-v1,z1-solvency-baseline-v1,870c15db421a318ead7a02d6c9cf4bd2596f212c89978d7484a1c190ce8b70cb,42
26,26.0,,26,26,4996533.360579256,,4996533.360579256,4996533.360579256,0.9993066721158512,,0.9993066721158512,0.9993066721158512,3150668.867402388,,3150668.867402388,3150668.867402388,9999.0,,9999.0,9999.0,47249.999999999985,,47249.999999999985,47249.999999999985,5451.923076923078,,5451.923076923078,5451.923076923078,8687.862780365556,,8687.862780365556,8687.862780365556,0.0,,0.0,0.0,33110.21414271137,,33110.21414271137,33110.21414271137,0.0,,0,0,186.8057713990055,,186.8057713990055,186.8057713990055,-1.1368683772161603e-13,,-1.1368683772161603e-13,-1.1368683772161603e-13,-2.2737367544323208e-18,,-2.2737367544323208e-18,-2.2737367544323208e-18,186.2308221067965,,186.2308221067965,186.2308221067965,37.2461644213593,,37.2461644213593,37.2461644213593,139.67311658009737,,139.67311658009737,139.67311658009737,9.311541105339826,,9.311541105339826,9.311541105339826,167.21685059686106,,167.21685059686106,167.21685059686106,25000.0,,25000.0,25000.0,1.0,,1.0,1.0,0.0,,0,0,0.0,,0,0,z1-solvency-baseline-v1,z1-solvency-baseline-v1,870c15db421a318ead7a02d6c9cf4bd2596f212c89978d7484a1c190ce8b70cb,42
27,27.0,,27,27,4996346.032716365,,4996346.032716365,4996346.032716365,0.9992692065432729,,0.9992692065432729,0.9992692065432729,3175706.231692051,,3175706.231692051,3175706.231692051,9999.0,,9999.0,9999.0,49067.30769230768,,49067.30769230768,49067.30769230768,5451.923076923078,,5451.923076923078,5451.923076923078,8715.983625574108,,8715.983625574108,8715.983625574108,0.0,,0.0,0.0,34899.40098981051,,34899.40098981051,34899.40098981051,0.0,,0,0,187.32786289128,,187.32786289128,187.32786289128,-1.1368683772161603e-13,,-1.1368683772161603e-13,-1.1368683772161603e-13,-2.2737367544323208e-18,,-2.2737367544323208e-18,-2.2737367544323208e-18,186.82144831486033,,186.82144831486033,186.82144831486033,37.36428966297207,,37.36428966297207,37.36428966297207,140.11608623614524,,140.11608623614524,140.11608623614524,9.341072415743017,,9.341072415743017,9.341072415743017,176.55792301260408,,176.55792301260408,176.55792301260408,25000.0,,25000.0,25000.0,1.0,,1.0,1.0,0.0,,0,0,0.0,,0,0,z1-solvency-baseline-v1,z1-solvency-baseline-v1,870c15db421a318ead7a02d6c9cf4bd2596f212c89978d7484a1c190ce8b70cb,42
28,28.0,,28,28,4996158.26169747,,4996158.26169747,4996158.26169747,0.9992316523394941,,0.9992316523394941,0.9992316523394941,3200743.6965201884,,3200743.6965201884,3200743.6965201884,9999.0,,9999.0,9999.0,50884.615384615376,,50884.615384615376,50884.615384615376,5451.923076923078,,5451.923076923078,5451.923076923078,8739.871844201944,,8739.871844201944,8739.871844201944,0.0,,0.0,0.0,36692.82046349037,,36692.82046349037,36692.82046349037,0.0,,0,0,187.7710188942809,,187.7710188942809,187.7710188942809,-1.1368683772161603e-13,,-1.1368683772161603e-13,-1.1368683772161603e-13,-2.2737367544323208e-18,,-2.2737367544323208e-18,-2.2737367544323208e-18,187.32414068508265,,187.32414068508265,187.32414068508265,37.464828137016525,,37.464828137016525,37.464828137016525,140.49310551381197,,140.49310551381197,140.49310551381197,9.366207034254131,,9.366207034254131,9.366207034254131,185.9241300468582,,185.9241300468582,185.9241300468582,25000.0,,25000.0,25000.0,1.0,,1.0,1.0,0.0,,0,0,0.0,,0,0,z1-solvency-baseline-v1,z1-solvency-baseline-v1,870c15db421a318ead7a02d6c9cf4bd2596f212c89978d7484a1c190ce8b70cb,42
29,29.0,,29,29,4995970.1144362595,,4995970.1144362595,4995970.1144362595,0.9991940228872519,,0.9991940228872519,0.9991940228872519,3225781.246978048,,3225781.246978048,3225781.246978048,9999.0,,9999.0,9999.0,52701.92307692307,,52701.92307692307,52701.92307692307,5451.923076923078,,5451.923076923078,5451.923076923078,8760.166535456106,,8760.166535456106,8760.166535456106,0.0,,0.0,0.0,38489.833464543895,,38489.833464543895,38489.833464543895,0.0,,0,0,188.14726121030455,,188.14726121030455,188.14726121030455,-1.1368683772161603e-13,,-1.1368683772161603e-13,-1.1368683772161603e-13,-2.2737367544323208e-18,,-2.2737367544323208e-18,-2.2737367544323208e-18,187.75228929660892,,187.75228929660892,187.75228929660892,37.55045785932178,,37.55045785932178,37.55045785932178,140.81421697245668,,140.81421697245668,140.81421697245668,9.387614464830445,,9.387614464830445,9.387614464830445,195.31174451168863,,195.31174451168863,195.31174451168863,25000.0,,25000.0,25000.0,1.0,,1.0,1.0,0.0,,0,0,0.0,,0,0,z1-solvency-baseline-v1,z1-solvency-baseline-v1,870c15db421a318ead7a02d6c9cf4bd2596f212c89978d7484a1c190ce8b70cb,42
30,30.0,,30,30,4995781.64768107,,4995781.64768107,4995781.64768107,0.9991563295362139,,0.9991563295362139,0.9991563295362139,3250818.8704135153,,3250818.8704135153,3250818.8704135153,9999.0,,9999.0,9999.0,54519.230769230766,,54519.230769230766,54519.230769230766,5451.923076923078,,5451.923076923078,5451.923076923078,8777.409708276575,,8777.409708276575,8777.409708276575,0.0,,0.0,0.0,40289.89798403112,,40289.89798403112,40289.89798403112,0.0,,0,0,188.46675519031245,,188.46675519031245,188.46675519031245,-1.1368683772161603e-13,,-1.1368683772161603e-13,-1.1368683772161603e-13,-2.2737367544323208e-18,,-2.2737367544323208e-18,-2.2737367544323208e-18,188.11717733688326,,188.11717733688326,188.11717733688326,37.62343546737666,,37.62343546737666,37.62343546737666,141.08788300266247,,141.08788300266247,141.08788300266247,9.405858866844165,,9.405858866844165,9.405858866844165,204.7176033785328,,204.7176033785328,204.7176033785328,25000.0,,25000.0,25000.0,1.0,,1.0,1.0,0.0,,0,0,0.0,,0,0,z1-solvency-baseline-v1,z1-solvency-baseline-v1,870c15db421a318ead7a02d6c9cf4bd2596f212c89978d7484a1c190ce8b70cb,42
31,31.0,,31,31,4995592.909577229,,4995592.909577229,4995592.909577229,0.9991185819154458,,0.9991185819154458,0.9991185819154458,3275856.5560794873,,3275856.5560794873,3275856.5560794873,9999.0,,9999.0,9999.0,56336.53846153846,,56336.53846153846,56336.53846153846,5451.923076923078,,5451.923076923078,5451.923076923078,8792.061203447132,,8792.061203447132,8792.061203447132,0.0,,0.0,0.0,42092.554181168256,,42092.554181168256,42092.554181168256,0.0,,0,0,188.73810384025813,,188.73810384025813,188.73810384025813,-8.526512829121202e-14,,-8.526512829121202e-14,-8.526512829121202e-14,-1.7053025658242405e-18,,-1.7053025658242405e-18,-1.7053025658242405e-18,188.42832986066722,,188.42832986066722,188.42832986066722,37.685665972133435,,37.685665972133435,37.685665972133435,141.3212473955004,,141.3212473955004,141.3212473955004,9.421416493033359,,9.421416493033359,9.421416493033359,214.13901987156618,,214.13901987156618,214.13901987156618,25000.0,,25000.0,25000.0,1.0,,1.0,1.0,0.0,,0,0,0.0,,0,0,z1-solvency-baseline-v1,z1-solvency-baseline-v1,870c15db421a318ead7a02d6c9cf4bd2596f212c89978d7484a1c190ce8b70cb,42
32,32.0,,32,32,4995403.94098403,,4995403.94098403,4995403.94098403,0.999080788196806,,0.999080788196806,0.999080788196806,3300894.2948395596,,3300894.2948395596,3300894.2948395596,9999.0,,9999.0,9999.0,58153.846153846156,,58153.846153846156,58153.846153846156,5451.923076923078,,5451.923076923078,5451.923076923078,8804.511272079611,,8804.511272079611,8804.511272079611,0.0,,0.0,0.0,43897.41180484347,,43897.41180484347,43897.41180484347,0.0,,0,0,188.96859319879496,,188.96859319879496,188.96859319879496,-8.526512829121202e-14,,-8.526512829121202e-14,-8.526512829121202e-14,-1.7053025658242405e-18,,-1.7053025658242405e-18,-1.7053025658242405e-18,188.69380036132574,,188.69380036132574,188.69380036132574,37.73876007226516,,37.73876007226516,37.73876007226516,141.52035027099433,,141.52035027099433,141.52035027099433,9.43469001806629,,9.43469001806629,9.43469001806629,223.57370988963248,,223.57370988963248,223.57370988963248,25000.0,,25000.0,25000.0,1.0,,1.0,1.0,0.0,,0,0,0.0,,0,0,z1-solvency-baseline-v1,z1-solvency-baseline-v1,870c15db421a318ead7a02d6c9cf4bd2596f212c89978d7484a1c190ce8b70cb,42
33,33.0,,33,33,4995214.7765863715,,4995214.7765863715,4995214.7765863715,0.9990429553172743,,0.9990429553172743,0.9990429553172743,3325932.0789210275,,3325932.0789210275,3325932.0789210275,9999.0,,9999.0,9999.0,59971.15384615385,,59971.15384615385,59971.15384615385,5451.923076923078,,5451.923076923078,5451.923076923078,8815.091193043192,,8815.091193043192,8815.091193043192,0.0,,0.0,0.0,45704.13957618758,,45704.13957618758,45704.13957618758,0.0,,0,0,189.16439765972848,,189.16439765972848,189.16439765972848,-8.526512829121202e-14,,-8.526512829121202e-14,-8.526512829121202e-14,-1.7053025658242405e-18,,-1.7053025658242405e-18,-1.7053025658242405e-18,188.92040734085123,,188.92040734085123,188.92040734085123,37.78408146817024,,37.78408146817024,37.78408146817024,141.6903055056384,,141.6903055056384,141.6903055056384,9.44602036704256,,9.44602036704256,9.44602036704256,233.01973025667502,,233.01973025667502,233.01973025667502,25000.0,,25000.0,25000.0,1.0,,1.0,1.0,0.0,,0,0,0.0,,0,0,z1-solvency-baseline-v1,z1-solvency-baseline-v1,870c15db421a318ead7a02d6c9cf4bd2596f212c89978d7484a1c190ce8b70cb,42
34,34.0,,34,34,4995025.4458341645,,4995025.4458341645,4995025.4458341645,0.999005089166833,,0.999005089166833,0.999005089166833,3350969.901707114,,3350969.901707114,3350969.901707114,9999.0,,9999.0,9999.0,61788.461538461546,,61788.461538461546,61788.461538461546,5451.923076923078,,5451.923076923078,5451.923076923078,8824.082245357708,,8824.082245357708,8824.082245357708,0.0,,0.0,0.0,47512.45621618076,,47512.45621618076,47512.45621618076,0.0,,0,0,189.3307522072856,,189.3307522072856,189.3307522072856,-8.526512829121202e-14,,-8.526512829121202e-14,-8.526512829121202e-14,-1.7053025658242405e-18,,-1.7053025658242405e-18,-1.7053025658242405e-18,189.11393043469852,,189.11393043469852,189.11393043469852,37.82278608693971,,37.82278608693971,37.82278608693971,141.83544782602388,,141.83544782602388,141.83544782602388,9.455696521734927,,9.455696521734927,9.455696521734927,242.47542677840994,,242.47542677840994,242.47542677840994,25000.0,,25000.0,25000.0,1.0,,1.0,1.0,0.0,,0,0,0.0,,0,0,z1-solvency-baseline-v1,z1-solvency-baseline-v1,870c15db421a318ead7a02d6c9cf4bd2596f212c89978d7484a1c190ce8b70cb,42
35,35.0,,35,35,4994835.973736962,,4994835.973736962,4994835.973736962,0.9989671947473925,,0.9989671947473925,0.9989671947473925,3376007.7575618397,,3376007.7575618397,3376007.7575618397,9999.0,,9999.0,9999.0,63605.76923076924,,63605.76923076924,63605.76923076924,5451.923076923078,,5451.923076923078,5451.923076923078,8831.723297714843,,8831.723297714843,8831.723297714843,0.0,,0.0,0.0,49322.12285613132,,49322.12285613132,49322.12285613132,0.0,,0,0,189.47209720282316,,189.47209720282316,189.47209720282316,-8.526512829121202e-14,,-8.526512829121202e-14,-8.526512829121202e-14,-1.7053025658242405e-18,,-1.7053025658242405e-18,-1.7053025658242405e-18,189.27927362879328,,189.27927362879328,189.27927362879328,37.85585472575866,,37.85585472575866,37.85585472575866,141.95945522159496,,141.95945522159496,141.95945522159496,9.463963681439665,,9.463963681439665,9.463963681439665,251.9393904598496,,251.9393904598496,251.9393904598496,25000.0,,25000.0,25000.0,1.0,,1.0,1.0,0.0,,0,0,0.0,,0,0,z1-solvency-baseline-v1,z1-solvency-baseline-v1,870c15db421a318ead7a02d6c9cf4bd2596f212c89978d7484a1c190ce8b70cb,42
36,36.0,,36,36,4994646.381536646,,4994646.381536646,4994646.381536646,0.9989292763073292,,0.9989292763073292,0.9989292763073292,3401045.64168215,,3401045.64168215,3401045.64168215,9999.0,,9999.0,9999.0,65423.07692307694,,65423.07692307694,65423.07692307694,5451.923076923078,,5451.923076923078,5451.923076923078,8838.217233423497,,8838.217233423497,8838.217233423497,0.0,,0.0,0.0,51132.93661273036,,51132.93661273036,51132.93661273036,0.0,,0,0,189.59220031591968,,189.59220031591968,189.59220031591968,-8.526512829121202e-14,,-8.526512829121202e-14,-8.526512829121202e-14,-1.7053025658242405e-18,,-1.7053025658242405e-18,-1.7053025658242405e-18,189.42060155181457,,189.42060155181457,189.42060155181457,37.88412031036292,,37.88412031036292,37.88412031036292,142.0654511638609,,142.0654511638609,142.0654511638609,9.47103007759073,,9.47103007759073,9.47103007759073,261.4104205374403,,261.4104205374403,261.4104205374403,25000.0,,25000.0,25000.0,1.0,,1.0,1.0,0.0,,0,0,0.0,,0,0,z1-solvency-baseline-v1,z1-solvency-baseline-v1,870c15db421a318ead7a02d6c9cf4bd2596f212c89978d7484a1c190ce8b70cb,42
37,37.0,,37,37,4994456.6872772835,,4994456.6872772835,4994456.6872772835,0.9988913374554567,,0.9988913374554567,0.9988913374554567,3426083.5499728746,,3426083.5499728746,3426083.5499728746,9999.0,,9999.0,9999.0,67240.38461538464,,67240.38461538464,67240.38461538464,5451.923076923078,,5451.923076923078,5451.923076923078,8843.736393131077,,8843.736393131077,8843.736393131077,0.0,,0.0,0.0,52944.72514533047,,52944.72514533047,52944.72514533047,0.0,,0,0,189.6942593632316,,189.6942593632316,189.6942593632316,-8.526512829121202e-14,,-8.526512829121202e-14,-8.526512829121202e-14,-1.7053025658242405e-18,,-1.7053025658242405e-18,-1.7053025658242405e-18,189.54145362363607,,189.54145362363607,189.54145362363607,37.908290724727216,,37.908290724727216,37.908290724727216,142.15609021772707,,142.15609021772707,142.15609021772707,9.477072681181804,,9.477072681181804,9.477072681181804,270.88749321862207,,270.88749321862207,270.88749321862207,25000.0,,25000.0,25000.0,1.0,,1.0,1.0,0.0,,0,0,0.0,,0,0,z1-solvency-baseline-v1,z1-solvency-baseline-v1,870c15db421a318ead7a02d6c9cf4bd2596f212c89978d7484a1c190ce8b70cb,42
38,38.0,,38,38,4994266.906288128,,4994266.906288128,4994266.906288128,0.9988533812576257,,0.9988533812576257,0.9988533812576257,3451121.4789408557,,3451121.4789408557,3451121.4789408557,9999.0,,9999.0,9999.0,69057.69230769234,,69057.69230769234,69057.69230769234,5451.923076923078,,5451.923076923078,5451.923076923078,8848.427188064934,,8848.427188064934,8848.427188064934,0.0,,0.0,0.0,54757.34204270431,,54757.34204270431,54757.34204270431,0.0,,0,0,189.78098915504063,,189.78098915504063,189.78098915504063,-5.684341886080802e-14,,-5.684341886080802e-14,-5.684341886080802e-14,-1.1368683772161604e-18,,-1.1368683772161604e-18,-1.1368683772161604e-18,189.64483990558733,,189.64483990558733,189.64483990558733,37.92896798111747,,37.92896798111747,37.92896798111747,142.2336299291905,,142.2336299291905,142.2336299291905,9.482241995279367,,9.482241995279367,9.482241995279367,280.36973521390144,,280.36973521390144,280.36973521390144,25000.0,,25000.0,25000.0,1.0,,1.0,1.0,0.0,,0,0,0.0,,0,0,z1-solvency-baseline-v1,z1-solvency-baseline-v1,870c15db421a318ead7a02d6c9cf4bd2596f212c89978d7484a1c190ce8b70cb,42
39,39.0,,39,39,4994077.051593213,,4994077.051593213,4994077.051593213,0.9988154103186426,,0.9988154103186426,0.9988154103186426,3476159.425605209,,3476159.425605209,3476159.425605209,9999.0,,9999.0,9999.0,70875.00000000004,,70875.00000000004,70875.00000000004,5451.923076923078,,5451.923076923078,5451.923076923078,8852.414012036716,,8852.414012036716,8852.414012036716,0.0,,0.0,0.0,56570.66291104022,,56570.66291104022,56570.66291104022,0.0,,0,0,189.85469491476996,,189.85469491476996,189.85469491476996,-5.684341886080802e-14,,-5.684341886080802e-14,-5.684341886080802e-14,-1.1368683772161604e-18,,-1.1368683772161604e-18,-1.1368683772161604e-18,189.73332176595017,,189.73332176595017,189.73332176595017,37.94666435319003,,37.94666435319003,37.94666435319003,142.2999913244626,,142.2999913244626,142.2999913244626,9.486666088297508,,9.486666088297508,9.486666088297508,289.856401302199,,289.856401302199,289.856401302199,25000.0,,25000.0,25000.0,1.0,,1.0,1.0,0.0,,0,0,0.0,,0,0,z1-solvency-baseline-v1,z1-solvency-baseline-v1,870c15db421a318ead7a02d6c9cf4bd2596f212c89978d7484a1c190ce8b70cb,42
40,40.0,,40,40,4993887.13425881,,4993887.13425881,4993887.13425881,0.9987774268517621,,0.9987774268517621,0.9987774268517621,3501197.3874211884,,3501197.3874211884,3501197.3874211884,9999.0,,9999.0,9999.0,72692.30769230775,,72692.30769230775,72692.30769230775,5451.923076923078,,5451.923076923078,5451.923076923078,8855.802560095066,,8855.802560095066,8855.802560095066,0.0,,0.0,0.0,58384.58205528957,,58384.58205528957,58384.58205528957,0.0,,0,0,189.91733440290608,,189.91733440290608,189.91733440290608,-5.684341886080802e-14,,-5.684341886080802e-14,-5.684341886080802e-14,-1.1368683772161604e-18,,-1.1368683772161604e-18,-1.1368683772161604e-18,189.80907989678795,,189.80907989678795,189.80907989678795,37.961815979357596,,37.961815979357596,37.961815979357596,142.35680992259097,,142.35680992259097,142.35680992259097,9.490453994839399,,9.490453994839399,9.490453994839399,299.34685529703836,,299.34685529703836,299.34685529703836,25000.0,,25000.0,25000.0,1.0,,1.0,1.0,0.0,,0,0,0.0,,0,0,z1-solvency-baseline-v1,z1-solvency-baseline-v1,870c15db421a318ead7a02d6c9cf4bd2596f212c89978d7484a1c190ce8b70cb,42
41,41.0,,41,41,4993697.163688288,,4993697.163688288,4993697.163688288,0.9987394327376576,,0.9987394327376576,0.9987394327376576,3526235.3622155404,,3526235.3622155404,3526235.3622155404,9999.0,,9999.0,9999.0,74509.61538461545,,74509.61538461545,74509.61538461545,5451.923076923078,,5451.923076923078,5451.923076923078,8858.682644738103,,8858.682644738103,8858.682644738103,0.0,,0.0,0.0,60199.00966295422,,60199.00966295422,60199.00966295422,0.0,,0,0,189.97057052248954,,189.97057052248954,189.97057052248954,-5.684341886080802e-14,,-5.684341886080802e-14,-5.684341886080802e-14,-1.1368683772161604e-18,,-1.1368683772161604e-18,-1.1368683772161604e-18,189.87397175974615,,189.87397175974615,189.87397175974615,37.97479435194922,,37.97479435194922,37.97479435194922,142.4054788198096,,142.4054788198096,142.4054788198096,9.493698587987305,,9.493698587987305,9.493698587987305,308.84055388502566,,308.84055388502566,308.84055388502566,25000.0,,25000.0,25000.0,1.0,,1.0,1.0,0.0,,0,0,0.0,,0,0,z1-solvency-baseline-v1,z1-solvency-baseline-v1,870c15db421a318ead7a02d6c9cf4bd2596f212c89978d7484a1c190ce8b70cb,42
42,42.0,,42,42,4993507.147872396,,4993507.147872396,4993507.147872396,0.9987014295744792,,0.9987014295744792,0.9987014295744792,3551273.3481315747,,3551273.3481315747,3551273.3481315747,9999.0,,9999.0,9999.0,76326.92307692315,,76326.92307692315,76326.92307692315,5451.923076923078,,5451.923076923078,5451.923076923078,8861.13058640194,,8861.13058640194,8861.13058640194,0.0,,0.0,0.0,62013.86941359808,,62013.86941359808,62013.86941359808,0.0,,0,0,190.01581589241155,,190.01581589241155,190.01581589241155,-5.684341886080802e-14,,-5.684341886080802e-14,-5.684341886080802e-14,-1.1368683772161604e-18,,-1.1368683772161604e-18,-1.1368683772161604e-18,189.929580171777,,189.929580171777,189.929580171777,37.9859160343554,,37.9859160343554,37.9859160343554,142.44718512883273,,142.44718512883273,142.44718512883273,9.49647900858885,,9.49647900858885,9.49647900858885,318.3370328936145,,318.3370328936145,318.3370328936145,25000.0,,25000.0,25000.0,1.0,,1.0,1.0,0.0,,0,0,0.0,,0,0,z1-solvency-baseline-v1,z1-solvency-baseline-v1,870c15db421a318ead7a02d6c9cf4bd2596f212c89978d7484a1c190ce8b70cb,42
43,43.0,,43,43,4993317.093601761,,4993317.093601761,4993317.093601761,0.9986634187203522,,0.9986634187203522,0.9986634187203522,3576311.343582464,,3576311.343582464,3576311.343582464,9999.0,,9999.0,9999.0,78144.23076923085,,78144.23076923085,78144.23076923085,5451.923076923078,,5451.923076923078,5451.923076923078,8863.21124303967,,8863.21124303967,8863.21124303967,0.0,,0.0,0.0,63829.096449268036,,63829.096449268036,63829.096449268036,0.0,,0,0,190.05427063464492,,190.05427063464492,190.05427063464492,-5.684341886080802e-14,,-5.684341886080802e-14,-5.684341886080802e-14,-1.1368683772161604e-18,,-1.1368683772161604e-18,-1.1368683772161604e-18,189.97725444638493,,189.97725444638493,189.97725444638493,37.99545088927699,,37.99545088927699,37.99545088927699,142.48294083478868,,142.48294083478868,142.48294083478868,9.498862722319247,,9.498862722319247,9.498862722319247,327.83589561593374,,327.83589561593374,327.83589561593374,25000.0,,25000.0,25000.0,1.0,,1.0,1.0,0.0,,0,0,0.0,,0,0,z1-solvency-baseline-v1,z1-solvency-baseline-v1,870c15db421a318ead7a02d6c9cf4bd2596f212c89978d7484a1c190ce8b70cb,42
44,44.0,,44,44,4993127.006647339,,4993127.006647339,4993127.006647339,0.9986254013294679,,0.9986254013294679,0.9986254013294679,3601349.3472115174,,3601349.3472115174,3601349.3472115174,9999.0,,9999.0,9999.0,79961.53846153856,,79961.53846153856,79961.53846153856,5451.923076923078,,5451.923076923078,5451.923076923078,8864.97973360421,,8864.97973360421,8864.97973360421,0.0,,0.0,0.0,65644.63565101118,,65644.63565101118,65644.63565101118,0.0,,0,0,190.08695442250794,,190.08695442250794,190.08695442250794,-5.684341886080802e-14,,-5.684341886080802e-14,-5.684341886080802e-14,-1.1368683772161604e-18,,-1.1368683772161604e-18,-1.1368683772161604e-18,190.0181452665107,,190.0181452665107,190.0181452665107,38.00362905330214,,38.00362905330214,38.00362905330214,142.513608949883,,142.513608949883,142.513608949883,9.500907263325535,,9.500907263325535,9.500907263325535,337.3368028792593,,337.3368028792593,337.3368028792593,25000.0,,25000.0,25000.0,1.0,,1.0,1.0,0.0,,0,0,0.0,,0,0,z1-solvency-baseline-v1,z1-solvency-baseline-v1,870c15db421a318ead7a02d6c9cf4bd2596f212c89978d7484a1c190ce8b70cb,42
45,45.0,,45,45,4992936.891913667,,4992936.891913667,4992936.891913667,0.9985873783827335,,0.9985873783827335,0.9985873783827335,3626387.357858371,,3626387.357858371,3626387.357858371,9999.0,,9999.0,9999.0,81778.84615384626,,81778.84615384626,81778.84615384626,5451.923076923078,,5451.923076923078,5451.923076923078,8866.482901829331,,8866.482901829331,8866.482901829331,0.0,,0.0,0.0,67460.44017509375,,67460.44017509375,67460.44017509375,0.0,,0,0,190.1147336714454,,190.1147336714454,190.1147336714454,-5.684341886080802e-14,,-5.684341886080802e-14,-5.684341886080802e-14,-1.1368683772161604e-18,,-1.1368683772161604e-18,-1.1368683772161604e-18,190.05323426977725,,190.05323426977725,190.05323426977725,38.01064685395546,,38.01064685395546,38.01064685395546,142.53992570233294,,142.53992570233294,142.53992570233294,9.502661713488864,,9.502661713488864,9.502661713488864,346.8394645927482,,346.8394645927482,346.8394645927482,25000.0,,25000.0,25000.0,1.0,,1.0,1.0,0.0,,0,0,0.0,,0,0,z1-solvency-baseline-v1,z1-solvency-baseline-v1,870c15db421a318ead7a02d6c9cf4bd2596f212c89978d7484a1c190ce8b70cb,42
46,46.0,,46,46,4992746.753569052,,4992746.753569052,4992746.753569052,0.9985493507138103,,0.9985493507138103,0.9985493507138103,3651425.374530204,,3651425.374530204,3651425.374530204,9999.0,,9999.0,9999.0,83596.15384615396,,83596.15384615396,83596.15384615396,5451.923076923078,,5451.923076923078,5451.923076923078,8867.760559604512,,8867.760559604512,8867.760559604512,0.0,,0.0,0.0,69276.47020962628,,69276.47020962628,69276.47020962628,0.0,,0,0,190.1383446155539,,190.1383446155539,190.1383446155539,-5.684341886080802e-14,,-5.684341886080802e-14,-5.684341886080802e-14,-1.1368683772161604e-18,,-1.1368683772161604e-18,-1.1368683772161604e-18,190.0833591664947,,190.0833591664947,190.0833591664947,38.01667183329893,,38.01667183329893,38.01667183329893,142.562519374871,,142.562519374871,142.562519374871,9.504167958324732,,9.504167958324732,9.504167958324732,356.343632551073,,356.343632551073,356.343632551073,25000.0,,25000.0,25000.0,1.0,,1.0,1.0,0.0,,0,0,0.0,,0,0,z1-solvency-baseline-v1,z1-solvency-baseline-v1,870c15db421a318ead7a02d6c9cf4bd2596f212c89978d7484a1c190ce8b70cb,42
47,47.0,,47,47,4992556.595156155,,4992556.595156155,4992556.595156155,0.9985113190312309,,0.9985113190312309,0.9985113190312309,3676463.39637722,,3676463.39637722,3676463.39637722,9999.0,,9999.0,9999.0,85413.46153846166,,85413.46153846166,85413.46153846166,5451.923076923078,,5451.923076923078,5451.923076923078,8868.846543246209,,8868.846543246209,8868.846543246209,0.0,,0.0,0.0,71092.69191829226,,71092.69191829226,71092.69191829226,0.0,,0,0,190.15841289732978,,190.15841289732978,190.15841289732978,-5.684341886080802e-14,,-5.684341886080802e-14,-5.684341886080802e-14,-1.1368683772161604e-18,,-1.1368683772161604e-18,-1.1368683772161604e-18,190.10923507858695,,190.10923507858695,190.10923507858695,38.021847015717384,,38.021847015717384,38.021847015717384,142.58192630894018,,142.58192630894018,142.58192630894018,9.505461753929346,,9.505461753929346,9.505461753929346,365.8490943050023,,365.8490943050023,365.8490943050023,25000.0,,25000.0,25000.0,1.0,,1.0,1.0,0.0,,0,0,0.0,,0,0,z1-solvency-baseline-v1,z1-solvency-baseline-v1,870c15db421a318ead7a02d6c9cf4bd2596f212c89978d7484a1c190ce8b70cb,42
48,48.0,,48,48,4992366.419685953,,4992366.419685953,4992366.419685953,0.9984732839371907,,0.9984732839371907,0.9984732839371907,3701501.4226717553,,3701501.4226717553,3701501.4226717553,9999.0,,9999.0,9999.0,87230.76923076937,,87230.76923076937,87230.76923076937,5451.923076923078,,5451.923076923078,5451.923076923078,8869.76961090269,,8869.76961090269,8869.76961090269,0.0,,0.0,0.0,72909.07654294348,,72909.07654294348,72909.07654294348,0.0,,0,0,190.17547020098198,,190.17547020098198,190.17547020098198,-5.684341886080802e-14,,-5.684341886080802e-14,-5.684341886080802e-14,-1.1368683772161604e-18,,-1.1368683772161604e-18,-1.1368683772161604e-18,190.13147267804217,,190.13147267804217,190.13147267804217,38.026294535608436,,38.026294535608436,38.026294535608436,142.59860450853162,,142.59860450853162,142.59860450853162,9.506573633902109,,9.506573633902109,9.506573633902109,375.35566793890445,,375.35566793890445,375.35566793890445,25000.0,,25000.0,25000.0,1.0,,1.0,1.0,0.0,,0,0,0.0,,0,0,z1-solvency-baseline-v1,z1-solvency-baseline-v1,870c15db421a318ead7a02d6c9cf4bd2596f212c89978d7484a1c190ce8b70cb,42
49,49.0,,49,49,4992176.229717576,,4992176.229717576,4992176.229717576,0.9984352459435152,,0.9984352459435152,0.9984352459435152,3726539.452790478,,3726539.452790478,3726539.452790478,9999.0,,9999.0,9999.0,89048.07692307707,,89048.07692307707,89048.07692307707,5451.923076923078,,5451.923076923078,5451.923076923078,8870.554205044486,,8870.554205044486,8870.554205044486,0.0,,0.0,0.0,74725.59964110938,,74725.59964110938,74725.59964110938,0.0,,0,0,190.18996837796928,,190.18996837796928,190.18996837796928,-5.684341886080802e-14,,-5.684341886080802e-14,-5.684341886080802e-14,-1.1368683772161604e-18,,-1.1368683772161604e-18,-1.1368683772161604e-18,190.15059361234427,,190.15059361234427,190.15059361234427,38.030118722468856,,38.030118722468856,38.030118722468856,142.6129452092582,,142.6129452092582,142.6129452092582,9.507529680617214,,9.507529680617214,9.507529680617214,384.86319761952166,,384.86319761952166,384.86319761952166,25000.0,,25000.0,25000.0,1.0,,1.0,1.0,0.0,,0,0,0.0,,0,0,z1-solvency-baseline-v1,z1-solvency-baseline-v1,870c15db421a318ead7a02d6c9cf4bd2596f212c89978d7484a1c190ce8b70cb,42
50,50.0,,50,50,4991986.027426131,,4991986.027426131,4991986.027426131,0.9983972054852263,,0.9983972054852263,0.9983972054852263,3751577.4861992034,,3751577.4861992034,3751577.4861992034,9999.0,,9999.0,9999.0,90865.38461538477,,90865.38461538477,90865.38461538477,5451.923076923078,,5451.923076923078,5451.923076923078,8871.221100364462,,8871.221100364462,8871.221100364462,0.0,,0.0,0.0,76542.2404380971,,76542.2404380971,76542.2404380971,0.0,,0,0,190.20229144461385,,190.20229144461385,190.20229144461385,-5.684341886080802e-14,,-5.684341886080802e-14,-5.684341886080802e-14,-1.1368683772161604e-18,,-1.1368683772161604e-18,-1.1368683772161604e-18,190.1670436282585,,190.1670436282585,190.1670436282585,38.033408725651704,,38.033408725651704,38.033408725651704,142.62528272119388,,142.62528272119388,142.62528272119388,9.508352181412926,,9.508352181412926,9.508352181412926,394.37154980093464,,394.37154980093464,394.37154980093464,25000.0,,25000.0,25000.0,1.0,,1.0,1.0,0.0,,0,0,0.0,,0,0,z1-solvency-baseline-v1,z1-solvency-baseline-v1,870c15db421a318ead7a02d6c9cf4bd2596f212c89978d7484a1c190ce8b70cb,42
51,51.0,,51,51,4991795.814660357,,4991795.814660357,4991795.814660357,0.9983591629320715,,0.9983591629320715,0.9983591629320715,3776615.5224399515,,3776615.5224399515,3776615.5224399515,9999.0,,9999.0,9999.0,92682.69230769247,,92682.69230769247,92682.69230769247,5451.923076923078,,5451.923076923078,5451.923076923078,8871.787954337906,,8871.787954337906,8871.787954337906,0.0,,0.0,0.0,78358.98127643135,,78358.98127643135,78358.98127643135,0.0,,0,0,190.212765773596,,190.212765773596,190.212765773596,-5.684341886080802e-14,,-5.684341886080802e-14,-5.684341886080802e-14,-1.1368683772161604e-18,,-1.1368683772161604e-18,-1.1368683772161604e-18,190.18120374163414,,190.18120374163414,190.18120374163414,38.03624074832683,,38.03624074832683,38.03624074832683,142.63590280622563,,142.63590280622563,142.63590280622563,9.509060187081708,,9.509060187081708,9.509060187081708,403.8806099880164,,403.8806099880164,403.8806099880164,25000.0,,25000.0,25000.0,1.0,,1.0,1.0,0.0,,0,0,0.0,,0,0,z1-solvency-baseline-v1,z1-solvency-baseline-v1,870c15db421a318ead7a02d6c9cf4bd2596f212c89978d7484a1c190ce8b70cb,42
52,52.0,,52,52,4991605.5929916045,,4991605.5929916045,4991605.5929916045,0.9983211185983208,,0.9983211185983208,0.9983211185983208,3801653.561119901,,3801653.561119901,3801653.561119901,9999.0,,9999.0,9999.0,94500.00000000017,,94500.00000000017,94500.00000000017,5451.923076923078,,5451.923076923078,5451.923076923078,8872.269775087741,,8872.269775087741,8872.269775087741,0.0,,0.0,0.0,80175.80714798921,,80175.80714798921,80175.80714798921,0.0,,0,0,190.2216687521077,,190.2216687521077,190.2216687521077,-2.842170943040401e-14,,-2.842170943040401e-14,-2.842170943040401e-14,-5.684341886080802e-19,,-5.684341886080802e-19,-5.684341886080802e-19,190.19339974740186,,190.19339974740186,190.19339974740186,38.03867994948037,,38.03867994948037,38.03867994948037,142.64504981055137,,142.64504981055137,142.64504981055137,9.509669987370092,,9.509669987370092,9.509669987370092,413.3902799753864,,413.3902799753864,413.3902799753864,25000.0,,25000.0,25000.0,1.0,,1.0,1.0,0.0,,0,0,0.0,,0,0,z1-solvency-baseline-v1,z1-solvency-baseline-v1,870c15db421a318ead7a02d6c9cf4bd2596f212c89978d7484a1c190ce8b70cb,42
53,53.0,,53,53,4991415.3637554655,,4991415.3637554655,4991415.3637554655,0.9982830727510931,,0.9982830727510931,0.9982830727510931,3826691.601901965,,3826691.601901965,3826691.601901965,9999.0,,9999.0,9999.0,96317.30769230788,,96317.30769230788,96317.30769230788,5451.923076923078,,5451.923076923078,5451.923076923078,8872.679318990577,,8872.679318990577,8872.679318990577,0.0,,0.0,0.0,81992.70529639407,,81992.70529639407,81992.70529639407,0.0,,0,0,190.22923613798855,,190.22923613798855,190.22923613798855,-2.842170943040401e-14,,-2.842170943040401e-14,-2.842170943040401e-14,-5.684341886080802e-19,,-5.684341886080802e-19,-5.684341886080802e-19,190.20391031894485,,190.20391031894485,190.20391031894485,38.04078206378896,,38.04078206378896,38.04078206378896,142.6529327392086,,142.6529327392086,142.6529327392086,9.51019551594724,,9.51019551594724,9.51019551594724,422.9004754913337,,422.9004754913337,422.9004754913337,25000.0,,25000.0,25000.0,1.0,,1.0,1.0,0.0,,0,0,0.0,,0,0,z1-solvency-baseline-v1,z1-solvency-baseline-v1,870c15db421a318ead7a02d6c9cf4bd2596f212c89978d7484a1c190ce8b70cb,42
54,54.0,,54,54,4991225.128087155,,4991225.128087155,4991225.128087155,0.9982450256174309,,0.9982450256174309,0.9982450256174309,3851729.6444967473,,3851729.6444967473,3851729.6444967473,9999.0,,9999.0,9999.0,98134.61538461558,,98134.61538461558,98134.61538461558,5451.923076923078,,5451.923076923078,5451.923076923078,8873.027428584912,,8873.027428584912,8873.027428584912,0.0,,0.0,0.0,83809.66487910743,,83809.66487910743,83809.66487910743,0.0,,0,0,190.2356683100885,,190.2356683100885,190.2356683100885,-2.842170943040401e-14,,-2.842170943040401e-14,-2.842170943040401e-14,-5.684341886080802e-19,,-5.684341886080802e-19,-5.684341886080802e-19,190.21297390808843,,190.21297390808843,190.21297390808843,38.04259478161769,,38.04259478161769,38.04259478161769,142.65973043106632,,142.65973043106632,142.65973043106632,9.510648695404422,,9.510648695404422,9.510648695404422,432.4111241867381,,432.4111241867381,432.4111241867381,25000.0,,25000.0,25000.0,1.0,,1.0,1.0,0.0,,0,0,0.0,,0,0,z1-solvency-baseline-v1,z1-solvency-baseline-v1,870c15db421a318ead7a02d6c9cf4bd2596f212c89978d7484a1c190ce8b70cb,42
55,55.0,,55,55,4991034.886951575,,4991034.886951575,4991034.886951575,0.998206977390315,,0.998206977390315,0.998206977390315,3876767.688655672,,3876767.688655672,3876767.688655672,9999.0,,9999.0,9999.0,99951.92307692328,,99951.92307692328,99951.92307692328,5451.923076923078,,5451.923076923078,5451.923076923078,8873.323319752264,,8873.323319752264,8873.323319752264,0.0,,0.0,0.0,85626.67668024777,,85626.67668024777,85626.67668024777,0.0,,0,0,190.2411355793937,,190.2411355793937,190.2411355793937,-5.684341886080802e-14,,-5.684341886080802e-14,-5.684341886080802e-14,-1.1368683772161604e-18,,-1.1368683772161604e-18,-1.1368683772161604e-18,190.22079462492837,,190.22079462492837,190.22079462492837,38.04415892498568,,38.04415892498568,38.04415892498568,142.6655959686963,,142.6655959686963,142.6655959686963,9.51103973124642,,9.51103973124642,9.51103973124642,441.9221639179845,,441.9221639179845,441.9221639179845,25000.0,,25000.0,25000.0,1.0,,1.0,1.0,0.0,,0,0,0.0,,0,0,z1-solvency-baseline-v1,z1-solvency-baseline-v1,870c15db421a318ead7a02d6c9cf4bd2596f212c89978d7484a1c190ce8b70cb,42
56,56.0,,56,56,4990844.641168872,,4990844.641168872,4990844.641168872,0.9981689282337743,,0.9981689282337743,0.9981689282337743,3901805.7341651223,,3901805.7341651223,3901805.7341651223,9999.0,,9999.0,9999.0,101769.23076923098,,101769.23076923098,101769.23076923098,5451.923076923078,,5451.923076923078,5451.923076923078,8873.574825791768,,8873.574825791768,8873.574825791768,0.0,,0.0,0.0,87443.73286651594,,87443.73286651594,87443.73286651594,0.0,,0,0,190.24578270227926,,190.24578270227926,190.24578270227926,-5.684341886080802e-14,,-5.684341886080802e-14,-5.684341886080802e-14,-1.1368683772161604e-18,,-1.1368683772161604e-18,-1.1368683772161604e-18,190.22754724964113,,190.22754724964113,190.22754724964113,38.045509449928225,,38.045509449928225,38.045509449928225,142.67066043723085,,142.67066043723085,142.67066043723085,9.511377362482056,,9.511377362482056,9.511377362482056,451.43354128046656,,451.43354128046656,451.43354128046656,25000.0,,25000.0,25000.0,1.0,,1.0,1.0,0.0,,0,0,0.0,,0,0,z1-solvency-baseline-v1,z1-solvency-baseline-v1,870c15db421a318ead7a02d6c9cf4bd2596f212c89978d7484a1c190ce8b70cb,42
57,57.0,,57,57,4990654.391436156,,4990654.391436156,4990654.391436156,0.9981308782872311,,0.9981308782872311,0.9981308782872311,3926843.780841423,,3926843.780841423,3926843.780841423,9999.0,,9999.0,9999.0,103586.53846153869,,103586.53846153869,103586.53846153869,5451.923076923078,,5451.923076923078,5451.923076923078,8873.788604862479,,8873.788604862479,8873.788604862479,0.0,,0.0,0.0,89260.82677975293,,89260.82677975293,89260.82677975293,0.0,,0,0,190.2497327159118,,190.2497327159118,190.2497327159118,-2.842170943040401e-14,,-2.842170943040401e-14,-2.842170943040401e-14,-5.684341886080802e-19,,-5.684341886080802e-19,-5.684341886080802e-19,190.23338150550364,,190.23338150550364,190.23338150550364,38.04667630110073,,38.04667630110073,38.04667630110073,142.67503612912773,,142.67503612912773,142.67503612912773,9.511669075275183,,9.511669075275183,9.511669075275183,460.9452103557417,,460.9452103557417,460.9452103557417,25000.0,,25000.0,25000.0,1.0,,1.0,1.0,0.0,,0,0,0.0,,0,0,z1-solvency-baseline-v1,z1-solvency-baseline-v1,870c15db421a318ead7a02d6c9cf4bd2596f212c89978d7484a1c190ce8b70cb,42
58,58.0,,58,58,4990464.138345959,,4990464.138345959,4990464.138345959,0.9980928276691917,,0.9980928276691917,0.9980928276691917,3951881.8285265635,,3951881.8285265635,3951881.8285265635,9999.0,,9999.0,9999.0,105403.84615384639,,105403.84615384639,105403.84615384639,5451.923076923078,,5451.923076923078,5451.923076923078,8873.970316294119,,8873.970316294119,8873.970316294119,0.0,,0.0,0.0,91077.95276062898,,91077.95276062898,91077.95276062898,0.0,,0,0,190.25309019772268,,190.25309019772268,190.25309019772268,-2.842170943040401e-14,,-2.842170943040401e-14,-2.842170943040401e-14,-5.684341886080802e-19,,-5.684341886080802e-19,-5.684341886080802e-19,190.23842570293715,,190.23842570293715,190.23842570293715,38.04768514058743,,38.04768514058743,38.04768514058743,142.67881927720285,,142.67881927720285,142.67881927720285,9.511921285146858,,9.511921285146858,9.511921285146858,470.4571316408886,,470.4571316408886,470.4571316408886,25000.0,,25000.0,25000.0,1.0,,1.0,1.0,0.0,,0,0,0.0,,0,0,z1-solvency-baseline-v1,z1-solvency-baseline-v1,870c15db421a318ead7a02d6c9cf4bd2596f212c89978d7484a1c190ce8b70cb,42
59,59.0,,59,59,4990273.882401924,,4990273.882401924,4990273.882401924,0.9980547764803848,,0.9980547764803848,0.9980547764803848,3976919.8770845328,,3976919.8770845328,3976919.8770845328,9999.0,,9999.0,9999.0,107221.15384615409,,107221.15384615409,107221.15384615409,5451.923076923078,,5451.923076923078,5451.923076923078,8874.124770440243,,8874.124770440243,8874.124770440243,0.0,,0.0,0.0,92895.10599879055,,92895.10599879055,92895.10599879055,0.0,,0,0,190.25594403551628,,190.25594403551628,190.25594403551628,-2.842170943040401e-14,,-2.842170943040401e-14,-2.842170943040401e-14,-5.684341886080802e-19,,-5.684341886080802e-19,-5.684341886080802e-19,190.24278984792696,,190.24278984792696,190.24278984792696,38.04855796958539,,38.04855796958539,38.04855796958539,142.6820923859452,,142.6820923859452,142.6820923859452,9.512139492396347,,9.512139492396347,9.512139492396347,479.9692711332849,,479.9692711332849,479.9692711332849,25000.0,,25000.0,25000.0,1.0,,1.0,1.0,0.0,,0,0,0.0,,0,0,z1-solvency-baseline-v1,z1-solvency-baseline-v1,870c15db421a318ead7a02d6c9cf4bd2596f212c89978d7484a1c190ce8b70cb,42
60,60.0,,60,60,4990083.624032142,,4990083.624032142,4990083.624032142,0.9980167248064283,,0.9980167248064283,0.9980167248064283,4001957.9263981916,,4001957.9263981916,4001957.9263981916,9999.0,,9999.0,9999.0,109038.4615384618,,109038.4615384618,109038.4615384618,5451.923076923078,,5451.923076923078,5451.923076923078,8874.256056045528,,8874.256056045528,8874.256056045528,0.0,,0.0,0.0,94712.28240549297,,94712.28240549297,94712.28240549297,0.0,,0,0,190.25836978174237,,190.25836978174237,190.25836978174237,-2.842170943040401e-14,,-2.842170943040401e-14,-2.842170943040401e-14,-5.684341886080802e-19,,-5.684341886080802e-19,-5.684341886080802e-19,190.24656829420644,,190.24656829420644,190.24656829420644,38.04931365884129,,38.04931365884129,38.04931365884129,142.68492622065486,,142.68492622065486,142.68492622065486,9.512328414710323,,9.512328414710323,9.512328414710323,489.48159954799524,,489.48159954799524,489.48159954799524,25000.0,,25000.0,25000.0,1.0,,1.0,1.0,0.0,,0,0,0.0,,0,0,z1-solvency-baseline-v1,z1-solvency-baseline-v1,870c15db421a318ead7a02d6c9cf4bd2596f212c89978d7484a1c190ce8b70cb,42
61,61.0,,61,61,4989893.363600488,,4989893.363600488,4989893.363600488,0.9979786727200975,,0.9979786727200975,0.9979786727200975,4026995.976366593,,4026995.976366593,4026995.976366593,9999.0,,9999.0,9999.0,110855.7692307695,,110855.7692307695,110855.7692307695,5451.923076923078,,5451.923076923078,5451.923076923078,8874.367648502235,,8874.367648502235,8874.367648502235,0.0,,0.0,0.0,96529.47850534394,,96529.47850534394,96529.47850534394,0.0,,0,0,190.26043165439822,,190.26043165439822,190.26043165439822,-2.842170943040401e-14,,-2.842170943040401e-14,-2.842170943040401e-14,-5.684341886080802e-19,,-5.684341886080802e-19,-5.684341886080802e-19,190.24984200673657,,190.24984200673657,190.24984200673657,38.049968401347314,,38.049968401347314,38.049968401347314,142.68738150505243,,142.68738150505243,142.68738150505243,9.512492100336829,,9.512492100336829,9.512492100336829,498.9940916483321,,498.9940916483321,498.9940916483321,25000.0,,25000.0,25000.0,1.0,,1.0,1.0,0.0,,0,0,0.0,,0,0,z1-solvency-baseline-v1,z1-solvency-baseline-v1,870c15db421a318ead7a02d6c9cf4bd2596f212c89978d7484a1c190ce8b70cb,42
62,62.0,,62,62,4989703.101416251,,4989703.101416251,4989703.101416251,0.9979406202832501,,0.9979406202832501,0.9979406202832501,4052034.026902692,,4052034.026902692,4052034.026902692,9999.0,,9999.0,9999.0,112673.0769230772,,112673.0769230772,112673.0769230772,5451.923076923078,,5451.923076923078,5451.923076923078,8874.462501864084,,8874.462501864084,8874.462501864084,0.0,,0.0,0.0,98346.6913442898,,98346.6913442898,98346.6913442898,0.0,,0,0,190.2621842376298,,190.2621842376298,190.2621842376298,-2.842170943040401e-14,,-2.842170943040401e-14,-2.842170943040401e-14,-5.684341886080802e-19,,-5.684341886080802e-19,-5.684341886080802e-19,190.25268049394342,,190.25268049394342,190.25268049394342,38.050536098788676,,38.050536098788676,38.050536098788676,142.68951037045753,,142.68951037045753,142.68951037045753,9.512634024697169,,9.512634024697169,9.512634024697169,508.5067256730293,,508.5067256730293,508.5067256730293,25000.0,,25000.0,25000.0,1.0,,1.0,1.0,0.0,,0,0,0.0,,0,0,z1-solvency-baseline-v1,z1-solvency-baseline-v1,870c15db421a318ead7a02d6c9cf4bd2596f212c89978d7484a1c190ce8b70cb,42
63,63.0,,63,63,4989512.837742323,,4989512.837742323,4989512.837742323,0.9979025675484646,,0.9979025675484646,0.9979025675484646,4077072.077931383,,4077072.077931383,4077072.077931383,9999.0,,9999.0,9999.0,114490.3846153849,,114490.3846153849,114490.3846153849,5451.923076923078,,5451.923076923078,5451.923076923078,8874.543127055033,,8874.543127055033,8874.543127055033,0.0,,0.0,0.0,100163.91841140653,,100163.91841140653,100163.91841140653,0.0,,0,0,190.26367392712314,,190.26367392712314,190.26367392712314,-5.684341886080802e-14,,-5.684341886080802e-14,-5.684341886080802e-14,-1.1368683772161604e-18,,-1.1368683772161604e-18,-1.1368683772161604e-18,190.25514345761934,,190.25514345761934,190.25514345761934,38.05102869152387,,38.05102869152387,38.05102869152387,142.69135759321452,,142.69135759321452,142.69135759321452,9.512757172880967,,9.512757172880967,9.512757172880967,518.0194828459103,,518.0194828459103,518.0194828459103,25000.0,,25000.0,25000.0,1.0,,1.0,1.0,0.0,,0,0,0.0,,0,0,z1-solvency-baseline-v1,z1-solvency-baseline-v1,870c15db421a318ead7a02d6c9cf4bd2596f212c89978d7484a1c190ce8b70cb,42
64,64.0,,64,64,4989322.572802165,,4989322.572802165,4989322.572802165,0.9978645145604329,,0.9978645145604329,0.9978645145604329,4102110.1293878234,,4102110.1293878234,4102110.1293878234,9999.0,,9999.0,9999.0,116307.6923076926,,116307.6923076926,116307.6923076926,5451.923076923078,,5451.923076923078,5451.923076923078,8874.61165834457,,8874.61165834457,8874.61165834457,0.0,,0.0,0.0,101981.15757242468,,101981.15757242468,101981.15757242468,0.0,,0,0,190.26494015860092,,190.26494015860092,190.26494015860092,-5.684341886080802e-14,,-5.684341886080802e-14,-5.684341886080802e-14,-1.1368683772161604e-18,,-1.1368683772161604e-18,-1.1368683772161604e-18,190.2572822021224,,190.2572822021224,190.2572822021224,38.05145644042448,,38.05145644042448,38.05145644042448,142.69296165159182,,142.69296165159182,142.69296165159182,9.51286411010612,,9.51286411010612,9.51286411010612,527.5323469560163,,527.5323469560163,527.5323469560163,25000.0,,25000.0,25000.0,1.0,,1.0,1.0,0.0,,0,0,0.0,,0,0,z1-solvency-baseline-v1,z1-solvency-baseline-v1,870c15db421a318ead7a02d6c9cf4bd2596f212c89978d7484a1c190ce8b70cb,42
65,65.0,,65,65,4989132.306785713,,4989132.306785713,4989132.306785713,0.9978264613571426,,0.9978264613571426,0.9978264613571426,4127148.1812159913,,4127148.1812159913,4127148.1812159913,9999.0,,9999.0,9999.0,118125.0000000003,,118125.0000000003,118125.0000000003,5451.923076923078,,5451.923076923078,5451.923076923078,8874.669909850138,,8874.669909850138,8874.669909850138,0.0,,0.0,0.0,103798.40701322681,,103798.40701322681,103798.40701322681,0.0,,0,0,190.2660164519824,,190.2660164519824,190.2660164519824,-8.526512829121202e-14,,-8.526512829121202e-14,-8.526512829121202e-14,-1.7053025658242405e-18,,-1.7053025658242405e-18,-1.7053025658242405e-18,190.25914083832285,,190.25914083832285,190.25914083832285,38.051828167664574,,38.051828167664574,38.051828167664574,142.69435562874213,,142.69435562874213,142.69435562874213,9.512957041916144,,9.512957041916144,9.512957041916144,537.0453039979325,,537.0453039979325,537.0453039979325,25000.0,,25000.0,25000.0,1.0,,1.0,1.0,0.0,,0,0,0.0,,0,0,z1-solvency-baseline-v1,z1-solvency-baseline-v1,870c15db421a318ead7a02d6c9cf4bd2596f212c89978d7484a1c190ce8b70cb,42
66,66.0,,66,66,4988942.039854414,,4988942.039854414,4988942.039854414,0.9977884079708828,,0.9977884079708828,0.9977884079708828,4152186.233367454,,4152186.233367454,4152186.233367454,9999.0,,9999.0,9999.0,119942.30769230801,,119942.30769230801,119942.30769230801,5451.923076923078,,5451.923076923078,5451.923076923078,8874.719423563043,,8874.719423563043,8874.719423563043,0.0,,0.0,0.0,105615.66519182161,,105615.66519182161,105615.66519182161,0.0,,0,0,190.26693129887408,,190.26693129887408,190.26693129887408,-8.526512829121202e-14,,-8.526512829121202e-14,-8.526512829121202e-14,-1.7053025658242405e-18,,-1.7053025658242405e-18,-1.7053025658242405e-18,190.26075731248955,,190.26075731248955,190.26075731248955,38.0521514624979,,38.0521514624979,38.0521514624979,142.69556798436713,,142.69556798436713,142.69556798436713,9.513037865624476,,9.513037865624476,9.513037865624476,546.558341863557,,546.558341863557,546.558341863557,25000.0,,25000.0,25000.0,1.0,,1.0,1.0,0.0,,0,0,0.0,,0,0,z1-solvency-baseline-v1,z1-solvency-baseline-v1,870c15db421a318ead7a02d6c9cf4bd2596f212c89978d7484a1c190ce8b70cb,42
67,67.0,,67,67,4988751.772145496,,4988751.772145496,4988751.772145496,0.9977503544290991,,0.9977503544290991,0.9977503544290991,4177224.285800311,,4177224.285800311,4177224.285800311,9999.0,,9999.0,9999.0,121759.61538461571,,121759.61538461571,121759.61538461571,5451.923076923078,,5451.923076923078,5451.923076923078,8874.761510169646,,8874.761510169646,8874.761510169646,0.0,,0.0,0.0,107432.9307975227,,107432.9307975227,107432.9307975227,0.0,,0,0,190.2677089169039,,190.2677089169039,190.2677089169039,-8.526512829121202e-14,,-8.526512829121202e-14,-8.526512829121202e-14,-1.7053025658242405e-18,,-1.7053025658242405e-18,-1.7053025658242405e-18,190.26216428583126,,190.26216428583126,190.26216428583126,38.05243285716625,,38.05243285716625,38.05243285716625,142.69662321437343,,142.69662321437343,142.69662321437343,9.513108214291563,,9.513108214291563,9.513108214291563,556.0714500778486,,556.0714500778486,556.0714500778486,25000.0,,25000.0,25000.0,1.0,,1.0,1.0,0.0,,0,0,0.0,,0,0,z1-solvency-baseline-v1,z1-solvency-baseline-v1,870c15db421a318ead7a02d6c9cf4bd2596f212c89978d7484a1c190ce8b70cb,42
68,68.0,,68,68,4988561.503775605,,4988561.503775605,4988561.503775605,0.997712300755121,,0.997712300755121,0.997712300755121,4202262.338478288,,4202262.338478288,4202262.338478288,9999.0,,9999.0,9999.0,123576.92307692341,,123576.92307692341,123576.92307692341,5451.923076923078,,5451.923076923078,5451.923076923078,8874.797283748765,,8874.797283748765,8874.797283748765,0.0,,0.0,0.0,109250.20271625127,,109250.20271625127,109250.20271625127,0.0,,0,0,190.26836989088184,,190.26836989088184,190.26836989088184,-8.526512829121202e-14,,-8.526512829121202e-14,-8.526512829121202e-14,-1.7053025658242405e-18,,-1.7053025658242405e-18,-1.7053025658242405e-18,190.26338988660535,,190.26338988660535,190.26338988660535,38.052677977321075,,38.052677977321075,38.052677977321075,142.697542414954,,142.697542414954,142.697542414954,9.513169494330269,,9.513169494330269,9.513169494330269,565.5846195721788,,565.5846195721788,565.5846195721788,25000.0,,25000.0,25000.0,1.0,,1.0,1.0,0.0,,0,0,0.0,,0,0,z1-solvency-baseline-v1,z1-solvency-baseline-v1,870c15db421a318ead7a02d6c9cf4bd2596f212c89978d7484a1c190ce8b70cb,42
69,69.0,,69,69,4988371.234843887,,4988371.234843887,4988371.234843887,0.9976742469687775,,0.9976742469687775,0.9976742469687775,4227300.391369958,,4227300.391369958,4227300.391369958,9999.0,,9999.0,9999.0,125394.23076923112,,125394.23076923112,125394.23076923112,5451.923076923078,,5451.923076923078,5451.923076923078,8874.82769126401,,8874.82769126401,8874.82769126401,0.0,,0.0,0.0,111067.4800010437,,111067.4800010437,111067.4800010437,0.0,,0,0,190.26893171776908,,190.26893171776908,190.26893171776908,-8.526512829121202e-14,,-8.526512829121202e-14,-8.526512829121202e-14,-1.7053025658242405e-18,,-1.7053025658242405e-18,-1.7053025658242405e-18,190.26445835346306,,190.26445835346306,190.26445835346306,38.05289167069261,,38.05289167069261,38.05289167069261,142.6983437650973,,142.6983437650973,142.6983437650973,9.513222917673152,,9.513222917673152,9.513222917673152,575.0978424898519,,575.0978424898519,575.0978424898519,25000.0,,25000.0,25000.0,1.0,,1.0,1.0,0.0,,0,0,0.0,,0,0,z1-solvency-baseline-v1,z1-solvency-baseline-v1,870c15db421a318ead7a02d6c9cf4bd2596f212c89978d7484a1c190ce8b70cb,42
70,70.0,,70,70,4988180.965434618,,4988180.965434618,4988180.965434618,0.9976361930869236,,0.9976361930869236,0.9976361930869236,4252338.444448075,,4252338.444448075,4252338.444448075,9999.0,,9999.0,9999.0,127211.53846153882,,127211.53846153882,127211.53846153882,5451.923076923078,,5451.923076923078,5451.923076923078,8874.853537631976,,8874.853537631976,8874.853537631976,0.0,,0.0,0.0,112884.76184698343,,112884.76184698343,112884.76184698343,0.0,,0,0,190.26940926988937,,190.26940926988937,190.26940926988937,-5.684341886080802e-14,,-5.684341886080802e-14,-5.684341886080802e-14,-1.1368683772161604e-18,,-1.1368683772161604e-18,-1.1368683772161604e-18,190.26539058594466,,190.26539058594466,190.26539058594466,38.05307811718893,,38.05307811718893,38.05307811718893,142.6990429394585,,142.6990429394585,142.6990429394585,9.513269529297233,,9.513269529297233,9.513269529297233,584.6111120191492,,584.6111120191492,584.6111120191492,25000.0,,25000.0,25000.0,1.0,,1.0,1.0,0.0,,0,0,0.0,,0,0,z1-solvency-baseline-v1,z1-solvency-baseline-v1,870c15db421a318ead7a02d6c9cf4bd2596f212c89978d7484a1c190ce8b70cb,42
71,71.0,,71,71,4987990.695619429,,4987990.695619429,4987990.695619429,0.9975981391238858,,0.9975981391238858,0.9975981391238858,4277376.4976889985,,4277376.4976889985,4277376.4976889985,9999.0,,9999.0,9999.0,129028.84615384652,,129028.84615384652,129028.84615384652,5451.923076923078,,5451.923076923078,5451.923076923078,8874.875507029932,,8874.875507029932,8874.875507029932,0.0,,0.0,0.0,114702.04756989317,,114702.04756989317,114702.04756989317,0.0,,0,0,190.26981518864932,,190.26981518864932,190.26981518864932,-8.526512829121202e-14,,-8.526512829121202e-14,-8.526512829121202e-14,-1.7053025658242405e-18,,-1.7053025658242405e-18,-1.7053025658242405e-18,190.26620461568947,,190.26620461568947,190.26620461568947,38.0532409231379,,38.0532409231379,38.0532409231379,142.6996534617671,,142.6996534617671,142.6996534617671,9.513310230784475,,9.513310230784475,9.513310230784475,594.1244222499338,,594.1244222499338,594.1244222499338,25000.0,,25000.0,25000.0,1.0,,1.0,1.0,0.0,,0,0,0.0,,0,0,z1-solvency-baseline-v1,z1-solvency-baseline-v1,870c15db421a318ead7a02d6c9cf4bd2596f212c89978d7484a1c190ce8b70cb,42
72,72.0,,72,72,4987800.42545921,,4987800.42545921,4987800.42545921,0.997560085091842,,0.997560085091842,0.997560085091842,4302414.551072201,,4302414.551072201,4302414.551072201,9999.0,,9999.0,9999.0,130846.15384615422,,130846.15384615422,130846.15384615422,5451.923076923078,,5451.923076923078,5451.923076923078,8874.894181007212,,8874.894181007212,8874.894181007212,0.0,,0.0,0.0,116519.33658822358,,116519.33658822358,116519.33658822358,0.0,,0,0,190.27016021919422,,190.27016021919422,190.27016021919422,-8.526512829121202e-14,,-8.526512829121202e-14,-8.526512829121202e-14,-1.7053025658242405e-18,,-1.7053025658242405e-18,-1.7053025658242405e-18,190.26691600992595,,190.26691600992595,190.26691600992595,38.05338320198519,,38.05338320198519,38.05338320198519,142.70018700744447,,142.70018700744447,142.70018700744447,9.513345800496298,,9.513345800496298,9.513345800496298,603.63776805043,,603.63776805043,603.63776805043,25000.0,,25000.0,25000.0,1.0,,1.0,1.0,0.0,,0,0,0.0,,0,0,z1-solvency-baseline-v1,z1-solvency-baseline-v1,870c15db421a318ead7a02d6c9cf4bd2596f212c89978d7484a1c190ce8b70cb,42
73,73.0,,73,73,4987610.155005716,,4987610.155005716,4987610.155005716,0.9975220310011431,,0.9975220310011431,0.9975220310011431,4327452.604579844,,4327452.604579844,4327452.604579844,9999.0,,9999.0,9999.0,132663.4615384619,,132663.4615384619,132663.4615384619,5451.923076923078,,5451.923076923078,5451.923076923078,8874.91005387975,,8874.91005387975,8874.91005387975,0.0,,0.0,0.0,118336.62840765875,,118336.62840765875,118336.62840765875,0.0,,0,0,190.27045349486062,,190.27045349486062,190.27045349486062,-8.526512829121202e-14,,-8.526512829121202e-14,-8.526512829121202e-14,-1.7053025658242405e-18,,-1.7053025658242405e-18,-1.7053025658242405e-18,190.2675382171055,,190.2675382171055,190.2675382171055,38.0535076434211,,38.0535076434211,38.0535076434211,142.70065366282913,,142.70065366282913,142.70065366282913,9.513376910855275,,9.513376910855275,9.513376910855275,613.1511449612854,,613.1511449612854,613.1511449612854,25000.0,,25000.0,25000.0,1.0,,1.0,1.0,0.0,,0,0,0.0,,0,0,z1-solvency-baseline-v1,z1-solvency-baseline-v1,870c15db421a318ead7a02d6c9cf4bd2596f212c89978d7484a1c190ce8b70cb,42
74,74.0,,74,74,4987419.8843029365,,4987419.8843029365,4987419.8843029365,0.9974839768605873,,0.9974839768605873,0.9974839768605873,4352490.658196416,,4352490.658196416,4352490.658196416,9999.0,,9999.0,9999.0,134480.7692307696,,134480.7692307696,134480.7692307696,5451.923076923078,,5451.923076923078,5451.923076923078,8874.923545815358,,8874.923545815358,8874.923545815358,0.0,,0.0,0.0,120153.92260803081,,120153.92260803081,120153.92260803081,0.0,,0,0,190.27070277895726,,190.27070277895726,190.27070277895726,-8.526512829121202e-14,,-8.526512829121202e-14,-8.526512829121202e-14,-1.7053025658242405e-18,,-1.7053025658242405e-18,-1.7053025658242405e-18,190.26808286309196,,190.26808286309196,190.26808286309196,38.05361657261839,,38.05361657261839,38.05361657261839,142.70106214731896,,142.70106214731896,142.70106214731896,9.513404143154597,,9.513404143154597,9.513404143154597,622.66454910444,,622.66454910444,622.66454910444,25000.0,,25000.0,25000.0,1.0,,1.0,1.0,0.0,,0,0,0.0,,0,0,z1-solvency-baseline-v1,z1-solvency-baseline-v1,870c15db421a318ead7a02d6c9cf4bd2596f212c89978d7484a1c190ce8b70cb,42
75,75.0,,75,75,4987229.613388266,,4987229.613388266,4987229.613388266,0.9974459226776533,,0.9974459226776533,0.9974459226776533,4377528.711908416,,4377528.711908416,4377528.711908416,9999.0,,9999.0,9999.0,136298.0769230773,,136298.0769230773,136298.0769230773,5451.923076923078,,5451.923076923078,5451.923076923078,8874.935013956132,,8874.935013956132,8874.935013956132,0.0,,0.0,0.0,121971.21883219773,,121971.21883219773,121971.21883219773,0.0,,0,0,190.2709146702765,,190.2709146702765,190.2709146702765,-8.526512829121202e-14,,-8.526512829121202e-14,-8.526512829121202e-14,-1.7053025658242405e-18,,-1.7053025658242405e-18,-1.7053025658242405e-18,190.26856000508417,,190.26856000508417,190.26856000508417,38.05371200101684,,38.05371200101684,38.05371200101684,142.70142000381313,,142.70142000381313,142.70142000381313,9.51342800025421,,9.51342800025421,9.51342800025421,632.1779771046943,,632.1779771046943,632.1779771046943,25000.0,,25000.0,25000.0,1.0,,1.0,1.0,0.0,,0,0,0.0,,0,0,z1-solvency-baseline-v1,z1-solvency-baseline-v1,870c15db421a318ead7a02d6c9cf4bd2596f212c89978d7484a1c190ce8b70cb,42
76,76.0,,76,76,4987039.342293489,,4987039.342293489,4987039.342293489,0.9974078684586978,,0.9974078684586978,0.9974078684586978,4402566.765704085,,4402566.765704085,4402566.765704085,9999.0,,9999.0,9999.0,138115.38461538497,,138115.38461538497,138115.38461538497,5451.923076923078,,5451.923076923078,5451.923076923078,8874.944761872448,,8874.944761872448,8874.944761872448,0.0,,0.0,0.0,123788.51677658912,,123788.51677658912,123788.51677658912,0.0,,0,0,190.27109477777708,,190.27109477777708,190.27109477777708,-1.1368683772161603e-13,,-1.1368683772161603e-13,-1.1368683772161603e-13,-2.2737367544323208e-18,,-2.2737367544323208e-18,-2.2737367544323208e-18,190.26897834939604,,190.26897834939604,190.26897834939604,38.05379566987921,,38.05379566987921,38.05379566987921,142.701733762047,,142.701733762047,142.701733762047,9.513448917469802,,9.513448917469802,9.513448917469802,641.6914260221641,,641.6914260221641,641.6914260221641,25000.0,,25000.0,25000.0,1.0,,1.0,1.0,0.0,,0,0,0.0,,0,0,z1-solvency-baseline-v1,z1-solvency-baseline-v1,870c15db421a318ead7a02d6c9cf4bd2596f212c89978d7484a1c190ce8b70cb,42
77,77.0,,77,77,4986849.07104562,,4986849.07104562,4986849.07104562,0.9973698142091241,,0.9973698142091241,0.9973698142091241,4427604.819573173,,4427604.819573173,4427604.819573173,9999.0,,9999.0,9999.0,139932.69230769266,,139932.69230769266,139932.69230769266,5451.923076923078,,5451.923076923078,5451.923076923078,8874.953047598834,,8874.953047598834,8874.953047598834,0.0,,0.0,0.0,125605.81618317042,,125605.81618317042,125605.81618317042,0.0,,0,0,190.27124786906288,,190.27124786906288,190.27124786906288,-1.1368683772161603e-13,,-1.1368683772161603e-13,-1.1368683772161603e-13,-2.2737367544323208e-18,,-2.2737367544323208e-18,-2.2737367544323208e-18,190.26934543832078,,190.26934543832078,190.26934543832078,38.05386908766416,,38.05386908766416,38.05386908766416,142.7020090787406,,142.7020090787406,142.7020090787406,9.51346727191604,,9.51346727191604,9.51346727191604,651.2048932940802,,651.2048932940802,651.2048932940802,25000.0,,25000.0,25000.0,1.0,,1.0,1.0,0.0,,0,0,0.0,,0,0,z1-solvency-baseline-v1,z1-solvency-baseline-v1,870c15db421a318ead7a02d6c9cf4bd2596f212c89978d7484a1c190ce8b70cb,42
78,78.0,,78,78,4986658.799667624,,4986658.799667624,4986658.799667624,0.9973317599335247,,0.9973317599335247,0.9973317599335247,4452642.873506735,,4452642.873506735,4452642.873506735,9999.0,,9999.0,9999.0,141750.00000000035,,141750.00000000035,141750.00000000035,5451.923076923078,,5451.923076923078,5451.923076923078,8874.960090464414,,8874.960090464414,8874.960090464414,0.0,,0.0,0.0,127423.11683261253,,127423.11683261253,127423.11683261253,0.0,,0,0,190.27137799658922,,190.27137799658922,190.27137799658922,-1.1368683772161603e-13,,-1.1368683772161603e-13,-1.1368683772161603e-13,-2.2737367544323208e-18,,-2.2737367544323208e-18,-2.2737367544323208e-18,190.26966781054233,,190.26966781054233,190.26966781054233,38.05393356210846,,38.05393356210846,38.05393356210846,142.70225085790673,,142.70225085790673,142.70225085790673,9.513483390527115,,9.513483390527115,9.513483390527115,660.7183766846072,,660.7183766846072,660.7183766846072,25000.0,,25000.0,25000.0,1.0,,1.0,1.0,0.0,,0,0,0.0,,0,0,z1-solvency-baseline-v1,z1-solvency-baseline-v1,870c15db421a318ead7a02d6c9cf4bd2596f212c89978d7484a1c190ce8b70cb,42
79,79.0,,79,79,4986468.528179019,,4986468.528179019,4986468.528179019,0.9972937056358038,,0.9972937056358038,0.9972937056358038,4477680.927496962,,4477680.927496962,4477680.927496962,9999.0,,9999.0,9999.0,143567.30769230804,,143567.30769230804,143567.30769230804,5451.923076923078,,5451.923076923078,5451.923076923078,8874.966076898781,,8874.966076898781,8874.966076898781,0.0,,0.0,0.0,129240.41853848587,,129240.41853848587,129240.41853848587,0.0,,0,0,190.27148860493716,,190.27148860493716,190.27148860493716,-1.4210854715202004e-13,,-1.4210854715202004e-13,-1.4210854715202004e-13,-2.842170943040401e-18,,-2.842170943040401e-18,-2.842170943040401e-18,190.26995113890354,,190.26995113890354,190.26995113890354,38.0539902277807,,38.0539902277807,38.0539902277807,142.7024633541776,,142.7024633541776,142.7024633541776,9.513497556945175,,9.513497556945175,9.513497556945175,670.2318742415523,,670.2318742415523,670.2318742415523,25000.0,,25000.0,25000.0,1.0,,1.0,1.0,0.0,,0,0,0.0,,0,0,z1-solvency-baseline-v1,z1-solvency-baseline-v1,870c15db421a318ead7a02d6c9cf4bd2596f212c89978d7484a1c190ce8b70cb,42
80,80.0,,80,80,4986278.256596397,,4986278.256596397,4986278.256596397,0.9972556513192793,,0.9972556513192793,0.9972556513192793,4502718.981537032,,4502718.981537032,4502718.981537032,9999.0,,9999.0,9999.0,145384.61538461572,,145384.61538461572,145384.61538461572,5451.923076923078,,5451.923076923078,5451.923076923078,8874.97116536697,,8874.97116536697,8874.97116536697,0.0,,0.0,0.0,131057.72114232536,,131057.72114232536,131057.72114232536,0.0,,0,0,190.27158262199615,,190.27158262199615,190.27158262199615,-1.4210854715202004e-13,,-1.4210854715202004e-13,-1.4210854715202004e-13,-2.842170943040401e-18,,-2.842170943040401e-18,-2.842170943040401e-18,190.27020034878663,,190.27020034878663,190.27020034878663,38.05404006975732,,38.05404006975732,38.05404006975732,142.70265026158995,,142.70265026158995,142.70265026158995,9.51351001743933,,9.51351001743933,9.51351001743933,679.7453842589916,,679.7453842589916,679.7453842589916,25000.0,,25000.0,25000.0,1.0,,1.0,1.0,0.0,,0,0,0.0,,0,0,z1-solvency-baseline-v1,z1-solvency-baseline-v1,870c15db421a318ead7a02d6c9cf4bd2596f212c89978d7484a1c190ce8b70cb,42
81,81.0,,81,81,4986087.98493386,,4986087.98493386,4986087.98493386,0.9972175969867719,,0.9972175969867719,0.9972175969867719,4527757.035620975,,4527757.035620975,4527757.035620975,9999.0,,9999.0,9999.0,147201.9230769234,,147201.9230769234,147201.9230769234,5451.923076923078,,5451.923076923078,5451.923076923078,8874.975490564166,,8874.975490564166,8874.975490564166,0.0,,0.0,0.0,132875.02450943587,,132875.02450943587,132875.02450943587,0.0,,0,0,190.27166253646894,,190.27166253646894,190.27166253646894,-1.7053025658242404e-13,,-1.7053025658242404e-13,-1.7053025658242404e-13,-3.410605131648481e-18,,-3.410605131648481e-18,-3.410605131648481e-18,190.27041971988587,,190.27041971988587,190.27041971988587,38.05408394397718,,38.05408394397718,38.05408394397718,142.7028147899144,,142.7028147899144,142.7028147899144,9.513520985994296,,9.513520985994296,9.513520985994296,689.258905244986,,689.258905244986,689.258905244986,25000.0,,25000.0,25000.0,1.0,,1.0,1.0,0.0,,0,0,0.0,,0,0,z1-solvency-baseline-v1,z1-solvency-baseline-v1,870c15db421a318ead7a02d6c9cf4bd2596f212c89978d7484a1c190ce8b70cb,42
82,82.0,,82,82,4985897.713203396,,4985897.713203396,4985897.713203396,0.9971795426406791,,0.9971795426406791,0.9971795426406791,4552795.0897435695,,4552795.0897435695,4552795.0897435695,9999.0,,9999.0,9999.0,149019.2307692311,,149019.2307692311,149019.2307692311,5451.923076923078,,5451.923076923078,5451.923076923078,8874.979166981213,,8874.979166981213,8874.979166981213,0.0,,0.0,0.0,134692.3285253265,,134692.3285253265,134692.3285253265,0.0,,0,0,190.27173046375046,,190.27173046375046,190.27173046375046,-1.7053025658242404e-13,,-1.7053025658242404e-13,-1.7053025658242404e-13,-3.410605131648481e-18,,-3.410605131648481e-18,-3.410605131648481e-18,190.27061297374894,,190.27061297374894,190.27061297374894,38.05412259474979,,38.05412259474979,38.05412259474979,142.7029597303117,,142.7029597303117,142.7029597303117,9.513530648687448,,9.513530648687448,9.513530648687448,698.7724358936734,,698.7724358936734,698.7724358936734,25000.0,,25000.0,25000.0,1.0,,1.0,1.0,0.0,,0,0,0.0,,0,0,z1-solvency-baseline-v1,z1-solvency-baseline-v1,870c15db421a318ead7a02d6c9cf4bd2596f212c89978d7484a1c190ce8b70cb,42
83,83.0,,83,83,4985707.4414151935,,4985707.4414151935,4985707.4414151935,0.9971414882830387,,0.9971414882830387,0.9971414882830387,4577833.143900239,,4577833.143900239,4577833.143900239,9999.0,,9999.0,9999.0,150836.5384615388,,150836.5384615388,150836.5384615388,5451.923076923078,,5451.923076923078,5451.923076923078,8874.98229193528,,8874.98229193528,8874.98229193528,0.0,,0.0,0.0,136509.63309268013,,136509.63309268013,136509.63309268013,0.0,,0,0,190.27178820192458,,190.27178820192458,190.27178820192458,-1.4210854715202004e-13,,-1.4210854715202004e-13,-1.4210854715202004e-13,-2.842170943040401e-18,,-2.842170943040401e-18,-2.842170943040401e-18,190.27078334911832,,190.27078334911832,190.27078334911832,38.05415666982367,,38.05415666982367,38.05415666982367,142.70308751183873,,142.70308751183873,142.70308751183873,9.513539167455917,,9.513539167455917,9.513539167455917,708.2859750611293,,708.2859750611293,708.2859750611293,25000.0,,25000.0,25000.0,1.0,,1.0,1.0,0.0,,0,0,0.0,,0,0,z1-solvency-baseline-v1,z1-solvency-baseline-v1,870c15db421a318ead7a02d6c9cf4bd2596f212c89978d7484a1c190ce8b70cb,42
84,84.0,,84,84,4985517.169577914,,4985517.169577914,4985517.169577914,0.9971034339155829,,0.9971034339155829,0.9971034339155829,4602871.198086972,,4602871.198086972,4602871.198086972,9999.0,,9999.0,9999.0,152653.84615384648,,152653.84615384648,152653.84615384648,5451.923076923078,,5451.923076923078,5451.923076923078,8874.98494814592,,8874.98494814592,8874.98494814592,0.0,,0.0,0.0,138326.9381287772,,138326.9381287772,138326.9381287772,0.0,,0,0,190.27183727936134,,190.27183727936134,190.27183727936134,-1.4210854715202004e-13,,-1.4210854715202004e-13,-1.4210854715202004e-13,-2.842170943040401e-18,,-2.842170943040401e-18,-2.842170943040401e-18,190.27093366680938,,190.27093366680938,190.27093366680938,38.054186733361874,,38.054186733361874,38.054186733361874,142.70320025010705,,142.70320025010705,142.70320025010705,9.513546683340468,,9.513546683340468,9.513546683340468,717.7995217444698,,717.7995217444698,717.7995217444698,25000.0,,25000.0,25000.0,1.0,,1.0,1.0,0.0,,0,0,0.0,,0,0,z1-solvency-baseline-v1,z1-solvency-baseline-v1,870c15db421a318ead7a02d6c9cf4bd2596f212c89978d7484a1c190ce8b70cb,42
85,85.0,,85,85,4985326.897698919,,4985326.897698919,4985326.897698919,0.9970653795397838,,0.9970653795397838,0.9970653795397838,4627909.252300249,,4627909.252300249,4627909.252300249,9999.0,,9999.0,9999.0,154471.15384615416,,154471.15384615416,154471.15384615416,5451.923076923078,,5451.923076923078,5451.923076923078,8874.98720592473,,8874.98720592473,8874.98720592473,0.0,,0.0,0.0,140144.24356330608,,140144.24356330608,140144.24356330608,0.0,,0,0,190.27187899517415,,190.27187899517415,190.27187899517415,-1.4210854715202004e-13,,-1.4210854715202004e-13,-1.4210854715202004e-13,-2.842170943040401e-18,,-2.842170943040401e-18,-2.842170943040401e-18,190.27106638561094,,190.27106638561094,190.27106638561094,38.054213277122194,,38.054213277122194,38.054213277122194,142.70329978920822,,142.70329978920822,142.70329978920822,9.513553319280549,,9.513553319280549,9.513553319280549,727.3130750637504,,727.3130750637504,727.3130750637504,25000.0,,25000.0,25000.0,1.0,,1.0,1.0,0.0,,0,0,0.0,,0,0,z1-solvency-baseline-v1,z1-solvency-baseline-v1,870c15db421a318ead7a02d6c9cf4bd2596f212c89978d7484a1c190ce8b70cb,42
86,86.0,,86,86,4985136.625784466,,4985136.625784466,4985136.625784466,0.9970273251568932,,0.9970273251568932,0.9970273251568932,4652947.306536979,,4652947.306536979,4652947.306536979,9999.0,,9999.0,9999.0,156288.46153846185,,156288.46153846185,156288.46153846185,5451.923076923078,,5451.923076923078,5451.923076923078,8874.98912503654,,8874.98912503654,8874.98912503654,0.0,,0.0,0.0,141961.54933650195,,141961.54933650195,141961.54933650195,0.0,,0,0,190.2719144536088,,190.2719144536088,190.2719144536088,-1.1368683772161603e-13,,-1.1368683772161603e-13,-1.1368683772161603e-13,-2.2737367544323208e-18,,-2.2737367544323208e-18,-2.2737367544323208e-18,190.27118365047994,,190.27118365047994,190.27118365047994,38.05423673009599,,38.05423673009599,38.05423673009599,142.70338773785994,,142.70338773785994,142.70338773785994,9.513559182523997,,9.513559182523997,9.513559182523997,736.8266342462745,,736.8266342462745,736.8266342462745,25000.0,,25000.0,25000.0,1.0,,1.0,1.0,0.0,,0,0,0.0,,0,0,z1-solvency-baseline-v1,z1-solvency-baseline-v1,870c15db421a318ead7a02d6c9cf4bd2596f212c89978d7484a1c190ce8b70cb,42
87,87.0,,87,87,4984946.353839873,,4984946.353839873,4984946.353839873,0.9969892707679747,,0.9969892707679747,0.9969892707679747,4677985.3607944455,,4677985.3607944455,4677985.3607944455,9999.0,,9999.0,9999.0,158105.76923076954,,158105.76923076954,158105.76923076954,5451.923076923078,,5451.923076923078,5451.923076923078,8874.990756281448,,8874.990756281448,8874.990756281448,0.0,,0.0,0.0,143778.85539756474,,143778.85539756474,143778.85539756474,0.0,,0,0,190.27194459327353,,190.27194459327353,190.27194459327353,-1.1368683772161603e-13,,-1.1368683772161603e-13,-1.1368683772161603e-13,-2.2737367544323208e-18,,-2.2737367544323208e-18,-2.2737367544323208e-18,190.27128733411735,,190.27128733411735,190.27128733411735,38.05425746682347,,38.05425746682347,38.05425746682347,142.703465500588,,142.703465500588,142.703465500588,9.513564366705868,,9.513564366705868,9.513564366705868,746.3401986129803,,746.3401986129803,746.3401986129803,25000.0,,25000.0,25000.0,1.0,,1.0,1.0,0.0,,0,0,0.0,,0,0,z1-solvency-baseline-v1,z1-solvency-baseline-v1,870c15db421a318ead7a02d6c9cf4bd2596f212c89978d7484a1c190ce8b70cb,42
88,88.0,,88,88,4984756.081869662,,4984756.081869662,4984756.081869662,0.9969512163739324,,0.9969512163739324,0.9969512163739324,4703023.41507026,,4703023.41507026,4703023.41507026,9999.0,,9999.0,9999.0,159923.07692307723,,159923.07692307723,159923.07692307723,5451.923076923078,,5451.923076923078,5451.923076923078,8874.992142839521,,8874.992142839521,8874.992142839521,0.0,,0.0,0.0,145596.16170331437,,145596.16170331437,145596.16170331437,0.0,,0,0,190.2719702119851,,190.2719702119851,190.2719702119851,-1.1368683772161603e-13,,-1.1368683772161603e-13,-1.1368683772161603e-13,-2.2737367544323208e-18,,-2.2737367544323208e-18,-2.2737367544323208e-18,190.27137907285788,,190.27137907285788,190.27137907285788,38.05427581457158,,38.05427581457158,38.05427581457158,142.70353430464343,,142.70353430464343,142.70353430464343,9.513568953642896,,9.513568953642896,9.513568953642896,755.8537675666231,,755.8537675666231,755.8537675666231,25000.0,,25000.0,25000.0,1.0,,1.0,1.0,0.0,,0,0,0.0,,0,0,z1-solvency-baseline-v1,z1-solvency-baseline-v1,870c15db421a318ead7a02d6c9cf4bd2596f212c89978d7484a1c190ce8b70cb,42
89,89.0,,89,89,4984565.809877674,,4984565.809877674,4984565.809877674,0.9969131619755348,,0.9969131619755348,0.9969131619755348,4728061.469362319,,4728061.469362319,4728061.469362319,9999.0,,9999.0,9999.0,161740.38461538492,,161740.38461538492,161740.38461538492,5451.923076923078,,5451.923076923078,5451.923076923078,8874.993321413811,,8874.993321413811,8874.993321413811,0.0,,0.0,0.0,147413.46821704778,,147413.46821704778,147413.46821704778,0.0,,0,0,190.27199198788736,,190.27199198788736,190.27199198788736,-1.1368683772161603e-13,,-1.1368683772161603e-13,-1.1368683772161603e-13,-2.2737367544323208e-18,,-2.2737367544323208e-18,-2.2737367544323208e-18,190.27146029767118,,190.27146029767118,190.27146029767118,38.054292059534234,,38.054292059534234,38.054292059534234,142.7035952232534,,142.7035952232534,142.7035952232534,9.513573014883558,,9.513573014883558,9.513573014883558,765.3673405815067,,765.3673405815067,765.3673405815067,25000.0,,25000.0,25000.0,1.0,,1.0,1.0,0.0,,0,0,0.0,,0,0,z1-solvency-baseline-v1,z1-solvency-baseline-v1,870c15db421a318ead7a02d6c9cf4bd2596f212c89978d7484a1c190ce8b70cb,42
90,90.0,,90,90,4984375.537867177,,4984375.537867177,4984375.537867177,0.9968751075734354,,0.9968751075734354,0.9968751075734354,4753099.523668772,,4753099.523668772,4753099.523668772,9999.0,,9999.0,9999.0,163557.6923076926,,163557.6923076926,163557.6923076926,5451.923076923078,,5451.923076923078,5451.923076923078,8874.994323201903,,8874.994323201903,8874.994323201903,0.0,,0.0,0.0,149230.77490756736,,149230.77490756736,149230.77490756736,0.0,,0,0,190.27201049740228,,190.27201049740228,190.27201049740228,-1.4210854715202004e-13,,-1.4210854715202004e-13,-1.4210854715202004e-13,-2.842170943040401e-18,,-2.842170943040401e-18,-2.842170943040401e-18,190.2715322609578,,190.2715322609578,190.2715322609578,38.05430645219157,,38.05430645219157,38.05430645219157,142.70364919571836,,142.70364919571836,142.70364919571836,9.513576613047892,,9.513576613047892,9.513576613047892,774.8809171945545,,774.8809171945545,774.8809171945545,25000.0,,25000.0,25000.0,1.0,,1.0,1.0,0.0,,0,0,0.0,,0,0,z1-solvency-baseline-v1,z1-solvency-baseline-v1,870c15db421a318ead7a02d6c9cf4bd2596f212c89978d7484a1c190ce8b70cb,42
91,91.0,,91,91,4984185.265840947,,4984185.265840947,4984185.265840947,0.9968370531681894,,0.9968370531681894,0.9968370531681894,4778137.577987984,,4778137.577987984,4778137.577987984,9999.0,,9999.0,9999.0,165375.0000000003,,165375.0000000003,165375.0000000003,5451.923076923078,,5451.923076923078,5451.923076923078,8874.99517472174,,8874.99517472174,8874.99517472174,0.0,,0.0,0.0,151048.08174835524,,151048.08174835524,151048.08174835524,0.0,,0,0,190.27202623048856,,190.27202623048856,190.27202623048856,-1.4210854715202004e-13,,-1.4210854715202004e-13,-1.4210854715202004e-13,-2.842170943040401e-18,,-2.842170943040401e-18,-2.842170943040401e-18,190.27159605972716,,190.27159605972716,190.27159605972716,38.05431921194543,,38.05431921194543,38.05431921194543,142.70369704479538,,142.70369704479538,142.70369704479538,9.513579802986358,,9.513579802986358,9.513579802986358,784.394496997541,,784.394496997541,784.394496997541,25000.0,,25000.0,25000.0,1.0,,1.0,1.0,0.0,,0,0,0.0,,0,0,z1-solvency-baseline-v1,z1-solvency-baseline-v1,870c15db421a318ead7a02d6c9cf4bd2596f212c89978d7484a1c190ce8b70cb,42
92,92.0,,92,92,4983994.993801343,,4983994.993801343,4983994.993801343,0.9967989987602687,,0.9967989987602687,0.9967989987602687,4803175.632318514,,4803175.632318514,4803175.632318514,9999.0,,9999.0,9999.0,167192.30769230798,,167192.30769230798,167192.30769230798,5451.923076923078,,5451.923076923078,5451.923076923078,8874.99589851357,,8874.99589851357,8874.99589851357,0.0,,0.0,0.0,152865.3887168711,,152865.3887168711,152865.3887168711,0.0,,0,0,190.2720396036108,,190.2720396036108,190.2720396036108,-1.1368683772161603e-13,,-1.1368683772161603e-13,-1.1368683772161603e-13,-2.2737367544323208e-18,,-2.2737367544323208e-18,-2.2737367544323208e-18,190.27165265565924,,190.27165265565924,190.27165265565924,38.054330531131846,,38.054330531131846,38.054330531131846,142.70373949174441,,142.70373949174441,142.70373949174441,9.513582632782962,,9.513582632782962,9.513582632782962,793.9080796303239,,793.9080796303239,793.9080796303239,25000.0,,25000.0,25000.0,1.0,,1.0,1.0,0.0,,0,0,0.0,,0,0,z1-solvency-baseline-v1,z1-solvency-baseline-v1,870c15db421a318ead7a02d6c9cf4bd2596f212c89978d7484a1c190ce8b70cb,42
93,93.0,,93,93,4983804.721750373,,4983804.721750373,4983804.721750373,0.9967609443500746,,0.9967609443500746,0.9967609443500746,4828213.686659093,,4828213.686659093,4828213.686659093,9999.0,,9999.0,9999.0,169009.61538461567,,169009.61538461567,169009.61538461567,5451.923076923078,,5451.923076923078,5451.923076923078,8874.996513736603,,8874.996513736603,8874.996513736603,0.0,,0.0,0.0,154682.69579395573,,154682.69579395573,154682.69579395573,0.0,,0,0,190.2720509707639,,190.2720509707639,190.2720509707639,-1.1368683772161603e-13,,-1.1368683772161603e-13,-1.1368683772161603e-13,-2.2737367544323208e-18,,-2.2737367544323208e-18,-2.2737367544323208e-18,190.27170289248176,,190.27170289248176,190.27170289248176,38.05434057849636,,38.05434057849636,38.05434057849636,142.70377716936133,,142.70377716936133,142.70377716936133,9.51358514462409,,9.51358514462409,9.51358514462409,803.4216647749479,,803.4216647749479,803.4216647749479,25000.0,,25000.0,25000.0,1.0,,1.0,1.0,0.0,,0,0,0.0,,0,0,z1-solvency-baseline-v1,z1-solvency-baseline-v1,870c15db421a318ead7a02d6c9cf4bd2596f212c89978d7484a1c190ce8b70cb,42
94,94.0,,94,94,4983614.44968974,,4983614.44968974,4983614.44968974,0.9967228899379481,,0.9967228899379481,0.9967228899379481,4853251.741008595,,4853251.741008595,4853251.741008595,9999.0,,9999.0,9999.0,170826.92307692335,,170826.92307692335,170826.92307692335,5451.923076923078,,5451.923076923078,5451.923076923078,8874.997036676164,,8874.997036676164,8874.997036676164,0.0,,0.0,0.0,156500.00296332387,,156500.00296332387,156500.00296332387,0.0,,0,0,190.27206063284342,,190.27206063284342,190.27206063284342,-8.526512829121202e-14,,-8.526512829121202e-14,-8.526512829121202e-14,-1.7053025658242405e-18,,-1.7053025658242405e-18,-1.7053025658242405e-18,190.27174751103314,,190.27174751103314,190.27174751103314,38.05434950220663,,38.05434950220663,38.05434950220663,142.70381063327483,,142.70381063327483,142.70381063327483,9.513587375551657,,9.513587375551657,9.513587375551657,812.9352521504995,,812.9352521504995,812.9352521504995,25000.0,,25000.0,25000.0,1.0,,1.0,1.0,0.0,,0,0,0.0,,0,0,z1-solvency-baseline-v1,z1-solvency-baseline-v1,870c15db421a318ead7a02d6c9cf4bd2596f212c89978d7484a1c190ce8b70cb,42
95,95.0,,95,95,4983424.177620895,,4983424.177620895,4983424.177620895,0.9966848355241791,,0.9966848355241791,0.9966848355241791,4878289.795366027,,4878289.795366027,4878289.795366027,9999.0,,9999.0,9999.0,172644.23076923104,,172644.23076923104,172644.23076923104,5451.923076923078,,5451.923076923078,5451.923076923078,8874.997481174778,,8874.997481174778,8874.997481174778,0.0,,0.0,0.0,158317.31021113295,,158317.31021113295,158317.31021113295,0.0,,0,0,190.27206884561056,,190.27206884561056,190.27206884561056,-8.526512829121202e-14,,-8.526512829121202e-14,-8.526512829121202e-14,-1.7053025658242405e-18,,-1.7053025658242405e-18,-1.7053025658242405e-18,190.2717871623287,,190.2717871623287,190.2717871623287,38.05435743246574,,38.05435743246574,38.05435743246574,142.70384037174654,,142.70384037174654,142.70384037174654,9.513589358116436,,9.513589358116436,9.513589358116436,822.4488415086159,,822.4488415086159,822.4488415086159,25000.0,,25000.0,25000.0,1.0,,1.0,1.0,0.0,,0,0,0.0,,0,0,z1-solvency-baseline-v1,z1-solvency-baseline-v1,870c15db421a318ead7a02d6c9cf4bd2596f212c89978d7484a1c190ce8b70cb,42
96,96.0,,96,96,4983233.905545069,,4983233.905545069,4983233.905545069,0.9966467811090138,,0.9966467811090138,0.9966467811090138,4903327.849730511,,4903327.849730511,4903327.849730511,9999.0,,9999.0,9999.0,174461.53846153873,,174461.53846153873,174461.53846153873,5451.923076923078,,5451.923076923078,5451.923076923078,8874.99785899859,,8874.99785899859,8874.99785899859,0.0,,0.0,0.0,160134.6175256168,,160134.6175256168,160134.6175256168,0.0,,0,0,190.27207582646227,,190.27207582646227,190.27207582646227,-8.526512829121202e-14,,-8.526512829121202e-14,-8.526512829121202e-14,-1.7053025658242405e-18,,-1.7053025658242405e-18,-1.7053025658242405e-18,190.2718224189042,,190.2718224189042,190.2718224189042,38.05436448378083,,38.05436448378083,38.05436448378083,142.70386681417813,,142.70386681417813,142.70386681417813,9.513591120945208,,9.513591120945208,9.513591120945208,831.9624326295611,,831.9624326295611,831.9624326295611,25000.0,,25000.0,25000.0,1.0,,1.0,1.0,0.0,,0,0,0.0,,0,0,z1-solvency-baseline-v1,z1-solvency-baseline-v1,870c15db421a318ead7a02d6c9cf4bd2596f212c89978d7484a1c190ce8b70cb,42
97,97.0,,97,97,4983043.633463309,,4983043.633463309,4983043.633463309,0.9966087266926619,,0.9966087266926619,0.9966087266926619,4928365.904101267,,4928365.904101267,4928365.904101267,9999.0,,9999.0,9999.0,176278.84615384642,,176278.84615384642,176278.84615384642,5451.923076923078,,5451.923076923078,5451.923076923078,8874.998180148823,,8874.998180148823,8874.998180148823,0.0,,0.0,0.0,161951.9248967743,,161951.9248967743,161951.9248967743,0.0,,0,0,190.27208176018604,,190.27208176018604,190.27208176018604,-8.526512829121202e-14,,-8.526512829121202e-14,-8.526512829121202e-14,-1.7053025658242405e-18,,-1.7053025658242405e-18,-1.7053025658242405e-18,190.27185378467024,,190.27185378467024,190.27185378467024,38.05437075693405,,38.05437075693405,38.05437075693405,142.70389033850267,,142.70389033850267,142.70389033850267,9.513592689233512,,9.513592689233512,9.513592689233512,841.4760253187947,,841.4760253187947,841.4760253187947,25000.0,,25000.0,25000.0,1.0,,1.0,1.0,0.0,,0,0,0.0,,0,0,z1-solvency-baseline-v1,z1-solvency-baseline-v1,870c15db421a318ead7a02d6c9cf4bd2596f212c89978d7484a1c190ce8b70cb,42
98,98.0,,98,98,4982853.361376505,,4982853.361376505,4982853.361376505,0.996570672275301,,0.996570672275301,0.996570672275301,4953403.958477608,,4953403.958477608,4953403.958477608,9999.0,,9999.0,9999.0,178096.1538461541,,178096.1538461541,178096.1538461541,5451.923076923078,,5451.923076923078,5451.923076923078,8874.998453126516,,8874.998453126516,8874.998453126516,0.0,,0.0,0.0,163769.2323161043,,163769.2323161043,163769.2323161043,0.0,,0,0,190.27208680385095,,190.27208680385095,190.27208680385095,-8.526512829121202e-14,,-8.526512829121202e-14,-8.526512829121202e-14,-1.7053025658242405e-18,,-1.7053025658242405e-18,-1.7053025658242405e-18,190.27188170348035,,190.27188170348035,190.27188170348035,38.054376340696074,,38.054376340696074,38.054376340696074,142.70391127761027,,142.70391127761027,142.70391127761027,9.513594085174018,,9.513594085174018,9.513594085174018,850.9896194039687,,850.9896194039687,850.9896194039687,25000.0,,25000.0,25000.0,1.0,,1.0,1.0,0.0,,0,0,0.0,,0,0,z1-solvency-baseline-v1,z1-solvency-baseline-v1,870c15db421a318ead7a02d6c9cf4bd2596f212c89978d7484a1c190ce8b70cb,42
99,99.0,,99,99,4982663.089285415,,4982663.089285415,4982663.089285415,0.9965326178570829,,0.9965326178570829,0.9965326178570829,4978442.012858921,,4978442.012858921,4978442.012858921,9999.0,,9999.0,9999.0,179913.4615384618,,179913.4615384618,179913.4615384618,5451.923076923078,,5451.923076923078,5451.923076923078,8874.99868515755,,8874.99868515755,8874.99868515755,0.0,,0.0,0.0,165586.53977638093,,165586.53977638093,165586.53977638093,0.0,,0,0,190.2720910909661,,190.2720910909661,190.2720910909661,-8.526512829121202e-14,,-8.526512829121202e-14,-8.526512829121202e-14,-1.7053025658242405e-18,,-1.7053025658242405e-18,-1.7053025658242405e-18,190.27190656658726,,190.27190656658726,190.27190656658726,38.05438131331745,,38.05438131331745,38.05438131331745,142.7039299249404,,142.7039299249404,142.7039299249404,9.513595328329362,,9.513595328329362,9.513595328329362,860.503214732298,,860.503214732298,860.503214732298,25000.0,,25000.0,25000.0,1.0,,1.0,1.0,0.0,,0,0,0.0,,0,0,z1-solvency-baseline-v1,z1-solvency-baseline-v1,870c15db421a318ead7a02d6c9cf4bd2596f212c89978d7484a1c190ce8b70cb,42
100,100.0,,100,100,4982472.81719068,,4982472.81719068,4982472.81719068,0.9964945634381359,,0.9964945634381359,0.9964945634381359,5003480.067244664,,5003480.067244664,5003480.067244664,9999.0,,9999.0,9999.0,181730.76923076948,,181730.76923076948,181730.76923076948,5451.923076923078,,5451.923076923078,5451.923076923078,8874.998882383927,,8874.998882383927,8874.998882383927,0.0,,0.0,0.0,167403.84727146226,,167403.84727146226,167403.84727146226,0.0,,0,0,190.27209473501378,,190.27209473501378,190.27209473501378,-1.1368683772161603e-13,,-1.1368683772161603e-13,-1.1368683772161603e-13,-2.2737367544323208e-18,,-2.2737367544323208e-18,-2.2737367544323208e-18,190.27192871913445,,190.27192871913445,190.27192871913445,38.0543857438269,,38.0543857438269,38.0543857438269,142.70394653935085,,142.70394653935085,142.70394653935085,9.513596435956725,,9.513596435956725,9.513596435956725,870.0168111682548,,870.0168111682548,870.0168111682548,25000.0,,25000.0,25000.0,1.0,,1.0,1.0,0.0,,0,0,0.0,,0,0,z1-solvency-baseline-v1,z1-solvency-baseline-v1,870c15db421a318ead7a02d6c9cf4bd2596f212c89978d7484a1c190ce8b70cb,42
101,101.0,,101,101,4982282.545092847,,4982282.545092847,4982282.545092847,0.9964565090185694,,0.9964565090185694,0.9964565090185694,5028518.121634357,,5028518.121634357,5028518.121634357,9999.0,,9999.0,9999.0,183548.07692307717,,183548.07692307717,183548.07692307717,5451.923076923078,,5451.923076923078,5451.923076923078,8874.999050026345,,8874.999050026345,8874.999050026345,0.0,,0.0,0.0,169221.15479612755,,169221.15479612755,169221.15479612755,0.0,,0,0,190.27209783245428,,190.27209783245428,190.27209783245428,-1.1368683772161603e-13,,-1.1368683772161603e-13,-1.1368683772161603e-13,-2.2737367544323208e-18,,-2.2737367544323208e-18,-2.2737367544323208e-18,190.27194846581529,,190.27194846581529,190.27194846581529,38.05438969316306,,38.05438969316306,38.05438969316306,142.70396134936146,,142.70396134936146,142.70396134936146,9.513597423290765,,9.513597423290765,9.513597423290765,879.5304085915456,,879.5304085915456,879.5304085915456,25000.0,,25000.0,25000.0,1.0,,1.0,1.0,0.0,,0,0,0.0,,0,0,z1-solvency-baseline-v1,z1-solvency-baseline-v1,870c15db421a318ead7a02d6c9cf4bd2596f212c89978d7484a1c190ce8b70cb,42
102,102.0,,102,102,4982092.272992382,,4982092.272992382,4982092.272992382,0.9964184545984763,,0.9964184545984763,0.9964184545984763,5053556.176027571,,5053556.176027571,5053556.176027571,9999.0,,9999.0,9999.0,185365.38461538486,,185365.38461538486,185365.38461538486,5451.923076923078,,5451.923076923078,5451.923076923078,8874.999192522399,,8874.999192522399,8874.999192522399,0.0,,0.0,0.0,171038.4623459392,,171038.4623459392,171038.4623459392,0.0,,0,0,190.27210046527864,,190.27210046527864,190.27210046527864,-1.1368683772161603e-13,,-1.1368683772161603e-13,-1.1368683772161603e-13,-2.2737367544323208e-18,,-2.2737367544323208e-18,-2.2737367544323208e-18,190.27196607580814,,190.27196607580814,190.27196607580814,38.054393215161625,,38.054393215161625,38.054393215161625,142.70397455685608,,142.70397455685608,142.70397455685608,9.513598303790406,,9.513598303790406,9.513598303790406,889.044006895336,,889.044006895336,889.044006895336,25000.0,,25000.0,25000.0,1.0,,1.0,1.0,0.0,,0,0,0.0,,0,0,z1-solvency-baseline-v1,z1-solvency-baseline-v1,870c15db421a318ead7a02d6c9cf4bd2596f212c89978d7484a1c190ce8b70cb,42
103,103.0,,103,103,4981902.000889679,,4981902.000889679,4981902.000889679,0.9963804001779358,,0.9963804001779358,0.9963804001779358,5078594.230423928,,5078594.230423928,5078594.230423928,9999.0,,9999.0,9999.0,187182.69230769255,,187182.69230769255,187182.69230769255,5451.923076923078,,5451.923076923078,5451.923076923078,8874.999313644044,,8874.999313644044,8874.999313644044,0.0,,0.0,0.0,172855.76991712523,,172855.76991712523,172855.76991712523,0.0,,0,0,190.27210270317929,,190.27210270317929,190.27210270317929,-1.1368683772161603e-13,,-1.1368683772161603e-13,-1.1368683772161603e-13,-2.2737367544323208e-18,,-2.2737367544323208e-18,-2.2737367544323208e-18,190.2719817870848,,190.2719817870848,190.2719817870848,38.05439635741696,,38.05439635741696,38.05439635741696,142.7039863403136,,142.7039863403136,142.7039863403136,9.51359908935424,,9.51359908935424,9.51359908935424,898.5576059846902,,898.5576059846902,898.5576059846902,25000.0,,25000.0,25000.0,1.0,,1.0,1.0,0.0,,0,0,0.0,,0,0,z1-solvency-baseline-v1,z1-solvency-baseline-v1,870c15db421a318ead7a02d6c9cf4bd2596f212c89978d7484a1c190ce8b70cb,42
104,104.0,,104,104,4981711.728785074,,4981711.728785074,4981711.728785074,0.9963423457570149,,0.9963423457570149,0.9963423457570149,5103632.28482309,,5103632.28482309,5103632.28482309,9999.0,,9999.0,9999.0,189000.00000000023,,189000.00000000023,189000.00000000023,5451.923076923078,,5451.923076923078,5451.923076923078,8874.99941659744,,8874.99941659744,8874.99941659744,0.0,,0.0,0.0,174673.07750647952,,174673.07750647952,174673.07750647952,0.0,,0,0,190.27210460539482,,190.27210460539482,190.27210460539482,-1.1368683772161603e-13,,-1.1368683772161603e-13,-1.1368683772161603e-13,-2.2737367544323208e-18,,-2.2737367544323208e-18,-2.2737367544323208e-18,190.27199581017442,,190.27199581017442,190.27199581017442,38.05439916203488,,38.05439916203488,38.05439916203488,142.7039968576308,,142.7039968576308,142.7039968576308,9.51359979050872,,9.51359979050872,9.51359979050872,908.071205775199,,908.071205775199,908.071205775199,25000.0,,25000.0,25000.0,1.0,,1.0,1.0,0.0,,0,0,0.0,,0,0,z1-solvency-baseline-v1,z1-solvency-baseline-v1,870c15db421a318ead7a02d6c9cf4bd2596f212c89978d7484a1c190ce8b70cb,42
