param_name,expanded_key,param_value,audience_reserve_final,treasury_runway_epochs,final_amm_price,data_asset_value_final
n_epochs,,130.0,11161496.46645183,9999.0,0.10266089831967662,1145849.253837841
n_epochs,,158.0,11590537.42301161,9999.0,0.10496535695856384,1216604.8979480062
n_epochs,,187.0,12520203.716810217,9999.0,0.10374748978232855,1298939.70718244
n_epochs,,216.0,13452325.961244877,9999.0,0.10027249569535035,1348898.2970413768
n_epochs,,245.0,14382044.200194433,3.0133217558197343,0.1005530496103553,1446158.4039604736
n_epochs,,274.0,14812111.53135037,9999.0,0.09771341358398913,1447341.9801150134
n_epochs,,303.0,15745753.250896187,9999.0,0.08930849847167716,1406229.5801430678
n_epochs,,332.0,16202625.861553276,9999.0,0.08161074587067564,1322308.3816248614
n_epochs,,361.0,16353253.187943723,9999.0,0.07506517439429557,1227559.8024670654
n_epochs,,390.0,16534383.05783997,9999.0,0.06969153838390675,1152306.5915296718
random_seed,,21.0,14345685.62364445,9999.0,0.10018043013168891,1437156.956310687
random_seed,,25.0,14345685.62364445,9999.0,0.10018043013168891,1437156.956310687
random_seed,,30.0,14345685.62364445,9999.0,0.10018043013168891,1437156.956310687
random_seed,,35.0,14345685.62364445,9999.0,0.10018043013168891,1437156.956310687
random_seed,,39.0,14345685.62364445,9999.0,0.10018043013168891,1437156.956310687
random_seed,,44.0,14345685.62364445,9999.0,0.10018043013168891,1437156.956310687
random_seed,,49.0,14345685.62364445,9999.0,0.10018043013168891,1437156.956310687
random_seed,,53.0,14345685.62364445,9999.0,0.10018043013168891,1437156.956310687
random_seed,,58.0,14345685.62364445,9999.0,0.10018043013168891,1437156.956310687
random_seed,,63.0,14345685.62364445,9999.0,0.10018043013168891,1437156.956310687
repetitions,,0.0,14345685.62364445,9999.0,0.10018043013168891,1437156.956310687
repetitions,,1.0,14345685.62364445,9999.0,0.10018043013168891,1437156.956310687
initial_viewers,,500000.0,14345685.62364445,9999.0,0.10018043013168891,1437156.956310687
initial_viewers,,611111.0,14345685.623819966,9999.0,0.10018043271006484,1437156.9933168406
initial_viewers,,722222.0,14345685.624068325,9999.0,0.10018043008716594,1437156.9557144383
initial_viewers,,833333.0,14345685.624140492,9999.0,0.10018043198391281,1437156.9829318023
initial_viewers,,944444.0,14345685.62406607,9999.0,0.10018043047298454,1437156.9612490449
initial_viewers,,1055555.0,14345685.62412328,9999.0,0.1001804319298051,1437156.9821538657
initial_viewers,,1166666.0,14345685.624248186,9999.0,0.1001804303804141,1437156.9599393029
initial_viewers,,1277777.0,14345685.624112103,9999.0,0.10018043189451528,1437156.9816464896
initial_viewers,,1388888.0,14345685.624217862,9999.0,0.10018043059585181,1437156.9630268665
initial_viewers,,1500000.0,14345685.62364445,9999.0,0.10018043013168891,1437156.956310687
adoption_profile,,,14345685.62364445,9999.0,0.10018043013168891,1437156.956310687
adoption_profile,,,14345685.62364445,9999.0,0.10018043013168891,1437156.956310687
adoption_profile,,,14345685.62364445,9999.0,0.10018043013168891,1437156.956310687
adoption_profile,,,14345685.62364445,9999.0,0.10018043013168891,1437156.956310687
adoption_profile,,,14345685.62364445,9999.0,0.10018043013168891,1437156.956310687
adoption_profile,,,14345685.62364445,9999.0,0.10018043013168891,1437156.956310687
adoption_profile,,,14345685.62364445,9999.0,0.10018043013168891,1437156.956310687
adoption_profile,,,14345685.62364445,9999.0,0.10018043013168891,1437156.956310687
adoption_profile,,,14345685.62364445,9999.0,0.10018043013168891,1437156.956310687
adoption_profile,,,14345685.62364445,9999.0,0.10018043013168891,1437156.956310687
creator_population,,2500.0,14345685.62364445,9999.0,0.10018043013168891,1437156.956310687
creator_population,,3055.0,14345685.62364445,9999.0,0.10018043013168891,1437156.956310687
creator_population,,3611.0,14345685.62364445,9999.0,0.10018043013168891,1437156.956310687
creator_population,,4166.0,14345685.62364445,9999.0,0.10018043013168891,1437156.956310687
creator_population,,4722.0,14345685.62364445,9999.0,0.10018043013168891,1437156.956310687
creator_population,,5277.0,14345685.62364445,9999.0,0.10018043013168891,1437156.956310687
creator_population,,5833.0,14345685.62364445,9999.0,0.10018043013168891,1437156.956310687
creator_population,,6388.0,14345685.62364445,9999.0,0.10018043013168891,1437156.956310687
creator_population,,6944.0,14345685.62364445,9999.0,0.10018043013168891,1437156.956310687
creator_population,,7500.0,14345685.62364445,9999.0,0.10018043013168891,1437156.956310687
validator_population,,50.0,14345685.62364445,9999.0,0.10018043013168891,1437156.956310687
validator_population,,61.0,14345685.62364445,9999.0,0.10018043013168891,1437156.956310687
validator_population,,72.0,14345685.62364445,9999.0,0.10018043013168891,1437156.956310687
validator_population,,83.0,14345685.62364445,9999.0,0.10018043013168891,1437156.956310687
validator_population,,94.0,14345685.62364445,9999.0,0.10018043013168891,1437156.956310687
validator_population,,105.0,14345685.62364445,9999.0,0.10018043013168891,1437156.956310687
validator_population,,116.0,14345685.62364445,9999.0,0.10018043013168891,1437156.956310687
validator_population,,127.0,14345685.62364445,9999.0,0.10018043013168891,1437156.956310687
validator_population,,138.0,14345685.62364445,9999.0,0.10018043013168891,1437156.956310687
validator_population,,150.0,14345685.62364445,9999.0,0.10018043013168891,1437156.956310687
creator_sell_propensity,,0.25,14345560.450652434,9999.0,0.10045423930267547,1441072.3624408366
creator_sell_propensity,,0.3055555555555556,14345601.45094784,9999.0,0.10014646568822007,1436661.283484228
creator_sell_propensity,,0.3611111111111111,14345573.29057849,9999.0,0.1000191133097426,1434831.520443587
creator_sell_propensity,,0.41666666666666663,14345585.966409635,9999.0,0.10093582792129979,1447983.596535736
creator_sell_propensity,,0.4722222222222222,14345675.746422132,9999.0,0.10021565013657358,1437661.2215761694
creator_sell_propensity,,0.5277777777777778,14345695.13193788,9999.0,0.10016062145758789,1436873.7396559913
creator_sell_propensity,,0.5833333333333333,14345708.093784513,9999.0,0.10007522537920341,1435649.9707097476
creator_sell_propensity,,0.6388888888888888,14345648.835840967,9999.0,0.10089108391503457,1447348.060512449
creator_sell_propensity,,0.6944444444444444,14345657.519859323,9999.0,0.10085499350616599,1446831.1960070934
creator_sell_propensity,,0.75,14345655.98167058,9999.0,0.10082147641325301,1446350.2161886424
validator_sell_propensity,,0.1,14345629.160536863,9999.0,0.10093846164762131,1448025.7388318481
validator_sell_propensity,,0.12222222222222223,14345630.246852877,9999.0,0.10028733123095976,1438684.9722830094
validator_sell_propensity,,0.14444444444444446,14345587.700506255,9999.0,0.10006893710068365,1435547.7132743015
validator_sell_propensity,,0.16666666666666669,14345592.449355358,9999.0,0.10096857452814545,1448454.0203731372
validator_sell_propensity,,0.1888888888888889,14345677.221671592,9999.0,0.10022135218307172,1437743.1691378185
validator_sell_propensity,,0.21111111111111114,14345694.01886172,9999.0,0.10015553461748795,1436800.6539179948
validator_sell_propensity,,0.23333333333333336,14345704.673238605,9999.0,0.10003497532383754,1435072.2129904847
validator_sell_propensity,,0.2555555555555556,14345642.972648693,9999.0,0.10085760947479808,1446867.2566002833
validator_sell_propensity,,0.2777777777777778,14345641.938592585,9999.0,0.1008015905422714,1446063.5247600463
validator_sell_propensity,,0.30000000000000004,14345651.269519746,9999.0,0.10074953567470006,1445317.704355286
user_sell_ratio,,0.4,14845614.288621914,9999.0,0.10073824913872707,1495521.190824641
user_sell_ratio,,0.4666666666666667,14845627.557927486,2.7389520190998686,0.10081901080908796,1496721.4852303853
user_sell_ratio,,0.5333333333333333,14845592.317677556,2.625500399028751,0.10068129863195538,1494673.5135043566
user_sell_ratio,,0.6000000000000001,14345550.953268006,9999.0,0.10073922276825366,1445159.6532145992
user_sell_ratio,,0.6666666666666667,14345594.664004235,9999.0,0.10082899760919488,1446451.930079362
user_sell_ratio,,0.7333333333333334,14345634.145117955,9999.0,0.10040447789066234,1440365.9063510266
user_sell_ratio,,0.8,14345685.62364445,9999.0,0.10018043013168891,1437156.956310687
user_sell_ratio,,0.8666666666666667,14345590.181570375,9999.0,0.10002849299428156,1434967.7669760466
user_sell_ratio,,0.9333333333333333,14345590.793321026,9999.0,0.10027193513063372,1438460.1494385023
user_sell_ratio,,1.0,14345597.396456365,9999.0,0.10025014013017058,1438148.1492457609
claim_rate_by_cohort,passive_viewers,0.05,14345685.544860559,9999.0,0.10018043812182024,1437157.0630419943
claim_rate_by_cohort,passive_viewers,0.061111111111111116,14345685.562371507,9999.0,0.10018043634591219,1437157.0393196302
claim_rate_by_cohort,passive_viewers,0.07222222222222223,14345685.579880506,9999.0,0.10018043457019109,1437157.0155997528
claim_rate_by_cohort,passive_viewers,0.08333333333333334,14345685.597387543,9999.0,0.10018043279465184,1437156.9918822877
claim_rate_by_cohort,passive_viewers,0.09444444444444446,14345685.61489265,9999.0,0.10018043101929713,1437156.9681672764
claim_rate_by_cohort,passive_viewers,0.10555555555555557,14345685.632395802,9999.0,0.1001804292441258,1437156.9444546998
claim_rate_by_cohort,passive_viewers,0.11666666666666668,14345685.649896983,9999.0,0.10018042746913886,1437156.920744571
claim_rate_by_cohort,passive_viewers,0.1277777777777778,14345685.667396234,9999.0,0.10018042569433766,1437156.8970369133
claim_rate_by_cohort,passive_viewers,0.1388888888888889,14345685.684893474,9999.0,0.10018042391971996,1437156.8733316862
claim_rate_by_cohort,passive_viewers,0.15000000000000002,14345685.702388776,9999.0,0.10018042214528558,1437156.8496288953
claim_rate_by_cohort,active_viewers,0.2,14345686.051860044,9999.0,0.10017974131611557,1437147.1176775463
claim_rate_by_cohort,active_viewers,0.24444444444444446,14345685.95650013,9999.0,0.1001798946685711,1437149.3080705828
claim_rate_by_cohort,active_viewers,0.2888888888888889,14345685.86125262,9999.0,0.10018004786366544,1437151.496217396
claim_rate_by_cohort,active_viewers,0.33333333333333337,14345685.766120344,9999.0,0.10018020089662738,1437153.682049824
claim_rate_by_cohort,active_viewers,0.3777777777777778,14345685.671106279,9999.0,0.10018035376270824,1437155.8655000417
claim_rate_by_cohort,active_viewers,0.4222222222222223,14345685.576213269,9999.0,0.10018050645717845,1437158.0465004852
claim_rate_by_cohort,active_viewers,0.46666666666666673,14345685.481444247,9999.0,0.10018065897533296,1437160.2249839513
claim_rate_by_cohort,active_viewers,0.5111111111111112,14345685.386802027,9999.0,0.10018081131248548,1437162.4008834942
claim_rate_by_cohort,active_viewers,0.5555555555555556,14345685.292289479,9999.0,0.10018096346397792,1437164.5741325777
claim_rate_by_cohort,active_viewers,0.6000000000000001,14345685.197909413,9999.0,0.10018111542517014,1437166.7446649177
claim_rate_by_cohort,power_users,0.4,14345688.50703821,9999.0,0.10017897985054178,1437136.4398887295
claim_rate_by_cohort,power_users,0.4666666666666667,14345688.020463996,9999.0,0.10017922452640372,1437139.901187803
claim_rate_by_cohort,power_users,0.5333333333333333,14345687.536020141,9999.0,0.10017946815512718,1437143.3476781347
claim_rate_by_cohort,power_users,0.6000000000000001,14345687.053914618,9999.0,0.10017971063178097,1437146.7778752528
claim_rate_by_cohort,power_users,0.6666666666666667,14345686.574351361,9999.0,0.10017995185347618,1437150.190323579
claim_rate_by_cohort,power_users,0.7333333333333334,14345686.097529741,9999.0,0.10018019171954613,1437153.583598957
claim_rate_by_cohort,power_users,0.8,14345685.62364445,9999.0,0.10018043013168891,1437156.956310687
claim_rate_by_cohort,power_users,0.8666666666666667,14345685.152885048,9999.0,0.1001806669941245,1437160.307103733
claim_rate_by_cohort,power_users,0.9333333333333333,14345684.68543569,9999.0,0.10018090221373188,1437163.6346606638
claim_rate_by_cohort,power_users,1.0,14343233.127476562,9999.0,0.10012911270053924,1436175.2063112087
claim_rate_by_cohort,adversarial_whales,0.5,14345685.62364445,9999.0,0.10018043013168891,1437156.956310687
claim_rate_by_cohort,adversarial_whales,0.5555555555555556,14345685.62364445,9999.0,0.10018043013168891,1437156.956310687
claim_rate_by_cohort,adversarial_whales,0.6111111111111112,14345685.62364445,9999.0,0.10018043013168891,1437156.956310687
claim_rate_by_cohort,adversarial_whales,0.6666666666666666,14345685.62364445,9999.0,0.10018043013168891,1437156.956310687
claim_rate_by_cohort,adversarial_whales,0.7222222222222222,14345685.62364445,9999.0,0.10018043013168891,1437156.956310687
claim_rate_by_cohort,adversarial_whales,0.7777777777777778,14345685.62364445,9999.0,0.10018043013168891,1437156.956310687
claim_rate_by_cohort,adversarial_whales,0.8333333333333333,14345685.62364445,9999.0,0.10018043013168891,1437156.956310687
claim_rate_by_cohort,adversarial_whales,0.8888888888888888,14345685.62364445,9999.0,0.10018043013168891,1437156.956310687
claim_rate_by_cohort,adversarial_whales,0.9444444444444444,14345685.62364445,9999.0,0.10018043013168891,1437156.956310687
claim_rate_by_cohort,adversarial_whales,1.0,14345685.62364445,9999.0,0.10018043013168891,1437156.956310687
verification_pass_rate_by_cohort,passive_viewers,0.25,14345685.62364445,9999.0,0.10018043013168891,1437156.956310687
verification_pass_rate_by_cohort,passive_viewers,0.3055555555555556,14345685.62364445,9999.0,0.10018043013168891,1437156.956310687
verification_pass_rate_by_cohort,passive_viewers,0.3611111111111111,14345685.62364445,9999.0,0.10018043013168891,1437156.956310687
verification_pass_rate_by_cohort,passive_viewers,0.41666666666666663,14345685.62364445,9999.0,0.10018043013168891,1437156.956310687
verification_pass_rate_by_cohort,passive_viewers,0.4722222222222222,14345685.62364445,9999.0,0.10018043013168891,1437156.956310687
verification_pass_rate_by_cohort,passive_viewers,0.5277777777777778,14345685.62364445,9999.0,0.10018043013168891,1437156.956310687
verification_pass_rate_by_cohort,passive_viewers,0.5833333333333333,14345685.62364445,9999.0,0.10018043013168891,1437156.956310687
verification_pass_rate_by_cohort,passive_viewers,0.6388888888888888,14345685.62364445,9999.0,0.10018043013168891,1437156.956310687
verification_pass_rate_by_cohort,passive_viewers,0.6944444444444444,14345685.62364445,9999.0,0.10018043013168891,1437156.956310687
verification_pass_rate_by_cohort,passive_viewers,0.75,14345685.62364445,9999.0,0.10018043013168891,1437156.956310687
verification_pass_rate_by_cohort,active_viewers,0.35,14345685.62364445,9999.0,0.10018043013168891,1437156.956310687
verification_pass_rate_by_cohort,active_viewers,0.4222222222222222,14345685.62364445,9999.0,0.10018043013168891,1437156.956310687
verification_pass_rate_by_cohort,active_viewers,0.49444444444444446,14345685.62364445,9999.0,0.10018043013168891,1437156.956310687
verification_pass_rate_by_cohort,active_viewers,0.5666666666666667,14345685.62364445,9999.0,0.10018043013168891,1437156.956310687
verification_pass_rate_by_cohort,active_viewers,0.6388888888888888,14345685.62364445,9999.0,0.10018043013168891,1437156.956310687
verification_pass_rate_by_cohort,active_viewers,0.7111111111111111,14345685.62364445,9999.0,0.10018043013168891,1437156.956310687
verification_pass_rate_by_cohort,active_viewers,0.7833333333333333,14345685.62364445,9999.0,0.10018043013168891,1437156.956310687
verification_pass_rate_by_cohort,active_viewers,0.8555555555555556,14345685.62364445,9999.0,0.10018043013168891,1437156.956310687
verification_pass_rate_by_cohort,active_viewers,0.9277777777777778,14345685.62364445,9999.0,0.10018043013168891,1437156.956310687
verification_pass_rate_by_cohort,active_viewers,1.0,14345685.62364445,9999.0,0.10018043013168891,1437156.956310687
verification_pass_rate_by_cohort,power_users,0.45,14345685.62364445,9999.0,0.10018043013168891,1437156.956310687
verification_pass_rate_by_cohort,power_users,0.5111111111111111,14345685.62364445,9999.0,0.10018043013168891,1437156.956310687
verification_pass_rate_by_cohort,power_users,0.5722222222222222,14345685.62364445,9999.0,0.10018043013168891,1437156.956310687
verification_pass_rate_by_cohort,power_users,0.6333333333333333,14345685.62364445,9999.0,0.10018043013168891,1437156.956310687
verification_pass_rate_by_cohort,power_users,0.6944444444444444,14345685.62364445,9999.0,0.10018043013168891,1437156.956310687
verification_pass_rate_by_cohort,power_users,0.7555555555555555,14345685.62364445,9999.0,0.10018043013168891,1437156.956310687
verification_pass_rate_by_cohort,power_users,0.8166666666666667,14345685.62364445,9999.0,0.10018043013168891,1437156.956310687
verification_pass_rate_by_cohort,power_users,0.8777777777777778,14345685.62364445,9999.0,0.10018043013168891,1437156.956310687
verification_pass_rate_by_cohort,power_users,0.9388888888888889,14345685.62364445,9999.0,0.10018043013168891,1437156.956310687
verification_pass_rate_by_cohort,power_users,1.0,14345685.62364445,9999.0,0.10018043013168891,1437156.956310687
verification_pass_rate_by_cohort,adversarial_whales,0.5,14345685.62364445,9999.0,0.10018043013168891,1437156.956310687
verification_pass_rate_by_cohort,adversarial_whales,0.5555555555555556,14345685.62364445,9999.0,0.10018043013168891,1437156.956310687
verification_pass_rate_by_cohort,adversarial_whales,0.6111111111111112,14345685.62364445,9999.0,0.10018043013168891,1437156.956310687
verification_pass_rate_by_cohort,adversarial_whales,0.6666666666666666,14345685.62364445,9999.0,0.10018043013168891,1437156.956310687
verification_pass_rate_by_cohort,adversarial_whales,0.7222222222222222,14345685.62364445,9999.0,0.10018043013168891,1437156.956310687
verification_pass_rate_by_cohort,adversarial_whales,0.7777777777777778,14345685.62364445,9999.0,0.10018043013168891,1437156.956310687
verification_pass_rate_by_cohort,adversarial_whales,0.8333333333333333,14345685.62364445,9999.0,0.10018043013168891,1437156.956310687
verification_pass_rate_by_cohort,adversarial_whales,0.8888888888888888,14345685.62364445,9999.0,0.10018043013168891,1437156.956310687
verification_pass_rate_by_cohort,adversarial_whales,0.9444444444444444,14345685.62364445,9999.0,0.10018043013168891,1437156.956310687
verification_pass_rate_by_cohort,adversarial_whales,1.0,14345685.62364445,9999.0,0.10018043013168891,1437156.956310687
acr_issue_rate_by_cohort,passive_viewers,5.0,14345685.62364445,9999.0,0.10018043013168891,1437156.956310687
acr_issue_rate_by_cohort,passive_viewers,4.555555555555555,14345685.62364445,9999.0,0.10018043013168891,1437156.956310687
acr_issue_rate_by_cohort,passive_viewers,4.111111111111111,14345685.62364445,9999.0,0.10018043013168891,1437156.956310687
acr_issue_rate_by_cohort,passive_viewers,3.666666666666667,14345685.62364445,9999.0,0.10018043013168891,1437156.956310687
acr_issue_rate_by_cohort,passive_viewers,3.2222222222222223,14345685.62364445,9999.0,0.10018043013168891,1437156.956310687
acr_issue_rate_by_cohort,passive_viewers,2.7777777777777777,14345685.62364445,9999.0,0.10018043013168891,1437156.956310687
acr_issue_rate_by_cohort,passive_viewers,2.3333333333333335,14345685.62364445,9999.0,0.10018043013168891,1437156.956310687
acr_issue_rate_by_cohort,passive_viewers,1.8888888888888893,14345685.62364445,9999.0,0.10018043013168891,1437156.956310687
acr_issue_rate_by_cohort,passive_viewers,1.4444444444444446,14345685.62364445,9999.0,0.10018043013168891,1437156.956310687
acr_issue_rate_by_cohort,passive_viewers,1.0,14345685.62364445,9999.0,0.10018043013168891,1437156.956310687
acr_issue_rate_by_cohort,active_viewers,25.0,14345685.62364445,9999.0,0.10018043013168891,1437156.956310687
acr_issue_rate_by_cohort,active_viewers,22.333333333333332,14345685.62364445,9999.0,0.10018043013168891,1437156.956310687
acr_issue_rate_by_cohort,active_viewers,19.666666666666668,14345685.62364445,9999.0,0.10018043013168891,1437156.956310687
acr_issue_rate_by_cohort,active_viewers,17.0,14345685.62364445,9999.0,0.10018043013168891,1437156.956310687
acr_issue_rate_by_cohort,active_viewers,14.333333333333334,14345685.62364445,9999.0,0.10018043013168891,1437156.956310687
acr_issue_rate_by_cohort,active_viewers,11.666666666666668,14345685.62364445,9999.0,0.10018043013168891,1437156.956310687
acr_issue_rate_by_cohort,active_viewers,9.0,14345685.62364445,9999.0,0.10018043013168891,1437156.956310687
acr_issue_rate_by_cohort,active_viewers,6.333333333333336,14345685.62364445,9999.0,0.10018043013168891,1437156.956310687
acr_issue_rate_by_cohort,active_viewers,3.666666666666668,14345685.62364445,9999.0,0.10018043013168891,1437156.956310687
acr_issue_rate_by_cohort,active_viewers,1.0,14345685.62364445,9999.0,0.10018043013168891,1437156.956310687
acr_issue_rate_by_cohort,power_users,100.0,14345685.62364445,9999.0,0.10018043013168891,1437156.956310687
acr_issue_rate_by_cohort,power_users,89.0,14345685.62364445,9999.0,0.10018043013168891,1437156.956310687
acr_issue_rate_by_cohort,power_users,78.0,14345685.62364445,9999.0,0.10018043013168891,1437156.956310687
acr_issue_rate_by_cohort,power_users,67.0,14345685.62364445,9999.0,0.10018043013168891,1437156.956310687
acr_issue_rate_by_cohort,power_users,56.0,14345685.62364445,9999.0,0.10018043013168891,1437156.956310687
acr_issue_rate_by_cohort,power_users,45.0,14345685.62364445,9999.0,0.10018043013168891,1437156.956310687
acr_issue_rate_by_cohort,power_users,34.0,14345685.62364445,9999.0,0.10018043013168891,1437156.956310687
acr_issue_rate_by_cohort,power_users,23.0,14345685.62364445,9999.0,0.10018043013168891,1437156.956310687
acr_issue_rate_by_cohort,power_users,12.0,14345685.62364445,9999.0,0.10018043013168891,1437156.956310687
acr_issue_rate_by_cohort,power_users,1.0,14345685.62364445,9999.0,0.10018043013168891,1437156.956310687
acr_issue_rate_by_cohort,adversarial_whales,50.0,14345685.62364445,9999.0,0.10018043013168891,1437156.956310687
acr_issue_rate_by_cohort,adversarial_whales,44.55555555555556,14345685.62364445,9999.0,0.10018043013168891,1437156.956310687
acr_issue_rate_by_cohort,adversarial_whales,39.111111111111114,14345685.62364445,9999.0,0.10018043013168891,1437156.956310687
acr_issue_rate_by_cohort,adversarial_whales,33.666666666666664,14345685.62364445,9999.0,0.10018043013168891,1437156.956310687
acr_issue_rate_by_cohort,adversarial_whales,28.22222222222222,14345685.62364445,9999.0,0.10018043013168891,1437156.956310687
acr_issue_rate_by_cohort,adversarial_whales,22.77777777777778,14345685.62364445,9999.0,0.10018043013168891,1437156.956310687
acr_issue_rate_by_cohort,adversarial_whales,17.33333333333333,14345685.62364445,9999.0,0.10018043013168891,1437156.956310687
acr_issue_rate_by_cohort,adversarial_whales,11.888888888888886,14345685.62364445,9999.0,0.10018043013168891,1437156.956310687
acr_issue_rate_by_cohort,adversarial_whales,6.444444444444443,14345685.62364445,9999.0,0.10018043013168891,1437156.956310687
acr_issue_rate_by_cohort,adversarial_whales,1.0,14345685.62364445,9999.0,0.10018043013168891,1437156.956310687
ongoing_acr_issue_rate_by_cohort,passive_viewers,0.5,14345685.62364445,9999.0,0.10018043013168891,1437156.956310687
ongoing_acr_issue_rate_by_cohort,passive_viewers,0.5555555555555556,14345685.62364445,9999.0,0.10018043013168891,1437156.956310687
ongoing_acr_issue_rate_by_cohort,passive_viewers,0.6111111111111112,14345685.62364445,9999.0,0.10018043013168891,1437156.956310687
ongoing_acr_issue_rate_by_cohort,passive_viewers,0.6666666666666666,14345685.62364445,9999.0,0.10018043013168891,1437156.956310687
ongoing_acr_issue_rate_by_cohort,passive_viewers,0.7222222222222222,14345685.62364445,9999.0,0.10018043013168891,1437156.956310687
ongoing_acr_issue_rate_by_cohort,passive_viewers,0.7777777777777778,14345685.62364445,9999.0,0.10018043013168891,1437156.956310687
ongoing_acr_issue_rate_by_cohort,passive_viewers,0.8333333333333333,14345685.62364445,9999.0,0.10018043013168891,1437156.956310687
ongoing_acr_issue_rate_by_cohort,passive_viewers,0.8888888888888888,14345685.62364445,9999.0,0.10018043013168891,1437156.956310687
ongoing_acr_issue_rate_by_cohort,passive_viewers,0.9444444444444444,14345685.62364445,9999.0,0.10018043013168891,1437156.956310687
ongoing_acr_issue_rate_by_cohort,passive_viewers,1.0,14345685.62364445,9999.0,0.10018043013168891,1437156.956310687
ongoing_acr_issue_rate_by_cohort,active_viewers,2.5,14345685.62364445,9999.0,0.10018043013168891,1437156.956310687
ongoing_acr_issue_rate_by_cohort,active_viewers,2.3333333333333335,14345685.62364445,9999.0,0.10018043013168891,1437156.956310687
ongoing_acr_issue_rate_by_cohort,active_viewers,2.1666666666666665,14345685.62364445,9999.0,0.10018043013168891,1437156.956310687
ongoing_acr_issue_rate_by_cohort,active_viewers,2.0,14345685.62364445,9999.0,0.10018043013168891,1437156.956310687
ongoing_acr_issue_rate_by_cohort,active_viewers,1.8333333333333335,14345685.62364445,9999.0,0.10018043013168891,1437156.956310687
ongoing_acr_issue_rate_by_cohort,active_viewers,1.6666666666666667,14345685.62364445,9999.0,0.10018043013168891,1437156.956310687
ongoing_acr_issue_rate_by_cohort,active_viewers,1.5,14345685.62364445,9999.0,0.10018043013168891,1437156.956310687
ongoing_acr_issue_rate_by_cohort,active_viewers,1.3333333333333335,14345685.62364445,9999.0,0.10018043013168891,1437156.956310687
ongoing_acr_issue_rate_by_cohort,active_viewers,1.1666666666666667,14345685.62364445,9999.0,0.10018043013168891,1437156.956310687
ongoing_acr_issue_rate_by_cohort,active_viewers,1.0,14345685.62364445,9999.0,0.10018043013168891,1437156.956310687
ongoing_acr_issue_rate_by_cohort,power_users,10.0,14345685.62364445,9999.0,0.10018043013168891,1437156.956310687
ongoing_acr_issue_rate_by_cohort,power_users,9.0,14345685.62364445,9999.0,0.10018043013168891,1437156.956310687
ongoing_acr_issue_rate_by_cohort,power_users,8.0,14345685.62364445,9999.0,0.10018043013168891,1437156.956310687
ongoing_acr_issue_rate_by_cohort,power_users,7.0,14345685.62364445,9999.0,0.10018043013168891,1437156.956310687
ongoing_acr_issue_rate_by_cohort,power_users,6.0,14345685.62364445,9999.0,0.10018043013168891,1437156.956310687
ongoing_acr_issue_rate_by_cohort,power_users,5.0,14345685.62364445,9999.0,0.10018043013168891,1437156.956310687
ongoing_acr_issue_rate_by_cohort,power_users,4.0,14345685.62364445,9999.0,0.10018043013168891,1437156.956310687
ongoing_acr_issue_rate_by_cohort,power_users,3.0,14345685.62364445,9999.0,0.10018043013168891,1437156.956310687
ongoing_acr_issue_rate_by_cohort,power_users,2.0,14345685.62364445,9999.0,0.10018043013168891,1437156.956310687
ongoing_acr_issue_rate_by_cohort,power_users,1.0,14345685.62364445,9999.0,0.10018043013168891,1437156.956310687
ongoing_acr_issue_rate_by_cohort,adversarial_whales,5.0,14345685.62364445,9999.0,0.10018043013168891,1437156.956310687
ongoing_acr_issue_rate_by_cohort,adversarial_whales,4.555555555555555,14345685.62364445,9999.0,0.10018043013168891,1437156.956310687
ongoing_acr_issue_rate_by_cohort,adversarial_whales,4.111111111111111,14345685.62364445,9999.0,0.10018043013168891,1437156.956310687
ongoing_acr_issue_rate_by_cohort,adversarial_whales,3.666666666666667,14345685.62364445,9999.0,0.10018043013168891,1437156.956310687
ongoing_acr_issue_rate_by_cohort,adversarial_whales,3.2222222222222223,14345685.62364445,9999.0,0.10018043013168891,1437156.956310687
ongoing_acr_issue_rate_by_cohort,adversarial_whales,2.7777777777777777,14345685.62364445,9999.0,0.10018043013168891,1437156.956310687
ongoing_acr_issue_rate_by_cohort,adversarial_whales,2.3333333333333335,14345685.62364445,9999.0,0.10018043013168891,1437156.956310687
ongoing_acr_issue_rate_by_cohort,adversarial_whales,1.8888888888888893,14345685.62364445,9999.0,0.10018043013168891,1437156.956310687
ongoing_acr_issue_rate_by_cohort,adversarial_whales,1.4444444444444446,14345685.62364445,9999.0,0.10018043013168891,1437156.956310687
ongoing_acr_issue_rate_by_cohort,adversarial_whales,1.0,14345685.62364445,9999.0,0.10018043013168891,1437156.956310687
vesting_lag_epochs,,2.0,14342716.625831254,9999.0,0.1001861118146543,1436941.0116014313
vesting_lag_epochs,,3.0,14344148.106043657,9999.0,0.10018265300844942,1437034.8124095786
vesting_lag_epochs,,4.0,14345685.62364445,9999.0,0.10018043013168891,1437156.956310687
vesting_lag_epochs,,5.0,14347332.669931717,9999.0,0.1001795912426444,1437309.9222959974
vesting_lag_epochs,,6.0,14349044.419794468,9999.0,0.10019292662709345,1437672.754721372
vesting_sub_cohort_phases,,2.0,14344055.092161937,9999.0,0.10018193311451008,1437015.1678338149
vesting_sub_cohort_phases,,3.0,14344875.956829073,9999.0,0.10018104610417715,1437084.6795897956
vesting_sub_cohort_phases,,4.0,14345685.62364445,9999.0,0.10018043013168891,1437156.956310687
vesting_sub_cohort_phases,,5.0,14346504.991259534,9999.0,0.1001802872445439,1437236.9909796629
vesting_sub_cohort_phases,,6.0,14347385.63154137,9999.0,0.10018060296892908,1437329.7435955638
acr_epoch_budget,,75000.0,14672776.782704843,9999.0,0.10036813416191381,1472679.2286543339
acr_epoch_budget,,91666.66666666667,14600081.626923403,9999.0,0.10002747240107654,1460409.2619905453
acr_epoch_budget,,108333.33333333334,14527369.548791956,9999.0,0.10024566825166875,1456305.8683575932
acr_epoch_budget,,125000.0,14454670.153308773,9999.0,0.10022835823957561,1448767.8583607331
acr_epoch_budget,,141666.6666666667,14381961.18988476,9999.0,0.10046742328539132,1444918.5825382224
acr_epoch_budget,,158333.33333333334,14309287.70418282,9999.0,0.10029667085372868,1435173.9190177312
acr_epoch_budget,,175000.0,14736574.148655418,9999.0,0.09979336809244413,1470612.3684383666
acr_epoch_budget,,191666.6666666667,14663889.884909302,9999.0,0.09961865994414476,1460797.0599031637
acr_epoch_budget,,208333.33333333334,14591298.841356382,9999.0,0.09916993129038526,1447018.1035347905
acr_epoch_budget,,225000.0,14518526.796662666,9999.0,0.09868083825194775,1432700.3944780375
pcs_tenure_weight,,0.175,14332456.184003873,9999.0,0.10050826043821955,1440530.2388612316
pcs_tenure_weight,,0.21388888888888888,14335540.740768071,9999.0,0.1008874799600368,1446276.57920053
pcs_tenure_weight,,0.25277777777777777,14342119.005368143,9999.0,0.10010476788592644,1435714.4940247121
pcs_tenure_weight,,0.29166666666666663,14342679.458562491,9999.0,0.10010984392449397,1435843.4020557366
pcs_tenure_weight,,0.3305555555555555,14345775.993631136,9999.0,0.10018364988862181,1437212.1995265374
pcs_tenure_weight,,0.3694444444444444,14343235.53791294,9999.0,0.10012819826737475,1436162.3317358023
pcs_tenure_weight,,0.40833333333333327,14346359.37502761,9999.0,0.10020223974480466,1437537.3415616425
pcs_tenure_weight,,0.4472222222222222,14346268.659503061,9999.0,0.10018583559273032,1437292.9132901134
pcs_tenure_weight,,0.48611111111111105,14349280.671207529,9999.0,0.10085743620520579,1447231.659886906
pcs_tenure_weight,,0.5249999999999999,14346836.869951176,9999.0,0.10020472439781139,1437620.8345338167
pcs_activity_weight,,0.175,14328477.534106309,9999.0,0.10045734112884219,1439400.7555006691
pcs_activity_weight,,0.21388888888888888,14338058.539774757,9999.0,0.10028588206863923,1437904.8478130968
pcs_activity_weight,,0.25277777777777777,14338553.715446,9999.0,0.10093156321993756,1447212.6408130086
pcs_activity_weight,,0.29166666666666663,14342775.650315246,9999.0,0.10012554039438701,1436078.1627432695
pcs_activity_weight,,0.3305555555555555,14342681.656454338,9999.0,0.10010879097076891,1435828.519906269
pcs_activity_weight,,0.3694444444444444,14343235.241071088,9999.0,0.10012823190536768,1436162.7844912081
pcs_activity_weight,,0.40833333333333327,14346266.558877023,9999.0,0.1001861183942486,1437296.7599831028
pcs_activity_weight,,0.4472222222222222,14346924.228054553,9999.0,0.10020823515112495,1437679.9567402625
pcs_activity_weight,,0.48611111111111105,14349838.911422461,9999.0,0.10086258325360813,1447361.8218792134
pcs_activity_weight,,0.5249999999999999,14349828.697964448,9999.0,0.10086129461391562,1447342.2999646133
pcs_referral_weight,,0.075,14348152.56129042,9999.0,0.10081412928885768,1446496.507370187
pcs_referral_weight,,0.09166666666666666,14348150.331666484,9999.0,0.10081574858067084,1446519.5164349573
pcs_referral_weight,,0.10833333333333332,14345782.959527437,9999.0,0.10017986191134094,1437158.5558955267
pcs_referral_weight,,0.12499999999999999,14345780.44805254,9999.0,0.10018127832862225,1437178.6239076587
pcs_referral_weight,,0.14166666666666666,14345699.692441272,9999.0,0.10017985999435416,1437150.186709816
pcs_referral_weight,,0.15833333333333333,14343233.29969936,9999.0,0.10012910637777928,1436175.1328669032
pcs_referral_weight,,0.175,14343230.517847355,9999.0,0.10013047604171638,1436194.4997281297
pcs_referral_weight,,0.19166666666666665,14343227.76946518,9999.0,0.10013183014467791,1436213.6467385148
pcs_referral_weight,,0.20833333333333331,14343234.976427406,9999.0,0.10013332667250009,1436235.8334350346
pcs_referral_weight,,0.22499999999999998,14340752.604932245,9999.0,0.10096895923969675,1447970.8652339787
pcs_diversity_weight,,0.075,14338526.591056248,9999.0,0.10092991979242792,1447186.338776902
pcs_diversity_weight,,0.09166666666666666,14345222.755851647,9999.0,0.10017741181111203,1437067.2875350858
pcs_diversity_weight,,0.10833333333333332,14342682.199525412,9999.0,0.10010861151511381,1435826.0003970275
pcs_diversity_weight,,0.12499999999999999,14342682.201163476,9999.0,0.10010860554243187,1435825.914896733
pcs_diversity_weight,,0.14166666666666666,14345776.697069827,9999.0,0.10018337439707835,1437208.3178594285
pcs_diversity_weight,,0.15833333333333333,14343234.708971629,9999.0,0.10012841371580032,1436165.3389627382
pcs_diversity_weight,,0.175,14343234.71964994,9999.0,0.10012841043836436,1436165.2930229073
pcs_diversity_weight,,0.19166666666666665,14346277.862065734,9999.0,0.10018676507579265,1437307.1698788246
pcs_diversity_weight,,0.20833333333333331,14346265.129080506,9999.0,0.10018663836146202,1437304.076324842
pcs_diversity_weight,,0.22499999999999998,14343826.040095314,9999.0,0.10017334326831762,1436869.0096955008
pcs_action_cap,,0.15,14342127.14504496,9999.0,0.10010296051345209,1435689.387279345
pcs_action_cap,,0.18333333333333332,14345689.88544933,9999.0,0.10018110850216637,1437167.11495263
pcs_action_cap,,0.21666666666666665,14345685.60845978,9999.0,0.1001824010807864,1437185.2294055829
pcs_action_cap,,0.24999999999999997,14345685.616586816,9999.0,0.10018146296337743,1437171.7722823485
pcs_action_cap,,0.2833333333333333,14345685.621993098,9999.0,0.10018072073893967,1437161.1251055128
pcs_action_cap,,0.31666666666666665,14345685.624625495,9999.0,0.10018020336340702,1437153.7032624867
pcs_action_cap,,0.35,14345685.624986146,9999.0,0.10018003883882795,1437151.3430807278
pcs_action_cap,,0.3833333333333333,14345685.624986146,9999.0,0.10018003883882795,1437151.3430807278
pcs_action_cap,,0.41666666666666663,14345685.624986146,9999.0,0.10018003883882795,1437151.3430807278
pcs_action_cap,,0.44999999999999996,14345685.624986146,9999.0,0.10018003883882795,1437151.3430807278
pcs_ml_anomaly_gamma,,0.475,14309237.139684653,9999.0,0.10018317975322465,1433544.8764965457
pcs_ml_anomaly_gamma,,0.5805555555555555,14321451.956081029,9999.0,0.10075045099042115,1442892.743412813
pcs_ml_anomaly_gamma,,0.6861111111111111,14329929.327444278,9999.0,0.10008522215660942,1434214.1602257732
pcs_ml_anomaly_gamma,,0.7916666666666666,14335090.129839625,9999.0,0.10026454956419656,1437301.35483053
pcs_ml_anomaly_gamma,,0.8972222222222221,14342682.203021357,9999.0,0.10010859827923327,1435825.8109089734
pcs_ml_anomaly_gamma,,1.0027777777777778,14346357.325450994,9999.0,0.10020278417048936,1437544.946714885
pcs_ml_anomaly_gamma,,1.1083333333333334,14346830.925659055,9999.0,0.1002059283580103,1437637.5119010778
pcs_ml_anomaly_gamma,,1.2138888888888888,14350410.138552831,9999.0,0.10086931241193839,1447516.0035051336
pcs_ml_anomaly_gamma,,1.3194444444444442,14353398.230030276,9999.0,0.10094860641635565,1448955.5486605421
pcs_ml_anomaly_gamma,,1.4249999999999998,14356472.347304761,9999.0,0.10041157311714893,1441555.972805719
pcs_calibration_factor,,100.0,14309237.139684653,9999.0,0.10018317975322465,1433544.8764965457
pcs_calibration_factor,,89.0,14800420.38201028,2.1972064371852373,0.09985471498341049,1477891.7588802958
pcs_calibration_factor,,78.0,14788990.198981458,2.2026171575731115,0.1006428206902614,1488405.688786124
pcs_calibration_factor,,67.0,14782379.009131003,2.206381197533437,0.10045950893295359,1485030.5361181018
pcs_calibration_factor,,56.0,14762878.131936282,2.216283687811062,0.10014867246528569,1478482.6466802154
pcs_calibration_factor,,45.0,14741225.615758639,9999.0,0.10011489720802447,1475816.2872419732
pcs_calibration_factor,,34.0,14700999.846960098,9999.0,0.09956285453100915,1463673.5092232758
pcs_calibration_factor,,23.0,14628490.923302824,9999.0,0.0991604174685661,1450567.266889838
pcs_calibration_factor,,12.0,14437487.534040138,9999.0,0.09878051242397239,1426142.4167271983
pcs_calibration_factor,,1.0,14654838.945981707,1.4671102883152705,0.098569829705934,1444524.9792733062
pagerank_cap,,0.4,14348064.004669672,9999.0,0.10081205500397132,1446457.81763926
pagerank_cap,,0.48888888888888893,14348061.960118987,9999.0,0.10081347239947336,1446477.9484023892
pagerank_cap,,0.5777777777777778,14345691.791371915,9999.0,0.10017732894178251,1437113.0854816935
pagerank_cap,,0.6666666666666667,14345689.313282521,9999.0,0.10017857448054568,1437130.7053454414
pagerank_cap,,0.7555555555555556,14345686.849879446,9999.0,0.10017981325917258,1437148.2296954906
pagerank_cap,,0.8444444444444446,14345685.62364445,9999.0,0.10018043013168891,1437156.956310687
pagerank_cap,,0.9333333333333335,14345685.62364445,9999.0,0.10018043013168891,1437156.956310687
pagerank_cap,,1.0222222222222224,14345685.62364445,9999.0,0.10018043013168891,1437156.956310687
pagerank_cap,,1.1111111111111112,14345685.62364445,9999.0,0.10018043013168891,1437156.956310687
pagerank_cap,,1.2000000000000002,14345685.62364445,9999.0,0.10018043013168891,1437156.956310687
cohort_referral_scores,passive_viewers,0.025,14345684.13614693,9999.0,0.10018058094208233,1437158.970770814
cohort_referral_scores,passive_viewers,0.030555555555555558,14345684.467909519,9999.0,0.10018054731519958,1437158.5216063333
cohort_referral_scores,passive_viewers,0.036111111111111115,14345684.798980208,9999.0,0.10018051375331441,1437158.0733049503
cohort_referral_scores,passive_viewers,0.04166666666666667,14345685.129361263,9999.0,0.10018048025623102,1437157.625864083
cohort_referral_scores,passive_viewers,0.04722222222222223,14345685.459054822,9999.0,0.10018044682375749,1437157.1792811926
cohort_referral_scores,passive_viewers,0.052777777777777785,14345685.788063033,9999.0,0.10018041345570088,1437156.7335537267
cohort_referral_scores,passive_viewers,0.05833333333333334,14345686.11638804,9999.0,0.1001803801518696,1437156.2886791516
cohort_referral_scores,passive_viewers,0.0638888888888889,14345686.444032036,9999.0,0.10018034691207434,1437155.8446549715
cohort_referral_scores,passive_viewers,0.06944444444444445,14345686.770997027,9999.0,0.10018031373612456,1437155.4014786538
cohort_referral_scores,passive_viewers,0.07500000000000001,14345687.097285202,9999.0,0.10018028062383032,1437154.9591476934
cohort_referral_scores,active_viewers,0.1,14345764.28277727,9999.0,0.10017993613969946,1437157.7497238084
cohort_referral_scores,active_viewers,0.12222222222222223,14345764.209556691,9999.0,0.1001806779412782,1437168.3840991145
cohort_referral_scores,active_viewers,0.14444444444444446,14345764.136751056,9999.0,0.10018141676219103,1437178.9757559511
cohort_referral_scores,active_viewers,0.16666666666666669,14345764.06435691,9999.0,0.10018215262130722,1437189.5249646686
cohort_referral_scores,active_viewers,0.1888888888888889,14345685.847288743,9999.0,0.10018007032494815,1437151.8170409997
cohort_referral_scores,active_viewers,0.21111111111111114,14345685.400523877,9999.0,0.10018078922423582,1437162.0853870795
cohort_referral_scores,active_viewers,0.23333333333333336,14345684.955846336,9999.0,0.10018150527565048,1437172.3130869393
cohort_referral_scores,active_viewers,0.2555555555555556,14345684.513241496,9999.0,0.10018221849689944,1437182.500393146
cohort_referral_scores,active_viewers,0.2777777777777778,14345684.072694778,9999.0,0.1001829289055344,1437192.647556038
cohort_referral_scores,active_viewers,0.30000000000000004,14345683.63419175,9999.0,0.10018363651895096,1437202.7548237296
cohort_referral_scores,power_users,0.4,14348064.004669672,9999.0,0.10081205500397132,1446457.81763926
cohort_referral_scores,power_users,0.48888888888888893,14348061.960118987,9999.0,0.10081347239947336,1446477.9484023892
cohort_referral_scores,power_users,0.5777777777777778,14345691.791371915,9999.0,0.10017732894178251,1437113.0854816935
cohort_referral_scores,power_users,0.6666666666666667,14345689.313282521,9999.0,0.10017857448054568,1437130.7053454414
cohort_referral_scores,power_users,0.7555555555555556,14345686.849879446,9999.0,0.10017981325917258,1437148.2296954906
cohort_referral_scores,power_users,0.8444444444444446,14345685.62364445,9999.0,0.10018043013168891,1437156.956310687
cohort_referral_scores,power_users,0.9333333333333335,14345685.62364445,9999.0,0.10018043013168891,1437156.956310687
cohort_referral_scores,power_users,1.0222222222222224,14345685.62364445,9999.0,0.10018043013168891,1437156.956310687
cohort_referral_scores,power_users,1.1111111111111112,14345685.62364445,9999.0,0.10018043013168891,1437156.956310687
cohort_referral_scores,power_users,1.2000000000000002,14345685.62364445,9999.0,0.10018043013168891,1437156.956310687
cohort_referral_scores,adversarial_whales,0.05,14345698.122649558,9999.0,0.10018289189266258,1437193.5241461731
cohort_referral_scores,adversarial_whales,0.061111111111111116,14345698.185787227,9999.0,0.10018237155912768,1437186.0659236398
cohort_referral_scores,adversarial_whales,0.07222222222222223,14345698.248900995,9999.0,0.10018185140284508,1437178.6102414543
cohort_referral_scores,adversarial_whales,0.08333333333333334,14345698.311990881,9999.0,0.10018133142372204,1437171.1570982884
cohort_referral_scores,adversarial_whales,0.09444444444444446,14345698.375056967,9999.0,0.10018081162166263,1437163.7064927737
cohort_referral_scores,adversarial_whales,0.10555555555555557,14345685.632655688,9999.0,0.10018017017168707,1437153.2279089731
cohort_referral_scores,adversarial_whales,0.11666666666666668,14345685.65067326,9999.0,0.10017965038488018,1437145.7730158395
cohort_referral_scores,adversarial_whales,0.1277777777777778,14345685.668684438,9999.0,0.10017913077559522,1437138.3206687204
cohort_referral_scores,adversarial_whales,0.1388888888888889,14345685.686689146,9999.0,0.10017861134373418,1437130.8708662023
cohort_referral_scores,adversarial_whales,0.15000000000000002,14345685.70468743,9999.0,0.10017809208920118,1437123.4236069142
cohort_diversity_scores,passive_viewers,0.05,14345684.882723473,9999.0,0.10018050526313454,1437157.9598969487
cohort_diversity_scores,passive_viewers,0.061111111111111116,14345685.047785053,9999.0,0.1001804885276552,1437157.7363509852
cohort_diversity_scores,passive_viewers,0.07222222222222223,14345685.21261903,9999.0,0.10018047181398453,1437157.5130950755
cohort_diversity_scores,passive_viewers,0.08333333333333334,14345685.377215642,9999.0,0.1001804551231118,1437157.2901424328
cohort_diversity_scores,passive_viewers,0.09444444444444446,14345685.541565247,9999.0,0.10018043845601542,1437157.0675061273
cohort_diversity_scores,passive_viewers,0.10555555555555557,14345685.70565834,9999.0,0.100180421813672,1437156.8451992173
cohort_diversity_scores,passive_viewers,0.11666666666666668,14345685.869485397,9999.0,0.10018040519704967,1437156.6232346368
cohort_diversity_scores,passive_viewers,0.1277777777777778,14345686.03303696,9999.0,0.10018038860711322,1437156.401625279
cohort_diversity_scores,passive_viewers,0.1388888888888889,14345686.196303673,9999.0,0.10018037204481756,1437156.1803839055
cohort_diversity_scores,passive_viewers,0.15000000000000002,14345686.359276252,9999.0,0.10018035551111301,1437155.9595232194
cohort_diversity_scores,active_viewers,0.25,14345764.152204243,9999.0,0.1001812598434135,1437176.7261843
cohort_diversity_scores,active_viewers,0.3055555555555556,14345764.107720133,9999.0,0.10018171170497953,1437183.2040272611
cohort_diversity_scores,active_viewers,0.3611111111111111,14345764.063761195,9999.0,0.1001821586813624,1437189.6118411105
cohort_diversity_scores,active_viewers,0.41666666666666663,14345686.022019625,9999.0,0.10017978930132529,1437147.8030688933
cohort_diversity_scores,active_viewers,0.4722222222222222,14345685.755414074,9999.0,0.10018021812060411,1437153.9280670253
cohort_diversity_scores,active_viewers,0.5277777777777778,14345685.49294837,9999.0,0.10018064045972856,1437159.9605174046
cohort_diversity_scores,active_viewers,0.5833333333333333,14345685.234922148,9999.0,0.10018105582829219,1437165.8934148427
cohort_diversity_scores,active_viewers,0.6388888888888888,14345684.981611371,9999.0,0.10018146377305559,1437171.7202849672
cohort_diversity_scores,active_viewers,0.6944444444444444,14345684.733267779,9999.0,0.10018186387929434,1437177.4352035036
cohort_diversity_scores,active_viewers,0.75,14345684.490118444,9999.0,0.10018225577174879,1437183.0328098556
cohort_diversity_scores,power_users,0.45,14345688.396397347,9999.0,0.10017903548462984,1437137.2269141322
cohort_diversity_scores,power_users,0.55,14345687.745251669,9999.0,0.10017936292881988,1437141.8590950905
cohort_diversity_scores,power_users,0.65,14345687.112309214,9999.0,0.10017968126073828,1437146.362377418
cohort_diversity_scores,power_users,0.75,14345686.499839861,9999.0,0.1001799893350881,1437150.7205584745
cohort_diversity_scores,power_users,0.8500000000000001,14345685.909771854,9999.0,0.10018028617795276,1437154.9198599688
cohort_diversity_scores,power_users,0.9500000000000002,14345685.343680207,9999.0,0.10018057099283714,1437158.9490134583
cohort_diversity_scores,power_users,1.05,14345684.80278554,9999.0,0.10018084316138691,1437162.7992705498
cohort_diversity_scores,power_users,1.1500000000000001,14343233.202200502,9999.0,0.10012907964226618,1436174.7396307306
cohort_diversity_scores,power_users,1.2500000000000002,14343232.65351635,9999.0,0.10012932239489666,1436178.1665489478
cohort_diversity_scores,power_users,1.35,14343232.135019138,9999.0,0.10012955181700262,1436181.4052866958
cohort_diversity_scores,adversarial_whales,0.15,14345698.19644626,9999.0,0.10018228371332709,1437184.806782144
cohort_diversity_scores,adversarial_whales,0.18333333333333332,14345698.243452556,9999.0,0.10018189630699581,1437179.253877016
cohort_diversity_scores,adversarial_whales,0.21666666666666665,14345698.29030275,9999.0,0.10018151017703175,1437173.7192665918
cohort_diversity_scores,adversarial_whales,0.24999999999999997,14345698.336971626,9999.0,0.10018112553049159,1437168.2059187188
cohort_diversity_scores,adversarial_whales,0.2833333333333333,14345685.61702678,9999.0,0.10018062104052727,1437159.6943659026
cohort_diversity_scores,adversarial_whales,0.31666666666666665,14345685.630244914,9999.0,0.10018023971983554,1437154.2253833355
cohort_diversity_scores,adversarial_whales,0.35,14345685.64339053,9999.0,0.10017986048441045,1437148.7863080734
cohort_diversity_scores,adversarial_whales,0.3833333333333333,14345685.656457104,9999.0,0.10017948352605924,1437143.3798910687
cohort_diversity_scores,adversarial_whales,0.41666666666666663,14345685.669438103,9999.0,0.10017910903178627,1437138.0088143735
cohort_diversity_scores,adversarial_whales,0.44999999999999996,14345685.68232724,9999.0,0.10017873718343316,1437132.6756860006
bas_lambda,,0.15,14345685.62364445,9999.0,0.10018043013168891,1437156.956310687
bas_lambda,,0.18333333333333332,14345685.62364445,9999.0,0.10018043013168891,1437156.956310687
bas_lambda,,0.21666666666666665,14345685.62364445,9999.0,0.10018043013168891,1437156.956310687
bas_lambda,,0.24999999999999997,14345685.62364445,9999.0,0.10018043013168891,1437156.956310687
bas_lambda,,0.2833333333333333,14345685.62364445,9999.0,0.10018043013168891,1437156.956310687
bas_lambda,,0.31666666666666665,14345685.62364445,9999.0,0.10018043013168891,1437156.956310687
bas_lambda,,0.35,14345685.62364445,9999.0,0.10018043013168891,1437156.956310687
bas_lambda,,0.3833333333333333,14345685.62364445,9999.0,0.10018043013168891,1437156.956310687
bas_lambda,,0.41666666666666663,14345685.62364445,9999.0,0.10018043013168891,1437156.956310687
bas_lambda,,0.44999999999999996,14345685.62364445,9999.0,0.10018043013168891,1437156.956310687
velocity_scale,,0.5,14345685.62364445,9999.0,0.10018043013168891,1437156.956310687
velocity_scale,,0.6111111111111112,14345685.62364445,9999.0,0.10018043013168891,1437156.956310687
velocity_scale,,0.7222222222222222,14345685.62364445,9999.0,0.10018043013168891,1437156.956310687
velocity_scale,,0.8333333333333333,14345685.62364445,9999.0,0.10018043013168891,1437156.956310687
velocity_scale,,0.9444444444444444,14345685.62364445,9999.0,0.10018043013168891,1437156.956310687
velocity_scale,,1.0555555555555556,14345685.62364445,9999.0,0.10018043013168891,1437156.956310687
velocity_scale,,1.1666666666666665,14345685.62364445,9999.0,0.10018043013168891,1437156.956310687
velocity_scale,,1.2777777777777777,14345685.62364445,9999.0,0.10018043013168891,1437156.956310687
velocity_scale,,1.3888888888888888,14345685.62364445,9999.0,0.10018043013168891,1437156.956310687
velocity_scale,,1.5,14345685.62364445,9999.0,0.10018043013168891,1437156.956310687
tier_sr_modifiers,Bronze,0.5,14345685.62364445,9999.0,0.10018043013168891,1437156.956310687
tier_sr_modifiers,Bronze,0.6111111111111112,14345685.62364445,9999.0,0.10018043013168891,1437156.956310687
tier_sr_modifiers,Bronze,0.7222222222222222,14345685.62364445,9999.0,0.10018043013168891,1437156.956310687
tier_sr_modifiers,Bronze,0.8333333333333333,14345685.62364445,9999.0,0.10018043013168891,1437156.956310687
tier_sr_modifiers,Bronze,0.9444444444444444,14345685.62364445,9999.0,0.10018043013168891,1437156.956310687
tier_sr_modifiers,Bronze,1.0555555555555556,14345685.62364445,9999.0,0.10018043013168891,1437156.956310687
tier_sr_modifiers,Bronze,1.1666666666666665,14345685.62364445,9999.0,0.10018043013168891,1437156.956310687
tier_sr_modifiers,Bronze,1.2777777777777777,14345685.62364445,9999.0,0.10018043013168891,1437156.956310687
tier_sr_modifiers,Bronze,1.3888888888888888,14345685.62364445,9999.0,0.10018043013168891,1437156.956310687
tier_sr_modifiers,Bronze,1.5,14345685.62364445,9999.0,0.10018043013168891,1437156.956310687
tier_sr_modifiers,Silver,0.55,14352071.777542217,9999.0,0.10085408655751962,1447465.0893319773
tier_sr_modifiers,Silver,0.6722222222222223,14350643.302253371,9999.0,0.10083613413324763,1447063.3929244126
tier_sr_modifiers,Silver,0.7944444444444445,14349200.782534668,9999.0,0.10083142775195149,1446850.4020023902
tier_sr_modifiers,Silver,0.9166666666666667,14347839.50077509,9999.0,0.10020247101941374,1437688.9717676155
tier_sr_modifiers,Silver,1.038888888888889,14346411.535403512,9999.0,0.10018350902381501,1437273.8495164616
tier_sr_modifiers,Silver,1.1611111111111112,14344972.11582674,9999.0,0.10017748404359494,1437043.2152390478
tier_sr_modifiers,Silver,1.2833333333333334,14343533.858987443,9999.0,0.10017145781010806,1436812.696803417
tier_sr_modifiers,Silver,1.4055555555555557,14342083.809287118,9999.0,0.1001272166301248,1436032.9324998967
tier_sr_modifiers,Silver,1.527777777777778,14340595.746318718,9999.0,0.10096843622738085,1447947.5270748306
tier_sr_modifiers,Silver,1.6500000000000001,14339156.887889452,9999.0,0.10096300173570324,1447724.3217605038
tier_sr_modifiers,Gold,0.6,14364115.556597322,9999.0,0.10006909074813433,1437403.9831498256
tier_sr_modifiers,Gold,0.7333333333333333,14360001.82713562,9999.0,0.10022895318213118,1439287.9508272943
tier_sr_modifiers,Gold,0.8666666666666666,14355833.909754911,9999.0,0.1009476409642258,1449187.5672639967
tier_sr_modifiers,Gold,0.9999999999999999,14351754.302588724,9999.0,0.10086346277752996,1447567.635891413
tier_sr_modifiers,Gold,1.1333333333333333,14347733.823300289,9999.0,0.1002054942678932,1437721.7593879744
tier_sr_modifiers,Gold,1.2666666666666666,14343639.389979124,9999.0,0.1001684361798136,1436779.9268213843
tier_sr_modifiers,Gold,1.4,14339472.87713543,9999.0,0.10095366685494944,1447622.3677139136
tier_sr_modifiers,Gold,1.5333333333333332,14335402.16706588,9999.0,0.10089245951664727,1446333.982795552
tier_sr_modifiers,Gold,1.6666666666666665,14331284.545294618,9999.0,0.10051162440833904,1440460.6895056865
tier_sr_modifiers,Gold,1.7999999999999998,14327185.861213308,9999.0,0.10093346661294025,1446092.535780163
tier_sr_modifiers,Platinum,0.65,14647790.611493515,9999.0,0.10062394466042067,1473918.471888353
tier_sr_modifiers,Platinum,0.7944444444444445,14580649.80148998,9999.0,0.10052039479632573,1465652.6744327412
tier_sr_modifiers,Platinum,0.938888888888889,14513513.029652681,9999.0,0.10020126005672816,1454272.2934209409
tier_sr_modifiers,Platinum,1.0833333333333335,14446345.327975284,9999.0,0.10006488135156319,1445571.831207556
tier_sr_modifiers,Platinum,1.2277777777777779,14379231.345970912,9999.0,0.10093277183079633,1451335.6765451164
tier_sr_modifiers,Platinum,1.3722222222222225,14312113.701206842,9999.0,0.10049904536700226,1438353.764155281
tier_sr_modifiers,Platinum,1.516666666666667,14744857.051998828,9999.0,0.09988673138962202,1472815.5757313808
tier_sr_modifiers,Platinum,1.6611111111111114,14677664.941885835,9999.0,0.09965320819893478,1462676.400327955
tier_sr_modifiers,Platinum,1.8055555555555558,14610563.758426873,9999.0,0.0989837570898324,1446208.4940096342
tier_sr_modifiers,Platinum,1.9500000000000002,14543450.223345773,9999.0,0.09893209179222257,1438813.9524716637
tier_thresholds_pcs,Bronze,0.0,14345685.62364445,9999.0,0.10018043013168891,1437156.956310687
tier_thresholds_pcs,Bronze,0.1111111111111111,14345685.62364445,9999.0,0.10018043013168891,1437156.956310687
tier_thresholds_pcs,Bronze,0.2222222222222222,14345685.62364445,9999.0,0.10018043013168891,1437156.956310687
tier_thresholds_pcs,Bronze,0.3333333333333333,14345685.62364445,9999.0,0.10018043013168891,1437156.956310687
tier_thresholds_pcs,Bronze,0.4444444444444444,14345685.62364445,9999.0,0.10018043013168891,1437156.956310687
tier_thresholds_pcs,Bronze,0.5555555555555556,14345685.62364445,9999.0,0.10018043013168891,1437156.956310687
tier_thresholds_pcs,Bronze,0.6666666666666666,14345685.62364445,9999.0,0.10018043013168891,1437156.956310687
tier_thresholds_pcs,Bronze,0.7777777777777777,14345685.62364445,9999.0,0.10018043013168891,1437156.956310687
tier_thresholds_pcs,Bronze,0.8888888888888888,14345685.62364445,9999.0,0.10018043013168891,1437156.956310687
tier_thresholds_pcs,Bronze,1.0,14345685.62364445,9999.0,0.10018043013168891,1437156.956310687
tier_thresholds_pcs,Silver,50.0,14345685.62364445,9999.0,0.10018043013168891,1437156.956310687
tier_thresholds_pcs,Silver,61.111111111111114,14345685.62364445,9999.0,0.10018043013168891,1437156.956310687
tier_thresholds_pcs,Silver,72.22222222222223,14345685.62364445,9999.0,0.10018043013168891,1437156.956310687
tier_thresholds_pcs,Silver,83.33333333333333,14345685.62364445,9999.0,0.10018043013168891,1437156.956310687
tier_thresholds_pcs,Silver,94.44444444444444,14345685.62364445,9999.0,0.10018043013168891,1437156.956310687
tier_thresholds_pcs,Silver,105.55555555555556,14345685.62364445,9999.0,0.10018043013168891,1437156.956310687
tier_thresholds_pcs,Silver,116.66666666666666,14345685.62364445,9999.0,0.10018043013168891,1437156.956310687
tier_thresholds_pcs,Silver,127.77777777777777,14345685.62364445,9999.0,0.10018043013168891,1437156.956310687
tier_thresholds_pcs,Silver,138.88888888888889,14345685.62364445,9999.0,0.10018043013168891,1437156.956310687
tier_thresholds_pcs,Silver,150.0,14345685.62364445,9999.0,0.10018043013168891,1437156.956310687
tier_thresholds_pcs,Gold,250.0,14345685.62364445,9999.0,0.10018043013168891,1437156.956310687
tier_thresholds_pcs,Gold,305.55555555555554,14345685.62364445,9999.0,0.10018043013168891,1437156.956310687
tier_thresholds_pcs,Gold,361.1111111111111,14345685.62364445,9999.0,0.10018043013168891,1437156.956310687
tier_thresholds_pcs,Gold,416.6666666666667,14345685.62364445,9999.0,0.10018043013168891,1437156.956310687
tier_thresholds_pcs,Gold,472.22222222222223,14345685.62364445,9999.0,0.10018043013168891,1437156.956310687
tier_thresholds_pcs,Gold,527.7777777777778,14345685.62364445,9999.0,0.10018043013168891,1437156.956310687
tier_thresholds_pcs,Gold,583.3333333333334,14342176.883562258,9999.0,0.10010852956475039,1435774.2385709719
tier_thresholds_pcs,Gold,638.8888888888889,14338700.919933988,9999.0,0.10095338403424825,1447540.3805223245
tier_thresholds_pcs,Gold,694.4444444444445,14338715.83408192,9999.0,0.10095388889187719,1447549.1251661063
tier_thresholds_pcs,Gold,750.0,14335247.451232146,9999.0,0.10091242158991788,1446604.534394534
tier_thresholds_pcs,Platinum,750.0,14362508.581722308,9999.0,0.10030840335485636,1440680.3040029872
tier_thresholds_pcs,Platinum,916.6666666666666,14359449.273473956,9999.0,0.10026340148323946,1439727.2275845304
tier_thresholds_pcs,Platinum,1083.3333333333333,14353398.230030274,9999.0,0.10094860641635565,1448955.5486605421
tier_thresholds_pcs,Platinum,1250.0,14347411.475564899,9999.0,0.10084015173794482,1446795.1502426951
tier_thresholds_pcs,Platinum,1416.6666666666665,14346277.841632882,9999.0,0.10018677926560535,1437307.3714027186
tier_thresholds_pcs,Platinum,1583.3333333333333,14342682.203021357,9999.0,0.10010859827923327,1435825.8109089734
tier_thresholds_pcs,Platinum,1750.0,14341574.579691282,9999.0,0.10009605217216976,1435534.997359842
tier_thresholds_pcs,Platinum,1916.6666666666665,14338001.533244893,9999.0,0.10027622331085592,1437760.6435790595
tier_thresholds_pcs,Platinum,2083.333333333333,14336955.717365617,9999.0,0.10105438274571842,1448812.210471081
tier_thresholds_pcs,Platinum,2250.0,14333331.367958032,9999.0,0.10098482206122314,1447448.91773779
tier_min_tenure_epochs,Bronze,0.0,14345685.62364445,9999.0,0.10018043013168891,1437156.956310687
tier_min_tenure_epochs,Bronze,0.1111111111111111,14345685.62364445,9999.0,0.10018043013168891,1437156.956310687
tier_min_tenure_epochs,Bronze,0.2222222222222222,14345685.62364445,9999.0,0.10018043013168891,1437156.956310687
tier_min_tenure_epochs,Bronze,0.3333333333333333,14345685.62364445,9999.0,0.10018043013168891,1437156.956310687
tier_min_tenure_epochs,Bronze,0.4444444444444444,14345685.62364445,9999.0,0.10018043013168891,1437156.956310687
tier_min_tenure_epochs,Bronze,0.5555555555555556,14345685.62364445,9999.0,0.10018043013168891,1437156.956310687
tier_min_tenure_epochs,Bronze,0.6666666666666666,14345685.62364445,9999.0,0.10018043013168891,1437156.956310687
tier_min_tenure_epochs,Bronze,0.7777777777777777,14345685.62364445,9999.0,0.10018043013168891,1437156.956310687
tier_min_tenure_epochs,Bronze,0.8888888888888888,14345685.62364445,9999.0,0.10018043013168891,1437156.956310687
tier_min_tenure_epochs,Bronze,1.0,14345685.62364445,9999.0,0.10018043013168891,1437156.956310687
tier_min_tenure_epochs,Silver,2.0,14349777.331203567,9999.0,0.10083462082248242,1446954.3560789654
tier_min_tenure_epochs,Silver,2.4444444444444446,14347794.090246094,9999.0,0.10020327171631305,1437695.90975464
tier_min_tenure_epochs,Silver,2.888888888888889,14347794.090246094,9999.0,0.10020327171631305,1437695.90975464
tier_min_tenure_epochs,Silver,3.333333333333333,14345685.62364445,9999.0,0.10018043013168891,1437156.956310687
tier_min_tenure_epochs,Silver,3.7777777777777777,14345685.62364445,9999.0,0.10018043013168891,1437156.956310687
tier_min_tenure_epochs,Silver,4.222222222222222,14343644.076891651,9999.0,0.10017022188811905,1436806.0098664414
tier_min_tenure_epochs,Silver,4.666666666666666,14343644.076891651,9999.0,0.10017022188811905,1436806.0098664414
tier_min_tenure_epochs,Silver,5.111111111111111,14341657.57247863,9999.0,0.10010803413059698,1435715.1457550253
tier_min_tenure_epochs,Silver,5.555555555555555,14341657.57247863,9999.0,0.10010803413059698,1435715.1457550253
tier_min_tenure_epochs,Silver,6.0,14341657.57247863,9999.0,0.10010803413059698,1435715.1457550253
tier_min_tenure_epochs,Gold,4.0,14339416.59372046,9999.0,0.10096177323617042,1447732.9264741845
tier_min_tenure_epochs,Gold,4.888888888888889,14339416.59372046,9999.0,0.10096177323617042,1447732.9264741845
tier_min_tenure_epochs,Gold,5.777777777777778,14339416.59372046,9999.0,0.10096177323617042,1447732.9264741845
tier_min_tenure_epochs,Gold,6.666666666666666,14342497.85850152,9999.0,0.10012497912504693,1436042.298683495
tier_min_tenure_epochs,Gold,7.555555555555555,14345685.62364445,9999.0,0.10018043013168891,1437156.956310687
tier_min_tenure_epochs,Gold,8.444444444444445,14345341.709403412,9999.0,0.10017801828076105,1437087.904008379
tier_min_tenure_epochs,Gold,9.333333333333332,14344951.258009205,9999.0,0.10017534198205541,1437010.397986988
tier_min_tenure_epochs,Gold,10.222222222222221,14344519.429243037,9999.0,0.10017241620488958,1436925.1705252586
tier_min_tenure_epochs,Gold,11.11111111111111,14344082.604846904,9999.0,0.10016940498576196,1436838.2195941329
tier_min_tenure_epochs,Gold,12.0,14344082.604846904,9999.0,0.10016940498576196,1436838.2195941329
tier_min_tenure_epochs,Platinum,6.0,14345685.62364445,9999.0,0.10018043013168891,1437156.956310687
tier_min_tenure_epochs,Platinum,7.333333333333333,14345685.62364445,9999.0,0.10018043013168891,1437156.956310687
tier_min_tenure_epochs,Platinum,8.666666666666666,14345685.62364445,9999.0,0.10018043013168891,1437156.956310687
tier_min_tenure_epochs,Platinum,10.0,14345685.62364445,9999.0,0.10018043013168891,1437156.956310687
tier_min_tenure_epochs,Platinum,11.333333333333332,14345685.62364445,9999.0,0.10018043013168891,1437156.956310687
tier_min_tenure_epochs,Platinum,12.666666666666666,14345685.62364445,9999.0,0.10018043013168891,1437156.956310687
tier_min_tenure_epochs,Platinum,14.0,14345685.62364445,9999.0,0.10018043013168891,1437156.956310687
tier_min_tenure_epochs,Platinum,15.333333333333332,14348054.898797605,9999.0,0.10081837348307139,1446547.557542589
tier_min_tenure_epochs,Platinum,16.666666666666664,14350504.954711758,9999.0,0.10085745940555463,1447355.4709190517
tier_min_tenure_epochs,Platinum,18.0,14352947.878985403,9999.0,0.10092194014584402,1448527.3467593838
tier_budget_allocations,Bronze,0.2,14353845.636915205,9999.0,0.10087431055107222,1447934.2823803376
tier_budget_allocations,Bronze,0.24444444444444446,14352022.56921138,9999.0,0.10085500498774778,1447473.3078020825
tier_budget_allocations,Bronze,0.2888888888888889,14350185.397531927,9999.0,0.10083535978432923,1447006.1075319594
tier_budget_allocations,Bronze,0.33333333333333337,14348363.42326002,9999.0,0.10081585459810088,1446542.5206000912
tier_budget_allocations,Bronze,0.3777777777777778,14346608.355736114,9999.0,0.10018447525066844,1437307.4297462779
tier_budget_allocations,Bronze,0.4222222222222223,14344775.345956875,9999.0,0.10017651815202624,1437009.6478309873
tier_budget_allocations,Bronze,0.46666666666666673,14342920.257497018,9999.0,0.1001302077406971,1436159.5849914292
tier_budget_allocations,Bronze,0.5111111111111112,14341100.22821261,9999.0,0.10010895092235483,1435672.498918708
tier_budget_allocations,Bronze,0.5555555555555556,14339206.682608623,9999.0,0.10096210235088979,1447716.4527200947
tier_budget_allocations,Bronze,0.6000000000000001,14337384.772319855,9999.0,0.10094268396503286,1447254.0999573579
tier_budget_allocations,Silver,0.125,14352978.075224554,9999.0,0.10087837483776114,1447905.10231067
tier_budget_allocations,Silver,0.1527777777777778,14351348.079629462,9999.0,0.10085816579675437,1447450.6440222007
tier_budget_allocations,Silver,0.18055555555555555,14349703.819465626,9999.0,0.10083761727478026,1446989.9417537272
tier_budget_allocations,Silver,0.20833333333333331,14348141.289004466,9999.0,0.10020645852977565,1437776.4250559877
tier_budget_allocations,Silver,0.2361111111111111,14346512.121028464,9999.0,0.10018483766856613,1437302.987955353
tier_budget_allocations,Silver,0.2638888888888889,14344871.54066632,9999.0,0.10017615566091274,1437014.0843935865
tier_budget_allocations,Silver,0.29166666666666663,14343208.721886091,9999.0,0.10012912061219043,1436172.876079554
tier_budget_allocations,Silver,0.3194444444444444,14341580.802350335,9999.0,0.10010713899856705,1435694.6228400657
tier_budget_allocations,Silver,0.3472222222222222,14339879.402592313,9999.0,0.1009592270710593,1447743.1407779234
tier_budget_allocations,Silver,0.375,14338249.33830156,9999.0,0.10093898730757526,1447288.3679716706
tier_budget_allocations,Gold,0.1,14364225.653973032,9999.0,0.10033409800039214,1441221.624465477
tier_budget_allocations,Gold,0.12222222222222223,14360108.713613955,9999.0,0.10026813046821685,1439861.2540344216
tier_budget_allocations,Gold,0.14444444444444446,14355908.93999027,9999.0,0.10095776770797198,1449340.520000336
tier_budget_allocations,Gold,0.16666666666666669,14351800.441465741,9999.0,0.10088267671086737,1447848.044155272
tier_budget_allocations,Gold,0.1888888888888889,14347749.147787929,9999.0,0.10020753120960933,1437752.5205146046
tier_budget_allocations,Gold,0.21111111111111114,14343623.906434217,9999.0,0.10016639960172141,1436749.163948694
tier_budget_allocations,Gold,0.23333333333333336,14339425.794884833,9999.0,0.1009474470039792,1447528.425496629
tier_budget_allocations,Gold,0.2555555555555556,14335321.453002093,9999.0,0.10086915406348383,1445991.748192433
tier_budget_allocations,Gold,0.2777777777777778,14331168.676761568,9999.0,0.10049714674773892,1440241.5615751066
tier_budget_allocations,Gold,0.30000000000000004,14327054.91756263,9999.0,0.10044559994388966,1439089.6266236329
tier_budget_allocations,Platinum,0.075,14638492.989139948,9999.0,0.10053057206129483,1471616.0743134927
tier_budget_allocations,Platinum,0.09166666666666666,14573411.55176541,9999.0,0.1003497845729115,1462438.7097120387
tier_budget_allocations,Platinum,0.10833333333333332,14508306.449376393,9999.0,0.10015687318947576,1453106.6092442446
tier_budget_allocations,Platinum,0.12499999999999999,14443254.208281467,9999.0,0.10076750672882356,1455410.715619112
tier_budget_allocations,Platinum,0.14166666666666666,14378204.582813323,9999.0,0.10092540872359285,1451126.1742318703
tier_budget_allocations,Platinum,0.15833333333333333,14313154.569854602,9999.0,0.10051858545718101,1438738.0507917707
tier_budget_allocations,Platinum,0.175,14748034.752691574,9999.0,0.10019816538423161,1477726.0252425857
tier_budget_allocations,Platinum,0.19166666666666665,14682831.165365394,9999.0,0.09970574288258112,1463962.5889622709
tier_budget_allocations,Platinum,0.20833333333333331,14617825.544483325,9999.0,0.09899047098293338,1447025.4353947588
tier_budget_allocations,Platinum,0.22499999999999998,14552698.611223888,9999.0,0.099058621344256,1441570.2612663072
settle_propensity_by_cohort,passive_viewers,0.00255,14345685.62364445,9999.0,0.10018043013168891,1437156.956310687
settle_propensity_by_cohort,passive_viewers,0.003116666666666667,14345685.62364445,9999.0,0.10018043013168891,1437156.956310687
settle_propensity_by_cohort,passive_viewers,0.0036833333333333336,14345685.62364445,9999.0,0.10018043013168891,1437156.956310687
settle_propensity_by_cohort,passive_viewers,0.00425,14345685.62364445,9999.0,0.10018043013168891,1437156.956310687
settle_propensity_by_cohort,passive_viewers,0.004816666666666667,14345685.62364445,9999.0,0.10018043013168891,1437156.956310687
settle_propensity_by_cohort,passive_viewers,0.005383333333333334,14345685.62364445,9999.0,0.10018043013168891,1437156.956310687
settle_propensity_by_cohort,passive_viewers,0.00595,14345685.62364445,9999.0,0.10018043013168891,1437156.956310687
settle_propensity_by_cohort,passive_viewers,0.006516666666666667,14345685.62364445,9999.0,0.10018043013168891,1437156.956310687
settle_propensity_by_cohort,passive_viewers,0.007083333333333334,14345685.62364445,9999.0,0.10018043013168891,1437156.956310687
settle_propensity_by_cohort,passive_viewers,0.0076500000000000005,14345685.62364445,9999.0,0.10018043013168891,1437156.956310687
settle_propensity_by_cohort,active_viewers,0.0051,14345685.62364445,9999.0,0.10018043013168891,1437156.956310687
settle_propensity_by_cohort,active_viewers,0.006233333333333334,14345685.62364445,9999.0,0.10018043013168891,1437156.956310687
settle_propensity_by_cohort,active_viewers,0.007366666666666667,14345685.62364445,9999.0,0.10018043013168891,1437156.956310687
settle_propensity_by_cohort,active_viewers,0.0085,14345685.62364445,9999.0,0.10018043013168891,1437156.956310687
settle_propensity_by_cohort,active_viewers,0.009633333333333334,14345685.62364445,9999.0,0.10018043013168891,1437156.956310687
settle_propensity_by_cohort,active_viewers,0.010766666666666667,14345685.62364445,9999.0,0.10018043013168891,1437156.956310687
settle_propensity_by_cohort,active_viewers,0.0119,14345685.62364445,9999.0,0.10018043013168891,1437156.956310687
settle_propensity_by_cohort,active_viewers,0.013033333333333334,14345685.62364445,9999.0,0.10018043013168891,1437156.956310687
settle_propensity_by_cohort,active_viewers,0.014166666666666668,14345685.62364445,9999.0,0.10018043013168891,1437156.956310687
settle_propensity_by_cohort,active_viewers,0.015300000000000001,14345685.62364445,9999.0,0.10018043013168891,1437156.956310687
settle_propensity_by_cohort,power_users,0.01015,14345685.62364445,9999.0,0.10018043013168891,1437156.956310687
settle_propensity_by_cohort,power_users,0.012405555555555555,14345685.62364445,9999.0,0.10018043013168891,1437156.956310687
settle_propensity_by_cohort,power_users,0.014661111111111111,14345685.62364445,9999.0,0.10018043013168891,1437156.956310687
settle_propensity_by_cohort,power_users,0.016916666666666663,14345685.62364445,9999.0,0.10018043013168891,1437156.956310687
settle_propensity_by_cohort,power_users,0.019172222222222222,14345685.62364445,9999.0,0.10018043013168891,1437156.956310687
settle_propensity_by_cohort,power_users,0.021427777777777775,14345685.62364445,9999.0,0.10018043013168891,1437156.956310687
settle_propensity_by_cohort,power_users,0.02368333333333333,14345685.62364445,9999.0,0.10018043013168891,1437156.956310687
settle_propensity_by_cohort,power_users,0.025938888888888886,14345685.62364445,9999.0,0.10018043013168891,1437156.956310687
settle_propensity_by_cohort,power_users,0.028194444444444442,14345685.62364445,9999.0,0.10018043013168891,1437156.956310687
settle_propensity_by_cohort,power_users,0.030449999999999998,14345685.62364445,9999.0,0.10018043013168891,1437156.956310687
settle_propensity_by_cohort,adversarial_whales,0.25,14345685.62364445,9999.0,0.10018043013168891,1437156.956310687
settle_propensity_by_cohort,adversarial_whales,0.3055555555555556,14345685.62364445,9999.0,0.10018043013168891,1437156.956310687
settle_propensity_by_cohort,adversarial_whales,0.3611111111111111,14345685.62364445,9999.0,0.10018043013168891,1437156.956310687
settle_propensity_by_cohort,adversarial_whales,0.41666666666666663,14345685.62364445,9999.0,0.10018043013168891,1437156.956310687
settle_propensity_by_cohort,adversarial_whales,0.4722222222222222,14345685.62364445,9999.0,0.10018043013168891,1437156.956310687
settle_propensity_by_cohort,adversarial_whales,0.5277777777777778,14345685.62364445,9999.0,0.10018043013168891,1437156.956310687
settle_propensity_by_cohort,adversarial_whales,0.5833333333333333,14345685.62364445,9999.0,0.10018043013168891,1437156.956310687
settle_propensity_by_cohort,adversarial_whales,0.6388888888888888,14345685.62364445,9999.0,0.10018043013168891,1437156.956310687
settle_propensity_by_cohort,adversarial_whales,0.6944444444444444,14345685.62364445,9999.0,0.10018043013168891,1437156.956310687
settle_propensity_by_cohort,adversarial_whales,0.75,14345685.62364445,9999.0,0.10018043013168891,1437156.956310687
settlement_ratio,,0.05235,14672776.782704843,9999.0,0.10036813416191381,1472679.2286543339
settlement_ratio,,0.06398333333333334,14600081.626923403,9999.0,0.10002747240107654,1460409.2619905453
settlement_ratio,,0.07561666666666667,14527369.548791956,9999.0,0.10024566825166875,1456305.8683575932
settlement_ratio,,0.08725,14454670.153308773,9999.0,0.10022835823957561,1448767.8583607331
settlement_ratio,,0.09888333333333332,14381961.18988476,9999.0,0.1004674232853908,1444918.5825382147
settlement_ratio,,0.11051666666666665,14309287.70418282,9999.0,0.10029667085372868,1435173.9190177312
settlement_ratio,,0.12215000000000001,14736574.148655418,9999.0,0.09979336809244413,1470612.3684383666
settlement_ratio,,0.13378333333333334,14663889.884909302,9999.0,0.09961865994414498,1460797.059903167
settlement_ratio,,0.14541666666666667,14591298.841356382,9999.0,0.09916993129038526,1447018.1035347905
settlement_ratio,,0.15705,14518526.796662666,9999.0,0.09868083825194775,1432700.3944780375
settlement_cap_per_epoch,,25000.0,14345685.62364445,9999.0,0.10018043013168891,1437156.956310687
settlement_cap_per_epoch,,30555.555555555555,14345685.62364445,9999.0,0.10018043013168891,1437156.956310687
settlement_cap_per_epoch,,36111.11111111111,14345685.62364445,9999.0,0.10018043013168891,1437156.956310687
settlement_cap_per_epoch,,41666.66666666667,14345685.62364445,9999.0,0.10018043013168891,1437156.956310687
settlement_cap_per_epoch,,47222.22222222222,14345685.62364445,9999.0,0.10018043013168891,1437156.956310687
settlement_cap_per_epoch,,52777.77777777778,14345685.62364445,9999.0,0.10018043013168891,1437156.956310687
settlement_cap_per_epoch,,58333.333333333336,14345685.62364445,9999.0,0.10018043013168891,1437156.956310687
settlement_cap_per_epoch,,63888.88888888889,14345685.62364445,9999.0,0.10018043013168891,1437156.956310687
settlement_cap_per_epoch,,69444.44444444444,14345685.62364445,9999.0,0.10018043013168891,1437156.956310687
settlement_cap_per_epoch,,75000.0,14345685.62364445,9999.0,0.10018043013168891,1437156.956310687
utility_spend_rate_by_cohort,passive_viewers,0.0228,14345663.952268949,9999.0,0.10086977758053128,1447043.9321104141
utility_spend_rate_by_cohort,passive_viewers,0.027866666666666668,14345685.15826727,9999.0,0.10100524325621572,1448989.4190878693
utility_spend_rate_by_cohort,passive_viewers,0.032933333333333335,14345687.304375026,9999.0,0.1000756502308098,1435653.9849932038
utility_spend_rate_by_cohort,passive_viewers,0.038000000000000006,14345686.699336397,9999.0,0.10013190713241796,1436460.9683287155
utility_spend_rate_by_cohort,passive_viewers,0.04306666666666667,14345685.961937396,9999.0,0.1001659008447121,1436948.5576127993
utility_spend_rate_by_cohort,passive_viewers,0.048133333333333334,14345685.302634751,9999.0,0.10019363286265998,1437346.3263754435
utility_spend_rate_by_cohort,passive_viewers,0.053200000000000004,14345685.619949931,9999.0,0.10024330866818476,1438058.9916573805
utility_spend_rate_by_cohort,passive_viewers,0.058266666666666675,14345685.07434781,9999.0,0.10026295045646988,1438340.711873454
utility_spend_rate_by_cohort,passive_viewers,0.06333333333333334,14345684.571068842,9999.0,0.10027987571403751,1438583.465819569
utility_spend_rate_by_cohort,passive_viewers,0.0684,14345684.103756398,9999.0,0.10029464243887447,1438795.2577272933
utility_spend_rate_by_cohort,active_viewers,0.09115,14345688.823292198,9999.0,0.10013003513141291,1436434.3258605653
utility_spend_rate_by_cohort,active_viewers,0.11140555555555555,14345687.934647689,9999.0,0.10014706598959162,1436678.5562572505
utility_spend_rate_by_cohort,active_viewers,0.1316611111111111,14345687.170204613,9999.0,0.10015961947075344,1436858.5680141638
utility_spend_rate_by_cohort,active_viewers,0.15191666666666664,14345686.4988051,9999.0,0.10016932523989679,1436997.7366884043
utility_spend_rate_by_cohort,active_viewers,0.1721722222222222,14345685.900213344,9999.0,0.10017709227778368,1437109.1002137724
utility_spend_rate_by_cohort,active_viewers,0.19242777777777775,14345685.360316655,9999.0,0.10018347274764211,1437200.578341532
utility_spend_rate_by_cohort,active_viewers,0.21268333333333328,14345684.868771024,9999.0,0.10018882374455787,1437277.2928122708
utility_spend_rate_by_cohort,active_viewers,0.23293888888888886,14345684.417715762,9999.0,0.10019338753590773,1437342.7183320282
utility_spend_rate_by_cohort,active_viewers,0.2531944444444444,14345684.65854097,9999.0,0.10021040406339625,1437586.8561984552
utility_spend_rate_by_cohort,active_viewers,0.27344999999999997,14345684.271333098,9999.0,0.10021385952608125,1437636.3883728883
utility_spend_rate_by_cohort,power_users,0.22785,14345689.648456644,9999.0,0.10016681217849673,1436962.0005879614
utility_spend_rate_by_cohort,power_users,0.2784833333333333,14345688.648412457,9999.0,0.10017131902197865,1437026.5541901018
utility_spend_rate_by_cohort,power_users,0.32911666666666667,14345687.722966874,9999.0,0.10017468945999783,1437074.81273831
utility_spend_rate_by_cohort,power_users,0.37975000000000003,14345686.852545686,9999.0,0.10017733542647382,1437112.6837506248
utility_spend_rate_by_cohort,power_users,0.43038333333333334,14345686.02452398,9999.0,0.10017949019325813,1437143.5124093604
utility_spend_rate_by_cohort,power_users,0.48101666666666665,14345685.23040946,9999.0,0.1001812960932747,1437169.3397285677
utility_spend_rate_by_cohort,power_users,0.53165,14345684.464321414,9999.0,0.10018284494605291,1437191.4823341123
utility_spend_rate_by_cohort,power_users,0.5822833333333334,14343256.02460484,9999.0,0.10017069807397215,1436773.9686383735
utility_spend_rate_by_cohort,power_users,0.6329166666666667,14343255.218398448,9999.0,0.10017194776357002,1436791.8124969625
utility_spend_rate_by_cohort,power_users,0.68355,14343254.432624275,9999.0,0.10017306991975715,1436807.8291561382
utility_spend_rate_by_cohort,adversarial_whales,0.0,14345685.62364445,9999.0,0.10018043013168891,1437156.956310687
utility_spend_rate_by_cohort,adversarial_whales,0.1111111111111111,14345685.116109008,9999.0,0.10040740090869019,1440412.956762987
utility_spend_rate_by_cohort,adversarial_whales,0.2222222222222222,14345684.725492954,9999.0,0.10041461168227873,1440516.3610267723
utility_spend_rate_by_cohort,adversarial_whales,0.3333333333333333,14345671.50162384,9999.0,0.10041728698144689,1440553.4121201253
utility_spend_rate_by_cohort,adversarial_whales,0.4444444444444444,14345671.139202228,9999.0,0.10041907779145995,1440579.0660982504
utility_spend_rate_by_cohort,adversarial_whales,0.5555555555555556,14345670.826755285,9999.0,0.10042033000567056,1440596.9985754867
utility_spend_rate_by_cohort,adversarial_whales,0.6666666666666666,14345657.207992945,9999.0,0.10042108819071244,1440606.507637589
utility_spend_rate_by_cohort,adversarial_whales,0.7777777777777777,14345656.73485716,9999.0,0.10042188848566942,1440617.9408815182
utility_spend_rate_by_cohort,adversarial_whales,0.8888888888888888,14345656.290895287,9999.0,0.10042256601802627,1440627.6159443457
utility_spend_rate_by_cohort,adversarial_whales,1.0,14345655.873908797,9999.0,0.10042315490252135,1440636.0220038085
utility_fee_share,,0.17,14345656.946134098,9999.0,0.1008586403603144,1446883.4546625852
utility_fee_share,,0.20777777777777778,14345654.262434006,9999.0,0.10014761036337676,1436682.9934819557
utility_fee_share,,0.24555555555555555,14345661.76418819,9999.0,0.10048522113595514,1441526.9947160666
utility_fee_share,,0.2833333333333333,14345659.058958832,9999.0,0.10078415693845626,1445815.1539836936
utility_fee_share,,0.3211111111111111,14345684.832358869,9999.0,0.10000400472610751,1434625.9337744652
utility_fee_share,,0.35888888888888887,14345695.27535244,9999.0,0.1003059336315184,1438958.3581874892
utility_fee_share,,0.3966666666666666,14345624.106575487,9999.0,0.10015710200322511,1436816.1369422062
utility_fee_share,,0.4344444444444444,14345621.287858833,9999.0,0.10048240840339437,1441482.5770470595
utility_fee_share,,0.4722222222222222,14345619.276772369,9999.0,0.10080889910047679,1446166.0862060005
utility_fee_share,,0.51,14345619.211432243,9999.0,0.10005978306235162,1435419.546191014
utility_burn_share,,0.025,14345687.681200357,9999.0,0.10008223527182375,1435748.4896459978
utility_burn_share,,0.030555555555555558,14345689.943647252,9999.0,0.10014408148576093,1436635.9426860716
utility_burn_share,,0.036111111111111115,14345688.709416227,9999.0,0.10015446475320394,1436784.7742076633
utility_burn_share,,0.04166666666666667,14345687.475140816,9999.0,0.10016484966844359,1436933.6293379539
utility_burn_share,,0.04722222222222223,14345686.240821011,9999.0,0.10017523623182953,1437082.5080819514
utility_burn_share,,0.052777777777777785,14345685.006456805,9999.0,0.10018562444371715,1437231.4104447456
utility_burn_share,,0.05833333333333334,14345684.429428622,9999.0,0.10020908338855351,1437567.8872544866
utility_burn_share,,0.0638888888888889,14345695.541028382,9999.0,0.10021960889553358,1437719.9964562645
utility_burn_share,,0.06944444444444445,14345694.562652504,9999.0,0.10024348097833778,1438062.3600123
utility_burn_share,,0.07500000000000001,14345693.328377448,9999.0,0.10025387969383971,1438211.4130678717
brand_inflow_per_epoch,,56000.0,10345284.173479969,9999.0,0.10022586528007152,1036865.0578552594
brand_inflow_per_epoch,,68444.44444444444,11345480.794348687,9999.0,0.10106480218866806,1146628.7722161827
brand_inflow_per_epoch,,80888.88888888889,12345553.565721937,9999.0,0.1009646821848031,1246464.8921585781
brand_inflow_per_epoch,,93333.33333333334,13345691.963965131,9999.0,0.1008492205655812,1345902.632474224
brand_inflow_per_epoch,,105777.77777777778,13845784.228780173,9999.0,0.10039648932760763,1390068.1285570867
brand_inflow_per_epoch,,118222.22222222222,14845707.097154537,9999.0,0.10012619821976358,1486444.2115222462
brand_inflow_per_epoch,,130666.66666666667,15845910.12461289,9999.0,0.09828457926789828,1557408.6097145076
brand_inflow_per_epoch,,143111.11111111112,16846313.032733746,9999.0,0.09661343530570701,1627580.1743277106
brand_inflow_per_epoch,,155555.55555555556,17847031.9659623,9999.0,0.09393831283130842,1676520.0719289277
brand_inflow_per_epoch,,168000.0,18848565.65001518,9999.0,0.09125366956421352,1720000.7815858705
treasury_topup_threshold_ratio,,0.15,7482517.624781801,9999.0,0.11584373299115219,866802.7738268133
treasury_topup_threshold_ratio,,0.18333333333333332,8982517.624781802,9999.0,0.10952277643779813,983790.2696675588
treasury_topup_threshold_ratio,,0.21666666666666665,10482517.624781802,9999.0,0.10067866846350454,1055365.9166082502
treasury_topup_threshold_ratio,,0.24999999999999997,12482517.624781802,9999.0,0.10204891503128756,1273827.3804679075
treasury_topup_threshold_ratio,,0.2833333333333333,13849578.34661454,9999.0,0.10047710104183956,1391565.4829196623
treasury_topup_threshold_ratio,,0.31666666666666665,15345738.522331165,9999.0,0.09225865526435584,1415777.2001086962
treasury_topup_threshold_ratio,,0.35,15989291.029106393,9999.0,0.07786106327403614,1244943.2005242312
treasury_topup_threshold_ratio,,0.3833333333333333,16064994.752508465,9999.0,0.06840419177700105,1098912.9819471047
treasury_topup_target_ratio,,0.33333333333333337,14345606.043890715,9999.0,0.1011271909413926,1450730.841570532
treasury_topup_target_ratio,,0.3777777777777778,14345575.167099426,9999.0,0.1001170629872898,1436236.8525933935
treasury_topup_target_ratio,,0.4222222222222223,14345759.666756712,9999.0,0.10029645585979158,1438828.851192043
treasury_topup_target_ratio,,0.46666666666666673,14346321.49617707,9999.0,0.10014112454172186,1436656.7676642495
treasury_topup_target_ratio,,0.5111111111111112,14347165.589652197,9999.0,0.10047232466021214,1441493.0790773595
treasury_topup_target_ratio,,0.5555555555555556,14848584.922850428,2.2369844503804965,0.09803298563866046,1455651.1124962263
treasury_topup_target_ratio,,0.6000000000000001,14850367.620135197,9999.0,0.09500268251629927,1410824.7602660349
treasury_topup_cap_ratio_per_epoch,,0.05,14346466.567894662,9999.0,0.1004336182315338,1440867.5462513955
treasury_topup_cap_ratio_per_epoch,,0.061111111111111116,14596442.718562858,9999.0,0.10000907544035767,1459776.7410016123
treasury_topup_cap_ratio_per_epoch,,0.07222222222222223,14651600.096092086,3.637998979006639,0.10013780548470157,1467179.0804621042
treasury_topup_cap_ratio_per_epoch,,0.08333333333333334,14679109.993789978,9999.0,0.10008248009542729,1469121.7337720734
treasury_topup_cap_ratio_per_epoch,,0.09444444444444446,14373339.66024201,9999.0,0.10040271513974407,1443122.3275140643
treasury_topup_cap_ratio_per_epoch,,0.10555555555555557,14789988.035503725,9999.0,0.0998530848237224,1476825.929850993
treasury_topup_cap_ratio_per_epoch,,0.11666666666666668,14512403.075752703,9999.0,0.10065183583069748,1460700.0118895702
treasury_topup_cap_ratio_per_epoch,,0.1277777777777778,14651035.539133927,9999.0,0.10027835562723372,1469181.752100512
treasury_topup_cap_ratio_per_epoch,,0.1388888888888889,14678864.529964248,9999.0,0.10005049757413811,1468627.70004629
treasury_topup_cap_ratio_per_epoch,,0.15000000000000002,14595677.630228894,9999.0,0.10033889936415757,1464514.228891223
throttle_threshold_ratio,,0.15,14345685.62364445,9999.0,0.10018043013168891,1437156.956310687
throttle_threshold_ratio,,0.18333333333333332,14345685.62364445,9999.0,0.10018043013168891,1437156.956310687
throttle_threshold_ratio,,0.21666666666666665,14345685.62364445,9999.0,0.10018043013168891,1437156.956310687
throttle_threshold_ratio,,0.24999999999999997,14345685.62364445,9999.0,0.10018043013168891,1437156.956310687
throttle_threshold_ratio,,0.2833333333333333,14345685.62364445,9999.0,0.10018043013168891,1437156.956310687
throttle_threshold_ratio,,0.31666666666666665,14345685.62364445,9999.0,0.10018043013168891,1437156.956310687
throttle_threshold_ratio,,0.35,14345685.62364445,9999.0,0.10018043013168891,1437156.956310687
throttle_threshold_ratio,,0.3833333333333333,14345685.62364445,9999.0,0.10018043013168891,1437156.956310687
throttle_threshold_ratio,,0.41666666666666663,14345685.62364445,9999.0,0.10018043013168891,1437156.956310687
throttle_threshold_ratio,,0.44999999999999996,14345685.62364445,9999.0,0.10018043013168891,1437156.956310687
throttle_multiplier_when_stressed,,0.25,14345685.62364445,9999.0,0.10018043013168891,1437156.956310687
throttle_multiplier_when_stressed,,0.3055555555555556,14345685.62364445,9999.0,0.10018043013168891,1437156.956310687
throttle_multiplier_when_stressed,,0.3611111111111111,14345685.62364445,9999.0,0.10018043013168891,1437156.956310687
throttle_multiplier_when_stressed,,0.41666666666666663,14345685.62364445,9999.0,0.10018043013168891,1437156.956310687
throttle_multiplier_when_stressed,,0.4722222222222222,14345685.62364445,9999.0,0.10018043013168891,1437156.956310687
throttle_multiplier_when_stressed,,0.5277777777777778,14345685.62364445,9999.0,0.10018043013168891,1437156.956310687
throttle_multiplier_when_stressed,,0.5833333333333333,14345685.62364445,9999.0,0.10018043013168891,1437156.956310687
throttle_multiplier_when_stressed,,0.6388888888888888,14345685.62364445,9999.0,0.10018043013168891,1437156.956310687
throttle_multiplier_when_stressed,,0.6944444444444444,14345685.62364445,9999.0,0.10018043013168891,1437156.956310687
throttle_multiplier_when_stressed,,0.75,14345685.62364445,9999.0,0.10018043013168891,1437156.956310687
vesting_extension_factor,,0.05,14345685.62364445,9999.0,0.10018043013168891,1437156.956310687
vesting_extension_factor,,0.061111111111111116,14345685.62364445,9999.0,0.10018043013168891,1437156.956310687
vesting_extension_factor,,0.07222222222222223,14345685.62364445,9999.0,0.10018043013168891,1437156.956310687
vesting_extension_factor,,0.08333333333333334,14345685.62364445,9999.0,0.10018043013168891,1437156.956310687
vesting_extension_factor,,0.09444444444444446,14345685.62364445,9999.0,0.10018043013168891,1437156.956310687
vesting_extension_factor,,0.10555555555555557,14345685.62364445,9999.0,0.10018043013168891,1437156.956310687
vesting_extension_factor,,0.11666666666666668,14345685.62364445,9999.0,0.10018043013168891,1437156.956310687
vesting_extension_factor,,0.1277777777777778,14345685.62364445,9999.0,0.10018043013168891,1437156.956310687
vesting_extension_factor,,0.1388888888888889,14345685.62364445,9999.0,0.10018043013168891,1437156.956310687
vesting_extension_factor,,0.15000000000000002,14345685.62364445,9999.0,0.10018043013168891,1437156.956310687
amm_initial_z1u,,5000000.0,12844306.005524566,9999.0,0.20123453377497505,2584717.930684848
amm_initial_z1u,,6111111.111111111,13344799.191351246,9999.0,0.17001510367529724,2268817.4180436046
amm_initial_z1u,,7222222.222222222,13845256.147900492,9999.0,0.1393225225058443,1928956.0112650453
amm_initial_z1u,,8333333.333333333,13845550.40516316,9999.0,0.12036282393340306,1666489.5456777108
amm_initial_z1u,,9444444.444444444,14345563.651044955,9999.0,0.10609386471104823,1521976.2891976945
amm_initial_z1u,,10555555.555555556,14846809.588456789,9999.0,0.09345657499222687,1387531.9736989248
amm_initial_z1u,,11666666.666666666,15349061.872369925,9999.0,0.08243187400153952,1265251.934305032
amm_initial_z1u,,12777777.777777776,15355165.112644685,9999.0,0.0730340334124012,1121449.6418898292
amm_initial_z1u,,13888888.888888888,15862128.044017121,9999.0,0.06541477437011219,1037617.527029209
amm_initial_z1u,,15000000.0,16020178.011583291,9999.0,0.05962471064468492,955198.4784169976
amm_initial_usd,,500000.0,14345685.62364445,9999.0,0.050090215065844455,718578.4781553434
amm_initial_usd,,611111.1111111111,14345685.62364445,9999.0,0.06122137396936548,878262.584412087
amm_initial_usd,,722222.2222222222,14345685.62364445,9999.0,0.07235253287288611,1037946.6906688247
amm_initial_usd,,833333.3333333333,14345685.62364445,9999.0,0.08348369177640727,1197630.7969255704
amm_initial_usd,,944444.4444444445,14345685.62364445,9999.0,0.0946148506799288,1357314.903182321
amm_initial_usd,,1055555.5555555555,14345685.62364445,9999.0,0.10574600958344955,1516999.0094390605
amm_initial_usd,,1166666.6666666665,14345685.62364445,9999.0,0.11687716848697091,1676683.1156958088
amm_initial_usd,,1277777.7777777778,14345685.62364445,9999.0,0.12800832739049112,1836367.2219525406
amm_initial_usd,,1388888.888888889,14345685.62364445,9999.0,0.13913948629401157,1996051.3282092758
amm_initial_usd,,1500000.0,14345685.62364445,9999.0,0.15027064519753264,2155735.4344660197
amm_fee_rate,,0.0015,14345609.178295877,9999.0,0.10033208165480918,1439324.8314647619
amm_fee_rate,,0.0018333333333333335,14345614.623972692,9999.0,0.10020664050650069,1437525.8474692306
amm_fee_rate,,0.0021666666666666666,14345620.29696386,9999.0,0.1000950321859732,1435925.325352348
amm_fee_rate,,0.0025,14345622.182284972,9999.0,0.10100410389963713,1448966.7134044503
amm_fee_rate,,0.0028333333333333335,14345683.611667378,9999.0,0.10025384185082499,1438209.8960460732
amm_fee_rate,,0.003166666666666667,14345688.549335597,9999.0,0.10013364278372695,1436486.0526857728
amm_fee_rate,,0.0035,14345679.795837084,9999.0,0.10100060960923253,1448922.4046383959
amm_fee_rate,,0.0038333333333333336,14345662.854061823,9999.0,0.10084674654633298,1446713.4258827164
amm_fee_rate,,0.0041666666666666675,14345666.490994822,9999.0,0.10073545124917928,1445117.1874405937
amm_fee_rate,,0.0045000000000000005,14345670.942357928,9999.0,0.10058297206570288,1442930.219658953
campaign_fee_percentage,,0.125,13091911.341437671,9999.0,0.08134807424665627,1065001.775833913
campaign_fee_percentage,,0.1527777777777778,13548343.711460076,9999.0,0.08167269225056692,1106529.7064509825
campaign_fee_percentage,,0.18055555555555555,14112415.230831262,9999.0,0.08421439895800514,1188468.5665102522
campaign_fee_percentage,,0.20833333333333331,14804763.885787254,9999.0,0.08888837220695381,1315971.3627159253
campaign_fee_percentage,,0.2361111111111111,14845896.842604656,1.4286430643611645,0.09859603696092067,1463746.5938114643
campaign_fee_percentage,,0.2638888888888889,14345553.322355196,9999.0,0.1013260287461512,1453577.9483204074
campaign_fee_percentage,,0.29166666666666663,14345479.453211356,9999.0,0.10226128029072529,1466987.095269687
campaign_fee_percentage,,0.3194444444444444,14345587.487871587,9999.0,0.1003634493138916,1439772.6427169975
campaign_fee_percentage,,0.3472222222222222,14345601.328605112,9999.0,0.1038130539315421,1489260.6844068845
campaign_fee_percentage,,0.375,14345647.909022931,9999.0,0.10049822453090897,1441712.1446023514
campaign_burn_share,,0.05,14845550.124325473,9999.0,0.10051586528668284,1492213.316403397
campaign_burn_share,,0.061111111111111116,14845636.356213816,9999.0,0.10014366809891045,1486696.4799737947
campaign_burn_share,,0.07222222222222223,14845597.768682415,2.598969046872405,0.10030361270897095,1489067.0890230841
campaign_burn_share,,0.08333333333333334,14845603.21647479,2.4297130144782293,0.10012955075507389,1486483.5807537008
campaign_burn_share,,0.09444444444444446,14345638.31111119,9999.0,0.10033011966511292,1439299.608426214
campaign_burn_share,,0.10555555555555557,14345668.79583895,9999.0,0.10045928238537027,1441155.5925681798
campaign_burn_share,,0.11666666666666668,14345572.10558193,9999.0,0.10044860742424881,1440992.7407098536
campaign_burn_share,,0.1277777777777778,14345562.229246646,9999.0,0.10031076090500649,1439014.2628258523
campaign_burn_share,,0.1388888888888889,14345559.936979504,9999.0,0.10042335844012043,1440629.3075755243
campaign_burn_share,,0.15000000000000002,14345690.183013024,9999.0,0.09935814916877651,1425361.225132861
campaign_deposit_per_epoch,,56000.0,10345284.173479969,9999.0,0.10022586528007152,1036865.0578552594
campaign_deposit_per_epoch,,68444.44444444444,11345480.794348687,9999.0,0.10106480218866806,1146628.7722161827
campaign_deposit_per_epoch,,80888.88888888889,12345553.565721937,9999.0,0.1009646821848031,1246464.8921585781
campaign_deposit_per_epoch,,93333.33333333334,13345691.963965131,9999.0,0.1008492205655812,1345902.632474224
campaign_deposit_per_epoch,,105777.77777777778,13845784.228780173,9999.0,0.10039648932760763,1390068.1285570867
campaign_deposit_per_epoch,,118222.22222222222,14845707.097154537,9999.0,0.10012619821976358,1486444.2115222462
campaign_deposit_per_epoch,,130666.66666666667,15845910.12461289,9999.0,0.09828457926789828,1557408.6097145076
campaign_deposit_per_epoch,,143111.11111111112,16846313.032733746,9999.0,0.09661343530570701,1627580.1743277106
campaign_deposit_per_epoch,,155555.55555555556,17847031.9659623,9999.0,0.09393831283130842,1676520.0719289277
campaign_deposit_per_epoch,,168000.0,18848565.65001518,9999.0,0.09125366956421352,1720000.7815858705
treasury_buyback_ratio,,0.05,14356783.92755515,9999.0,0.10017040370598752,1438124.8419428323
treasury_buyback_ratio,,0.061111111111111116,14352095.146284806,9999.0,0.10027340257032455,1439133.4143310173
treasury_buyback_ratio,,0.07222222222222223,14348434.52764457,9999.0,0.1006859497263685,1444685.7575025114
treasury_buyback_ratio,,0.08333333333333334,14347061.67111592,9999.0,0.1001421531629661,1436745.6473074108
treasury_buyback_ratio,,0.09444444444444446,14346009.099651745,9999.0,0.10034155818419958,1439500.9067837622
treasury_buyback_ratio,,0.10555555555555557,14345440.1902636,9999.0,0.10110400029434288,1450381.3892188892
treasury_buyback_ratio,,0.11666666666666668,14345741.619492505,9999.0,0.10024911213935177,1438147.86033467
treasury_buyback_ratio,,0.1277777777777778,14345451.043574573,9999.0,0.10110919951341514,1450457.071674711
treasury_buyback_ratio,,0.1388888888888889,14345394.23835141,9999.0,0.10012385201232911,1436316.1297792152
treasury_buyback_ratio,,0.15000000000000002,14345504.78455492,9999.0,0.10103930049457238,1449459.7686729704
cip_budget_per_epoch,,5000.0,14845542.81848162,9999.0,0.10019412767247309,1487436.2125221135
cip_budget_per_epoch,,6111.111111111111,14845516.925454738,9999.0,0.10094285661501087,1498548.8863818946
cip_budget_per_epoch,,7222.222222222223,14845540.315483235,9999.0,0.10026690271995374,1488516.3466377088
cip_budget_per_epoch,,8333.333333333332,14845569.525736634,9999.0,0.1007117306542006,1495122.9994841963
cip_budget_per_epoch,,9444.444444444445,14845500.203179289,2.492075579845608,0.10006202489339559,1485470.8108854352
cip_budget_per_epoch,,10555.555555555555,14345622.063583296,9999.0,0.1000900540410298,1435854.0875962416
cip_budget_per_epoch,,11666.666666666666,14346098.244645886,9999.0,0.09725957090412668,1395295.359422704
cip_budget_per_epoch,,12777.777777777777,14346038.391769186,9999.0,0.09633244972108945,1381989.022071924
cip_budget_per_epoch,,13888.888888888889,14348128.032311503,9999.0,0.09050453621708976,1298570.6731477773
cip_budget_per_epoch,,15000.0,14349061.70016198,9999.0,0.08923648653895985,1280459.851253209
vrp_budget_per_epoch,,2500.0,14845578.970365003,9999.0,0.1009998035143851,1499400.5590641529
vrp_budget_per_epoch,,3055.5555555555557,14845560.975705927,9999.0,0.10098752844273164,1499216.511282409
vrp_budget_per_epoch,,3611.1111111111113,14845586.571049593,9999.0,0.10020656662843845,1487625.2598701322
vrp_budget_per_epoch,,4166.666666666666,14845629.339283936,9999.0,0.10049414204059565,1491898.783504034
vrp_budget_per_epoch,,4722.222222222223,14345613.0391427,9999.0,0.1002264005084394,1437809.1580002068
vrp_budget_per_epoch,,5277.777777777777,14345577.740449717,9999.0,0.10081720115453319,1446280.9967369128
vrp_budget_per_epoch,,5833.333333333333,14345628.155948551,9999.0,0.1004951627961352,1441666.2369448706
vrp_budget_per_epoch,,6388.888888888889,14345842.255723523,9999.0,0.09901056352917922,1420389.9260398976
vrp_budget_per_epoch,,6944.444444444444,14346051.235286055,9999.0,0.09642669212340173,1383342.2656514754
vrp_budget_per_epoch,,7500.0,14345949.210272368,9999.0,0.09635405005882947,1382290.308348009
cip_replenishment_per_epoch,,5000.0,14345685.62364445,9999.0,0.10018043013168891,1437156.956310687
cip_replenishment_per_epoch,,6111.111111111111,14345685.62364445,9999.0,0.10018043013168891,1437156.956310687
cip_replenishment_per_epoch,,7222.222222222223,14345685.62364445,9999.0,0.10018043013168891,1437156.956310687
cip_replenishment_per_epoch,,8333.333333333332,14345685.62364445,9999.0,0.10018043013168891,1437156.956310687
cip_replenishment_per_epoch,,9444.444444444445,14345685.62364445,9999.0,0.10018043013168891,1437156.956310687
cip_replenishment_per_epoch,,10555.555555555555,14345685.62364445,9999.0,0.10018043013168891,1437156.956310687
cip_replenishment_per_epoch,,11666.666666666666,14345685.62364445,9999.0,0.10018043013168891,1437156.956310687
cip_replenishment_per_epoch,,12777.777777777777,14345685.62364445,9999.0,0.10018043013168891,1437156.956310687
cip_replenishment_per_epoch,,13888.888888888889,14345685.62364445,9999.0,0.10018043013168891,1437156.956310687
cip_replenishment_per_epoch,,15000.0,14345685.62364445,9999.0,0.10018043013168891,1437156.956310687
operational_cost_per_epoch,,2500.0,14845577.459322756,9999.0,0.10015856161068909,1486911.6846058355
operational_cost_per_epoch,,2222.3333333333335,14845577.02676283,9999.0,0.10145266732799148,1506123.3873882422
operational_cost_per_epoch,,1944.6666666666665,14845577.673245156,9999.0,0.10158003893746645,1508014.3580974254
operational_cost_per_epoch,,1667.0,14845569.355639253,9999.0,0.10095455707298906,1498727.8787949004
operational_cost_per_epoch,,1389.3333333333333,14845552.80860364,9999.0,0.10091625930220803,1498157.6567176678
operational_cost_per_epoch,,1111.6666666666665,14845574.905781839,9999.0,0.10096589142860157,1498896.704132341
operational_cost_per_epoch,,834.0,14845550.772136826,9999.0,0.10141643989269396,1505582.9075563508
operational_cost_per_epoch,,556.3333333333333,14845600.421727318,9999.0,0.1005700508390081,1493022.7891487165
operational_cost_per_epoch,,278.6666666666665,14845604.861665776,9999.0,0.10013323031721849,1486538.3708115977
operational_cost_per_epoch,,1.0,14845598.077009356,9999.0,0.10012855866528711,1486468.3379751048
rwa_yield_per_epoch,,500.0,14345576.341709994,9999.0,0.10039962091381069,1440290.4264978145
rwa_yield_per_epoch,,611.1111111111111,14345600.464955319,9999.0,0.10085546519856883,1446832.208445874
rwa_yield_per_epoch,,722.2222222222222,14345600.871759208,9999.0,0.10000928163120976,1434693.2377526949
rwa_yield_per_epoch,,833.3333333333334,14345668.453765582,9999.0,0.10035189661119041,1439615.0374906997
rwa_yield_per_epoch,,944.4444444444445,14345691.132093918,9999.0,0.10063356860582245,1443658.092739512
rwa_yield_per_epoch,,1055.5555555555557,14345623.478539823,9999.0,0.10030575291526822,1438948.564053886
rwa_yield_per_epoch,,1166.6666666666667,14345627.689674135,9999.0,0.10042753192309317,1440695.9827615586
rwa_yield_per_epoch,,1277.7777777777778,14345621.014970005,9999.0,0.10037781189049555,1439982.047692999
rwa_yield_per_epoch,,1388.888888888889,14345637.821336083,9999.0,0.10020112065342843,1437448.986186083
rwa_yield_per_epoch,,1500.0,14845592.19925966,2.4454224963120117,0.10010443476093896,1486109.615798293
governance_max_budget_shift_rate,,0.025,14345685.62364445,9999.0,0.10018043013168891,1437156.956310687
governance_max_budget_shift_rate,,0.030555555555555558,14345685.62364445,9999.0,0.10018043013168891,1437156.956310687
governance_max_budget_shift_rate,,0.036111111111111115,14345685.62364445,9999.0,0.10018043013168891,1437156.956310687
governance_max_budget_shift_rate,,0.04166666666666667,14345685.62364445,9999.0,0.10018043013168891,1437156.956310687
governance_max_budget_shift_rate,,0.04722222222222223,14345685.62364445,9999.0,0.10018043013168891,1437156.956310687
governance_max_budget_shift_rate,,0.052777777777777785,14345685.62364445,9999.0,0.10018043013168891,1437156.956310687
governance_max_budget_shift_rate,,0.05833333333333334,14345685.62364445,9999.0,0.10018043013168891,1437156.956310687
governance_max_budget_shift_rate,,0.0638888888888889,14345685.62364445,9999.0,0.10018043013168891,1437156.956310687
governance_max_budget_shift_rate,,0.06944444444444445,14345685.62364445,9999.0,0.10018043013168891,1437156.956310687
governance_max_budget_shift_rate,,0.07500000000000001,14345685.62364445,9999.0,0.10018043013168891,1437156.956310687
staking_lock_epochs,,6.0,14345685.62364445,9999.0,0.10018043013168891,1437156.956310687
staking_lock_epochs,,7.0,14345685.62364445,9999.0,0.10018043013168891,1437156.956310687
staking_lock_epochs,,8.0,14345685.62364445,9999.0,0.10018043013168891,1437156.956310687
staking_lock_epochs,,10.0,14345685.62364445,9999.0,0.10018043013168891,1437156.956310687
staking_lock_epochs,,11.0,14345685.62364445,9999.0,0.10018043013168891,1437156.956310687
staking_lock_epochs,,12.0,14345685.62364445,9999.0,0.10018043013168891,1437156.956310687
staking_lock_epochs,,14.0,14345685.62364445,9999.0,0.10018043013168891,1437156.956310687
staking_lock_epochs,,15.0,14345685.62364445,9999.0,0.10018043013168891,1437156.956310687
staking_lock_epochs,,16.0,14345685.62364445,9999.0,0.10018043013168891,1437156.956310687
staking_lock_epochs,,18.0,14345685.62364445,9999.0,0.10018043013168891,1437156.956310687
staking_rate_by_cohort,passive_viewers,0.0,14345685.62364445,9999.0,0.10018043013168891,1437156.956310687
staking_rate_by_cohort,passive_viewers,0.1111111111111111,14345685.62364445,9999.0,0.10018043013168891,1437156.956310687
staking_rate_by_cohort,passive_viewers,0.2222222222222222,14345685.62364445,9999.0,0.10018043013168891,1437156.956310687
staking_rate_by_cohort,passive_viewers,0.3333333333333333,14345685.62364445,9999.0,0.10018043013168891,1437156.956310687
staking_rate_by_cohort,passive_viewers,0.4444444444444444,14345685.62364445,9999.0,0.10018043013168891,1437156.956310687
staking_rate_by_cohort,passive_viewers,0.5555555555555556,14345685.62364445,9999.0,0.10018043013168891,1437156.956310687
staking_rate_by_cohort,passive_viewers,0.6666666666666666,14345685.62364445,9999.0,0.10018043013168891,1437156.956310687
staking_rate_by_cohort,passive_viewers,0.7777777777777777,14345685.62364445,9999.0,0.10018043013168891,1437156.956310687
staking_rate_by_cohort,passive_viewers,0.8888888888888888,14345685.62364445,9999.0,0.10018043013168891,1437156.956310687
staking_rate_by_cohort,passive_viewers,1.0,14345685.62364445,9999.0,0.10018043013168891,1437156.956310687
staking_rate_by_cohort,active_viewers,0.025,14345685.62364445,9999.0,0.10018043013168891,1437156.956310687
staking_rate_by_cohort,active_viewers,0.030555555555555558,14345685.62364445,9999.0,0.10018043013168891,1437156.956310687
staking_rate_by_cohort,active_viewers,0.036111111111111115,14345685.62364445,9999.0,0.10018043013168891,1437156.956310687
staking_rate_by_cohort,active_viewers,0.04166666666666667,14345685.62364445,9999.0,0.10018043013168891,1437156.956310687
staking_rate_by_cohort,active_viewers,0.04722222222222223,14345685.62364445,9999.0,0.10018043013168891,1437156.956310687
staking_rate_by_cohort,active_viewers,0.052777777777777785,14345685.62364445,9999.0,0.10018043013168891,1437156.956310687
staking_rate_by_cohort,active_viewers,0.05833333333333334,14345685.62364445,9999.0,0.10018043013168891,1437156.956310687
staking_rate_by_cohort,active_viewers,0.0638888888888889,14345685.62364445,9999.0,0.10018043013168891,1437156.956310687
staking_rate_by_cohort,active_viewers,0.06944444444444445,14345685.62364445,9999.0,0.10018043013168891,1437156.956310687
staking_rate_by_cohort,active_viewers,0.07500000000000001,14345685.62364445,9999.0,0.10018043013168891,1437156.956310687
staking_rate_by_cohort,power_users,0.15,14345685.62364445,9999.0,0.10018043013168891,1437156.956310687
staking_rate_by_cohort,power_users,0.18333333333333332,14345685.62364445,9999.0,0.10018043013168891,1437156.956310687
staking_rate_by_cohort,power_users,0.21666666666666665,14345685.62364445,9999.0,0.10018043013168891,1437156.956310687
staking_rate_by_cohort,power_users,0.24999999999999997,14345685.62364445,9999.0,0.10018043013168891,1437156.956310687
staking_rate_by_cohort,power_users,0.2833333333333333,14345685.62364445,9999.0,0.10018043013168891,1437156.956310687
staking_rate_by_cohort,power_users,0.31666666666666665,14345685.62364445,9999.0,0.10018043013168891,1437156.956310687
staking_rate_by_cohort,power_users,0.35,14345685.62364445,9999.0,0.10018043013168891,1437156.956310687
staking_rate_by_cohort,power_users,0.3833333333333333,14345685.62364445,9999.0,0.10018043013168891,1437156.956310687
staking_rate_by_cohort,power_users,0.41666666666666663,14345685.62364445,9999.0,0.10018043013168891,1437156.956310687
staking_rate_by_cohort,power_users,0.44999999999999996,14345685.62364445,9999.0,0.10018043013168891,1437156.956310687
staking_rate_by_cohort,adversarial_whales,0.0,14345685.62364445,9999.0,0.10018043013168891,1437156.956310687
staking_rate_by_cohort,adversarial_whales,0.1111111111111111,14345685.62364445,9999.0,0.10018043013168891,1437156.956310687
staking_rate_by_cohort,adversarial_whales,0.2222222222222222,14345685.62364445,9999.0,0.10018043013168891,1437156.956310687
staking_rate_by_cohort,adversarial_whales,0.3333333333333333,14345685.62364445,9999.0,0.10018043013168891,1437156.956310687
staking_rate_by_cohort,adversarial_whales,0.4444444444444444,14345685.62364445,9999.0,0.10018043013168891,1437156.956310687
staking_rate_by_cohort,adversarial_whales,0.5555555555555556,14345685.62364445,9999.0,0.10018043013168891,1437156.956310687
staking_rate_by_cohort,adversarial_whales,0.6666666666666666,14345685.62364445,9999.0,0.10018043013168891,1437156.956310687
staking_rate_by_cohort,adversarial_whales,0.7777777777777777,14345685.62364445,9999.0,0.10018043013168891,1437156.956310687
staking_rate_by_cohort,adversarial_whales,0.8888888888888888,14345685.62364445,9999.0,0.10018043013168891,1437156.956310687
staking_rate_by_cohort,adversarial_whales,1.0,14345685.62364445,9999.0,0.10018043013168891,1437156.956310687
governance_staking_tier_shares,3_epoch,0.2,14345685.62364445,9999.0,0.10018043013168891,1437156.956310687
governance_staking_tier_shares,3_epoch,0.24444444444444446,14345685.62364445,9999.0,0.10018043013168891,1437156.956310687
governance_staking_tier_shares,3_epoch,0.2888888888888889,14345685.62364445,9999.0,0.10018043013168891,1437156.956310687
governance_staking_tier_shares,3_epoch,0.33333333333333337,14345685.62364445,9999.0,0.10018043013168891,1437156.956310687
governance_staking_tier_shares,3_epoch,0.3777777777777778,14345685.62364445,9999.0,0.10018043013168891,1437156.956310687
governance_staking_tier_shares,3_epoch,0.4222222222222223,14345685.62364445,9999.0,0.10018043013168891,1437156.956310687
governance_staking_tier_shares,3_epoch,0.46666666666666673,14345685.62364445,9999.0,0.10018043013168891,1437156.956310687
governance_staking_tier_shares,3_epoch,0.5111111111111112,14345685.62364445,9999.0,0.10018043013168891,1437156.956310687
governance_staking_tier_shares,3_epoch,0.5555555555555556,14345685.62364445,9999.0,0.10018043013168891,1437156.956310687
governance_staking_tier_shares,3_epoch,0.6000000000000001,14345685.62364445,9999.0,0.10018043013168891,1437156.956310687
governance_staking_tier_shares,6_epoch,0.175,14345685.62364445,9999.0,0.10018043013168891,1437156.956310687
governance_staking_tier_shares,6_epoch,0.21388888888888888,14345685.62364445,9999.0,0.10018043013168891,1437156.956310687
governance_staking_tier_shares,6_epoch,0.25277777777777777,14345685.62364445,9999.0,0.10018043013168891,1437156.956310687
governance_staking_tier_shares,6_epoch,0.29166666666666663,14345685.62364445,9999.0,0.10018043013168891,1437156.956310687
governance_staking_tier_shares,6_epoch,0.3305555555555555,14345685.62364445,9999.0,0.10018043013168891,1437156.956310687
governance_staking_tier_shares,6_epoch,0.3694444444444444,14345685.62364445,9999.0,0.10018043013168891,1437156.956310687
governance_staking_tier_shares,6_epoch,0.40833333333333327,14345685.62364445,9999.0,0.10018043013168891,1437156.956310687
governance_staking_tier_shares,6_epoch,0.4472222222222222,14345685.62364445,9999.0,0.10018043013168891,1437156.956310687
governance_staking_tier_shares,6_epoch,0.48611111111111105,14345685.62364445,9999.0,0.10018043013168891,1437156.956310687
governance_staking_tier_shares,6_epoch,0.5249999999999999,14345685.62364445,9999.0,0.10018043013168891,1437156.956310687
governance_staking_tier_shares,12_epoch,0.125,14345685.62364445,9999.0,0.10018043013168891,1437156.956310687
governance_staking_tier_shares,12_epoch,0.1527777777777778,14345685.62364445,9999.0,0.10018043013168891,1437156.956310687
governance_staking_tier_shares,12_epoch,0.18055555555555555,14345685.62364445,9999.0,0.10018043013168891,1437156.956310687
governance_staking_tier_shares,12_epoch,0.20833333333333331,14345685.62364445,9999.0,0.10018043013168891,1437156.956310687
governance_staking_tier_shares,12_epoch,0.2361111111111111,14345685.62364445,9999.0,0.10018043013168891,1437156.956310687
governance_staking_tier_shares,12_epoch,0.2638888888888889,14345685.62364445,9999.0,0.10018043013168891,1437156.956310687
governance_staking_tier_shares,12_epoch,0.29166666666666663,14345685.62364445,9999.0,0.10018043013168891,1437156.956310687
governance_staking_tier_shares,12_epoch,0.3194444444444444,14345685.62364445,9999.0,0.10018043013168891,1437156.956310687
governance_staking_tier_shares,12_epoch,0.3472222222222222,14345685.62364445,9999.0,0.10018043013168891,1437156.956310687
governance_staking_tier_shares,12_epoch,0.375,14345685.62364445,9999.0,0.10018043013168891,1437156.956310687
governance_acr_requirement,,50.0,14345685.62364445,9999.0,0.10018043013168891,1437156.956310687
governance_acr_requirement,,61.111111111111114,14345685.62364445,9999.0,0.10018043013168891,1437156.956310687
governance_acr_requirement,,72.22222222222223,14345685.62364445,9999.0,0.10018043013168891,1437156.956310687
governance_acr_requirement,,83.33333333333333,14345685.62364445,9999.0,0.10018043013168891,1437156.956310687
governance_acr_requirement,,94.44444444444444,14345685.62364445,9999.0,0.10018043013168891,1437156.956310687
governance_acr_requirement,,105.55555555555556,14345685.62364445,9999.0,0.10018043013168891,1437156.956310687
governance_acr_requirement,,116.66666666666666,14345685.62364445,9999.0,0.10018043013168891,1437156.956310687
governance_acr_requirement,,127.77777777777777,14345685.62364445,9999.0,0.10018043013168891,1437156.956310687
governance_acr_requirement,,138.88888888888889,14345685.62364445,9999.0,0.10018043013168891,1437156.956310687
governance_acr_requirement,,150.0,14345685.62364445,9999.0,0.10018043013168891,1437156.956310687
panic_price_drop_threshold,,0.05,14345685.62364445,9999.0,0.10018043013168891,1437156.956310687
panic_price_drop_threshold,,0.061111111111111116,14345685.62364445,9999.0,0.10018043013168891,1437156.956310687
panic_price_drop_threshold,,0.07222222222222223,14345685.62364445,9999.0,0.10018043013168891,1437156.956310687
panic_price_drop_threshold,,0.08333333333333334,14345685.62364445,9999.0,0.10018043013168891,1437156.956310687
panic_price_drop_threshold,,0.09444444444444446,14345685.62364445,9999.0,0.10018043013168891,1437156.956310687
panic_price_drop_threshold,,0.10555555555555557,14345685.62364445,9999.0,0.10018043013168891,1437156.956310687
panic_price_drop_threshold,,0.11666666666666668,14345685.62364445,9999.0,0.10018043013168891,1437156.956310687
panic_price_drop_threshold,,0.1277777777777778,14345685.62364445,9999.0,0.10018043013168891,1437156.956310687
panic_price_drop_threshold,,0.1388888888888889,14345685.62364445,9999.0,0.10018043013168891,1437156.956310687
panic_price_drop_threshold,,0.15000000000000002,14345685.62364445,9999.0,0.10018043013168891,1437156.956310687
panic_settlement_multiplier,,2.5,14345685.62364445,9999.0,0.10018043013168891,1437156.956310687
panic_settlement_multiplier,,3.0555555555555554,14345685.62364445,9999.0,0.10018043013168891,1437156.956310687
panic_settlement_multiplier,,3.611111111111111,14345685.62364445,9999.0,0.10018043013168891,1437156.956310687
panic_settlement_multiplier,,4.166666666666667,14345685.62364445,9999.0,0.10018043013168891,1437156.956310687
panic_settlement_multiplier,,4.722222222222222,14345685.62364445,9999.0,0.10018043013168891,1437156.956310687
panic_settlement_multiplier,,5.277777777777778,14345685.62364445,9999.0,0.10018043013168891,1437156.956310687
panic_settlement_multiplier,,5.833333333333334,14345685.62364445,9999.0,0.10018043013168891,1437156.956310687
panic_settlement_multiplier,,6.388888888888889,14345685.62364445,9999.0,0.10018043013168891,1437156.956310687
panic_settlement_multiplier,,6.944444444444445,14345685.62364445,9999.0,0.10018043013168891,1437156.956310687
panic_settlement_multiplier,,7.5,14345685.62364445,9999.0,0.10018043013168891,1437156.956310687
provider_recirculation_rate,,0.1,14345668.494541436,9999.0,0.10096514502932691,1448412.500094022
provider_recirculation_rate,,0.12222222222222223,14345677.314721597,9999.0,0.10102459504733924,1449266.2413995503
provider_recirculation_rate,,0.14444444444444446,14345686.01518889,9999.0,0.10002329165367706,1434902.7362693145
provider_recirculation_rate,,0.16666666666666669,14345685.005178247,9999.0,0.10008142372606911,1435736.57964396
provider_recirculation_rate,,0.1888888888888889,14345686.58317567,9999.0,0.1001645788734071,1436929.6552536774
provider_recirculation_rate,,0.21111111111111114,14345685.32144479,9999.0,0.10020935432027832,1437571.8633438768
provider_recirculation_rate,,0.23333333333333336,14345683.65814531,9999.0,0.10025456124915585,1438220.2209665433
provider_recirculation_rate,,0.2555555555555556,14345625.35756168,9999.0,0.10090130765674331,1447492.3577317093
provider_recirculation_rate,,0.2777777777777778,14345627.568676695,9999.0,0.10098533538287685,1448698.0113006602
provider_recirculation_rate,,0.30000000000000004,14345626.134486929,9999.0,0.10104465273824575,1449548.8110719344
genesis_sell_fraction_by_bucket,team,0.25,14845582.106869966,9999.0,0.100079277411258,1485735.1300050472
genesis_sell_fraction_by_bucket,team,0.3055555555555556,14845457.054670788,2.5954693841314604,0.10024492460429249,1488181.7231617353
genesis_sell_fraction_by_bucket,team,0.3611111111111111,14845471.218647894,2.478551067132799,0.10089354505433071,1497812.219251421
genesis_sell_fraction_by_bucket,team,0.41666666666666663,14845665.281840833,2.3542246898557067,0.10002770280538086,1484977.7947601355
genesis_sell_fraction_by_bucket,team,0.4722222222222222,14345607.094420947,9999.0,0.10021316430596439,1437618.6808220148
genesis_sell_fraction_by_bucket,team,0.5277777777777778,14345596.036236735,9999.0,0.10034098775267351,1439451.276176832
genesis_sell_fraction_by_bucket,team,0.5833333333333333,14345647.035006495,9999.0,0.10088185433629504,1447215.474545428
genesis_sell_fraction_by_bucket,team,0.6388888888888888,14345702.56178433,9999.0,0.1007400123949297,1445186.2538881283
genesis_sell_fraction_by_bucket,team,0.6944444444444444,14345696.826535221,9999.0,0.10053393100962064,1442229.2950438256
genesis_sell_fraction_by_bucket,team,0.75,14345692.869359897,9999.0,0.10018904694445023,1437281.2963389638
genesis_sell_fraction_by_bucket,advisors,0.25,14345662.306582019,9999.0,0.10091527931313542,1447696.518600643
genesis_sell_fraction_by_bucket,advisors,0.3055555555555556,14845578.905663675,2.3816550752762535,0.0999690537386852,1484098.4754021834
genesis_sell_fraction_by_bucket,advisors,0.3611111111111111,14345592.848726608,9999.0,0.10047605459189213,1441388.5702217119
genesis_sell_fraction_by_bucket,advisors,0.41666666666666663,14345585.568113165,9999.0,0.10039414115268555,1440212.742443082
genesis_sell_fraction_by_bucket,advisors,0.4722222222222222,14345695.198005103,9999.0,0.10046592445997843,1441253.5300886559
genesis_sell_fraction_by_bucket,advisors,0.5277777777777778,14345632.35149886,9999.0,0.100301494161283,1438888.3595437757
genesis_sell_fraction_by_bucket,advisors,0.5833333333333333,14345697.898979578,9999.0,0.10053620785408611,1442262.0657837372
genesis_sell_fraction_by_bucket,advisors,0.6388888888888888,14345720.697254568,9999.0,0.10063170930772229,1443634.3950158968
genesis_sell_fraction_by_bucket,advisors,0.6944444444444444,14345651.717123793,9999.0,0.10061732853154627,1443421.1518209856
genesis_sell_fraction_by_bucket,advisors,0.75,14345691.81931699,9999.0,0.10059333635262872,1443081.0023917083
genesis_sell_fraction_by_bucket,seed,0.25,14845559.838494467,9999.0,0.10012215115050772,1486369.38606365
genesis_sell_fraction_by_bucket,seed,0.3055555555555556,14845621.170717489,9999.0,0.10059429048548113,1493384.7284845635
genesis_sell_fraction_by_bucket,seed,0.3611111111111111,14845562.065159151,2.615217327992476,0.10068080861848684,1494663.1931161569
genesis_sell_fraction_by_bucket,seed,0.41666666666666663,14845450.900187414,2.4463144785275697,0.10064523266722043,1494123.8598991593
genesis_sell_fraction_by_bucket,seed,0.4722222222222222,14345675.023291266,9999.0,0.10069495764756083,1444537.1388959852
genesis_sell_fraction_by_bucket,seed,0.5277777777777778,14345611.54258801,9999.0,0.1007906820944244,1445903.9724390935
genesis_sell_fraction_by_bucket,seed,0.5833333333333333,14345633.397120029,9999.0,0.10007412884727863,1435626.7649792132
genesis_sell_fraction_by_bucket,seed,0.6388888888888888,14345604.25715488,9999.0,0.10011956765814013,1436275.6960211212
genesis_sell_fraction_by_bucket,seed,0.6944444444444444,14345598.372446898,9999.0,0.1002201534029624,1437718.069543916
genesis_sell_fraction_by_bucket,seed,0.75,14345896.764651265,9999.0,0.09904153793840483,1420839.6786766474
genesis_sell_fraction_by_bucket,private,0.25,14845415.278092453,9999.0,0.10084490911808397,1497084.5545394488
genesis_sell_fraction_by_bucket,private,0.3055555555555556,14845491.333990209,9999.0,0.10018840562380055,1487346.1074544268
genesis_sell_fraction_by_bucket,private,0.3611111111111111,14845586.739509895,9999.0,0.10045248771640809,1491276.1195934888
genesis_sell_fraction_by_bucket,private,0.41666666666666663,14845513.141699394,2.5272605441621527,0.10039049680410589,1490348.439607085
genesis_sell_fraction_by_bucket,private,0.4722222222222222,14345530.92890279,9999.0,0.10061815238684951,1443420.8170746039
genesis_sell_fraction_by_bucket,private,0.5277777777777778,14345686.173203502,9999.0,0.100255315108674,1438231.2877446648
genesis_sell_fraction_by_bucket,private,0.5833333333333333,14345639.766845047,9999.0,0.10056191948905863,1442625.0712525095
genesis_sell_fraction_by_bucket,private,0.6388888888888888,14345917.099172976,9999.0,0.10036342079981847,1439805.3145836084
genesis_sell_fraction_by_bucket,private,0.6944444444444444,14346103.433805881,9999.0,0.09906802627196389,1421240.1518805923
genesis_sell_fraction_by_bucket,private,0.75,14346644.40931434,9999.0,0.09652382249058777,1384792.9583002408
genesis_sell_fraction_by_bucket,public,0.5,14845488.710596692,9999.0,0.10071109255392362,1495105.3875411316
genesis_sell_fraction_by_bucket,public,0.6111111111111112,14845407.420312988,9999.0,0.10019227228190217,1487395.1023917696
genesis_sell_fraction_by_bucket,public,0.7222222222222222,14845487.10984298,9999.0,0.10051399174064682,1492179.1687446362
genesis_sell_fraction_by_bucket,public,0.8333333333333333,14845622.475457141,2.5155965402255167,0.10028055558520589,1488727.2698470617
genesis_sell_fraction_by_bucket,public,0.9444444444444444,14345600.822383514,9999.0,0.10012734042600754,1436386.8571584078
genesis_sell_fraction_by_bucket,treasury,0.0,14345685.62364445,9999.0,0.10018043013168891,1437156.956310687
genesis_sell_fraction_by_bucket,treasury,0.1111111111111111,14346155.282477273,9999.0,0.09986560839699932,1432687.5254424184
genesis_sell_fraction_by_bucket,treasury,0.2222222222222222,14347249.093689982,9999.0,0.0968963344457299,1390195.8465583797
genesis_sell_fraction_by_bucket,treasury,0.3333333333333333,14350059.556683725,9999.0,0.09258826776924599,1328647.15673886
genesis_sell_fraction_by_bucket,treasury,0.4444444444444444,14353723.788605468,9999.0,0.08934807613616924,1282477.605901865
genesis_sell_fraction_by_bucket,treasury,0.5555555555555556,14202418.598093688,9999.0,0.08671716262845153,1231593.443288235
genesis_sell_fraction_by_bucket,treasury,0.6666666666666666,13913105.296350075,9999.0,0.08578284996905429,1193505.824240453
genesis_sell_fraction_by_bucket,treasury,0.7777777777777777,13596748.406756595,9999.0,0.08207330825910206,1115930.1233091888
genesis_sell_fraction_by_bucket,treasury,0.8888888888888888,13278719.205582188,9999.0,0.07872045974045093,1045306.8806277852
genesis_sell_fraction_by_bucket,treasury,1.0,12971872.77902258,9999.0,0.07681544382311496,996440.1647376032
genesis_sell_fraction_by_bucket,ecosystem,0.0,14345685.62364445,9999.0,0.10018043013168891,1437156.956310687
genesis_sell_fraction_by_bucket,ecosystem,0.1111111111111111,14623834.176390884,9999.0,0.0987346273715144,1443878.818148771
genesis_sell_fraction_by_bucket,ecosystem,0.2222222222222222,14402025.441208748,9999.0,0.09740090952707123,1402770.3770057512
genesis_sell_fraction_by_bucket,ecosystem,0.3333333333333333,14681059.287070457,1.1354103673255396,0.09532189611839441,1399426.4082701195
genesis_sell_fraction_by_bucket,ecosystem,0.4444444444444444,14459993.04222431,9999.0,0.09384729051039228,1357031.167811876
genesis_sell_fraction_by_bucket,ecosystem,0.5555555555555556,14239336.663280597,9999.0,0.09198141269053346,1309754.3020646563
genesis_sell_fraction_by_bucket,ecosystem,0.6666666666666666,14519738.679195412,9999.0,0.09039277693075232,1312479.4995213272
genesis_sell_fraction_by_bucket,ecosystem,0.7777777777777777,14296747.235470751,9999.0,0.08874160269183372,1268716.2629557175
genesis_sell_fraction_by_bucket,ecosystem,0.8888888888888888,14046260.313081946,9999.0,0.08709166463183868,1223312.1925184382
genesis_sell_fraction_by_bucket,ecosystem,1.0,13912891.415060276,9999.0,0.08576745734878577,1193273.32103947
composite_sr_amm_weight,,0.35,14634650.132881284,9999.0,0.10052622460164705,1471166.1262245479
composite_sr_amm_weight,,0.42777777777777776,14570425.415206335,9999.0,0.1004845237882912,1464102.2592398238
composite_sr_amm_weight,,0.5055555555555555,14506156.585723553,9999.0,0.10001811649556185,1450878.45929376
composite_sr_amm_weight,,0.5833333333333333,14441949.51455937,9999.0,0.10096449389271733,1458124.1235616615
composite_sr_amm_weight,,0.661111111111111,14377763.7627203,9999.0,0.10091488525444012,1450930.3803303663
composite_sr_amm_weight,,0.7388888888888888,14313567.806050068,9999.0,0.10052861895204523,1438923.2038186693
composite_sr_amm_weight,,0.8166666666666665,14749253.769293584,9999.0,0.10003981480850843,1475512.6156438251
composite_sr_amm_weight,,0.8944444444444444,14685048.971709054,9999.0,0.09987610204979191,1466685.4497046054
composite_sr_amm_weight,,0.9722222222222221,14620845.251085343,9999.0,0.09945453524104118,1454109.3692778768
composite_sr_amm_weight,,1.0499999999999998,14556743.859626614,9999.0,0.09880020033830753,1438209.2096045373
composite_sr_ar_weight,,0.15,14383733.347321356,9999.0,0.10049837149326389,1445541.7773991497
composite_sr_ar_weight,,0.18333333333333332,14375279.798360473,9999.0,0.10082192857338872,1449343.4330527773
composite_sr_ar_weight,,0.21666666666666665,14366827.569336237,9999.0,0.10061476465985966,1445514.9747975492
composite_sr_ar_weight,,0.24999999999999997,14358302.369027875,9999.0,0.10102544178215242,1450553.8400727669
composite_sr_ar_weight,,0.2833333333333333,14349851.479728956,9999.0,0.10086292242899463,1447367.9566674954
composite_sr_ar_weight,,0.31666666666666665,14341431.83039563,9999.0,0.10008369536543321,1435343.4944174434
composite_sr_ar_weight,,0.35,14332967.562106656,9999.0,0.10096650210720852,1447149.599561993
composite_sr_ar_weight,,0.3833333333333333,14324534.46137732,9999.0,0.10082677574990093,1444296.623859019
composite_sr_ar_weight,,0.41666666666666663,14316062.02780184,9999.0,0.10058105821300402,1439924.668199313
composite_sr_ar_weight,,0.44999999999999996,14307553.13091537,9999.0,0.10022639588341013,1433994.484222048
audience_reserve_initial,,3611111.111111111,14358063.051671227,9999.0,0.0908820103457078,1304889.6348063094
audience_reserve_initial,,4166666.6666666665,14267386.049287591,9999.0,0.09638863306793004,1375213.8387432855
audience_reserve_initial,,4722222.222222222,14569447.107546648,9999.0,0.0988277551699056,1439865.7517055096
audience_reserve_initial,,5277777.777777778,14540017.159216458,9999.0,0.10113916742806218,1470565.2298728905
audience_reserve_initial,,5833333.333333333,14761980.01882761,9999.0,0.10071762094381889,1486791.5079165078
audience_reserve_initial,,6388888.888888888,14761700.32703772,9999.0,0.10220601402464115,1508734.550652767
audience_reserve_initial,,6944444.444444444,15233350.72143486,9999.0,0.1024643786715053,1560875.81675695
audience_reserve_initial,,7500000.0,15593908.263529921,9999.0,0.10201799425852486,1590859.2436967588
treasury_initial,,1250000.0,14348089.498954652,9999.0,0.09873711934993144,1416689.0253017836
treasury_initial,,1527777.7777777778,14348680.320744231,9999.0,0.09783092627314205,1403744.6865756132
treasury_initial,,1805555.5555555555,14347400.835553955,9999.0,0.09908255548806047,1421577.13939822
treasury_initial,,2083333.3333333333,14346460.76660513,9999.0,0.10052464696788452,1442172.9038015865
treasury_initial,,2361111.111111111,14345834.288806284,9999.0,0.10023052204134503,1437890.4598856815
treasury_initial,,2638888.888888889,14845538.8179238,2.465012334398203,0.10021148691466124,1487693.5189934662
treasury_initial,,2916666.6666666665,14845938.103396334,9999.0,0.10032314365720764,1489391.181073043
treasury_initial,,3194444.444444444,14845554.493695753,9999.0,0.10068365269631768,1494704.6527275215
treasury_initial,,3472222.222222222,14845597.439906778,9999.0,0.1004243470390512,1490859.4293072484
treasury_initial,,3750000.0,14845569.909885703,9999.0,0.10143889488542857,1505918.205603177
scale_factor,,1.5000001500000149e-05,14345685.62364445,9999.0,0.10018043013168891,1437156.956310687
scale_factor,,1.833333516666685e-05,14345685.62364445,9999.0,0.10018043013168891,1437156.956310687
scale_factor,,2.1666668833333548e-05,14345685.62364445,9999.0,0.10018043013168891,1437156.956310687
scale_factor,,2.5000002500000245e-05,14345685.62364445,9999.0,0.10018043013168891,1437156.956310687
scale_factor,,2.8333336166666947e-05,14345685.62364445,9999.0,0.10018043013168891,1437156.956310687
scale_factor,,3.166666983333365e-05,14345685.62364445,9999.0,0.10018043013168891,1437156.956310687
scale_factor,,3.500000350000035e-05,14345685.62364445,9999.0,0.10018043013168891,1437156.956310687
scale_factor,,3.833333716666704e-05,14345685.62364445,9999.0,0.10018043013168891,1437156.956310687
scale_factor,,4.1666670833333744e-05,14345685.62364445,9999.0,0.10018043013168891,1437156.956310687
scale_factor,,4.5000004500000446e-05,14345685.62364445,9999.0,0.10018043013168891,1437156.956310687
custom_threshold_1,,0.1,14345685.62364445,9999.0,0.10018043013168891,1437156.956310687
custom_threshold_1,,0.12222222222222223,14345685.62364445,9999.0,0.10018043013168891,1437156.956310687
custom_threshold_1,,0.14444444444444446,14345685.62364445,9999.0,0.10018043013168891,1437156.956310687
custom_threshold_1,,0.16666666666666669,14345685.62364445,9999.0,0.10018043013168891,1437156.956310687
custom_threshold_1,,0.1888888888888889,14345685.62364445,9999.0,0.10018043013168891,1437156.956310687
custom_threshold_1,,0.21111111111111114,14345685.62364445,9999.0,0.10018043013168891,1437156.956310687
custom_threshold_1,,0.23333333333333336,14345685.62364445,9999.0,0.10018043013168891,1437156.956310687
custom_threshold_1,,0.2555555555555556,14345685.62364445,9999.0,0.10018043013168891,1437156.956310687
custom_threshold_1,,0.2777777777777778,14345685.62364445,9999.0,0.10018043013168891,1437156.956310687
custom_threshold_1,,0.30000000000000004,14345685.62364445,9999.0,0.10018043013168891,1437156.956310687
custom_share_1,,0.3,14345685.62364445,9999.0,0.10018043013168891,1437156.956310687
custom_share_1,,0.36666666666666664,14345685.62364445,9999.0,0.10018043013168891,1437156.956310687
custom_share_1,,0.4333333333333333,14345685.62364445,9999.0,0.10018043013168891,1437156.956310687
custom_share_1,,0.49999999999999994,14345685.62364445,9999.0,0.10018043013168891,1437156.956310687
custom_share_1,,0.5666666666666667,14345685.62364445,9999.0,0.10018043013168891,1437156.956310687
custom_share_1,,0.6333333333333333,14345685.62364445,9999.0,0.10018043013168891,1437156.956310687
custom_share_1,,0.7,14345685.62364445,9999.0,0.10018043013168891,1437156.956310687
custom_share_1,,0.7666666666666666,14345685.62364445,9999.0,0.10018043013168891,1437156.956310687
custom_share_1,,0.8333333333333333,14345685.62364445,9999.0,0.10018043013168891,1437156.956310687
custom_share_1,,0.8999999999999999,14345685.62364445,9999.0,0.10018043013168891,1437156.956310687
