epoch,price,ar,sr,shock_occurred,trial_id
0,0.1,5000000.0,0.1047,False,0
1,0.1024880174057331,5583333.333333333,0.08303923407403162,False,0
2,0.10229559761061308,5625000.0,0.08302514939619328,False,0
3,0.10206479091250419,5666666.666666667,0.08293605334595135,False,0
4,0.10179104512707329,5707090.695289018,0.08284253628774915,False,0
5,0.10148339177035741,5746274.43059476,0.08276437869748213,False,0
6,0.10114662251054042,6284186.134530155,0.08344361625049361,False,0
7,0.10078456692094624,6320855.5461767055,0.08328758366861078,False,0
8,0.10041959325699444,6357533.657338207,0.08314259175275857,False,0
9,0.10005298058267269,6394219.5515138535,0.08301287485032341,False,0
10,0.1051322077223134,6430913.393123919,0.08288041761001275,False,0
11,0.1047341807959865,6467607.197136866,0.08288104422868155,False,0
12,0.10433665626495607,6504308.354438841,0.0827584894115268,False,0
13,0.10393931183593842,7040974.065155936,0.08334926582618034,False,0
14,0.10354318164714355,7077646.73268696,0.08323331892740303,False,0
15,0.10314850039499575,7114326.208610861,0.08311984571278033,False,0
16,0.10275545521828608,7151012.751131871,0.08300206909426923,False,0
17,0.10236417973959179,7187705.942310235,0.0828912581383599,False,0
18,0.10197478651460362,7224406.083826851,0.08277541916753772,False,0
19,0.10158671212300119,7761073.746249648,0.08331673739784806,False,0
20,0.10119254318790934,7797248.6254364345,0.08320890121032083,False,0
21,0.10080056387101856,7833431.661314483,0.08308531497907755,False,0
22,0.10041078905123207,7869621.887427134,0.08297637203054087,False,0
23,0.10003143168738993,7906331.950598886,0.08286902394841439,False,0
24,0.11058139569653802,7943559.840453567,0.08277439276431939,False,0
25,0.11016175291583195,7981295.3636465445,0.08286995464955837,False,0
26,0.10975390235404045,8019547.8339432115,0.08276839684848501,False,0
27,0.10934787436806515,8557780.027541632,0.08325995316963317,False,0
28,0.10894412052867346,8596016.568897976,0.08315455297751602,False,0
29,0.10854262824912896,8634257.097753976,0.08305788631915888,False,0
30,0.10814336199029509,8672500.093568085,0.08299808127416175,False,0
31,0.10774631002593872,8710745.433727188,0.08294124866814094,False,0
32,0.10735147049025212,8748993.625316024,0.0828721230989265,False,0
33,0.10695882284019723,8787244.18967472,0.08281460140526926,False,0
34,0.1065683494520995,8825496.850007532,0.08276378991164025,False,0
35,0.10617966073053323,9363730.073622322,0.0832349830758088,False,0
36,0.10579310994571761,9401964.623840472,0.08320282299430774,False,0
37,0.10540868832976556,9440200.79910617,0.08316342790227498,False,0
38,0.10502637299288317,9478438.09709154,0.0831362104556274,False,0
39,0.10464615174901412,9516676.640113957,0.08310602773939652,False,0
40,0.10426801546894866,9554916.73905315,0.0830683085447986,False,0
41,0.10389194926414803,9593158.374296054,0.08303106481849196,False,0
42,0.1035179405124229,9631401.661443189,0.08299101865533576,False,0
43,0.10314596761306645,9669646.18109492,0.08296113975599993,False,0
44,0.10277549234220128,9707860.458331665,0.08293454586885189,False,0
45,0.10240240870773958,9745796.776826188,0.08289662604759307,False,0
46,0.10203137610222766,9783734.499192365,0.08286542889976085,False,0
47,0.10165017161828338,9820927.882271862,0.08283858494758667,False,0
48,0.10127416010847813,9816642.592930617,0.08280752350232627,False,0
49,0.100903271471722,9812545.08118516,0.08277801505972515,False,0
50,0.1005374426305584,9808635.482265031,0.082742834288488,False,0
51,0.10018825262745369,10305640.78853547,0.08318593693225942,False,0
52,0.11485963914991792,10302647.49643956,0.08314700266419786,False,0
53,0.11443325529581728,10299647.617335998,0.08332997509898157,False,0
54,0.11400926985797091,10296649.15635127,0.08329058290905098,False,0
55,0.11358766129847013,10293651.929028613,0.08325631451826626,False,0
56,0.11316841027656704,10290655.852708004,0.08322434223914017,False,0
57,0.1127514960711849,10287660.7623357,0.08319695478623118,False,0
58,0.1123369100563961,10284667.116945257,0.08315681640119078,False,0
59,0.11192463042507268,10281674.68034976,0.08312323876381708,False,0
60,0.11151463916236806,10278683.404371254,0.08309099940297547,False,0
61,0.11110692438059039,10275693.559022151,0.08305125969730771,False,0
62,0.1107014623323833,10272704.774335004,0.08302179686521118,False,0
63,0.11029824182222882,10269717.342375068,0.08298422110935098,False,0
64,0.10989724444517027,10266731.161511587,0.08294946843003353,False,0
65,0.10949844955727435,10263745.997250114,0.08292122948534579,False,0
66,0.10910184387869772,10260762.006410323,0.08288863443860721,False,0
67,0.10870741442134955,10257779.357226929,0.08285136620533938,False,0
68,0.10831514454502628,10254798.01060069,0.08281518406222936,False,0
69,0.10792502037199948,10251818.072748652,0.08277605144551156,False,0
70,0.1075370226739432,10248839.343662709,0.0827424746095247,False,0
71,0.10715085198001442,10745845.789107466,0.08315429320121441,False,0
72,0.10676677688919452,10742853.26558961,0.08312565327379788,False,0
73,0.10638478367317693,10739861.85537387,0.08309472821495191,False,0
74,0.10600485814751677,10736871.608462453,0.08306241420603898,False,0
75,0.10562698134868499,10733882.292413142,0.08303655692534409,False,0
76,0.1052511454705359,10730894.309048599,0.08299953790397914,False,0
77,0.10487306657701771,10727658.7359607,0.08296341251021604,False,0
78,0.10449704357970284,10724424.414921729,0.08293130869155214,False,0
79,0.10412305978605405,10721191.241400465,0.08290188516054085,False,0
80,0.10375450668959399,10718161.054124432,0.0828769169513858,False,0
81,0.1033913151188719,10715333.828414543,0.08284910505167496,False,0
82,0.10303341886877065,10712709.633007575,0.08281484519024206,False,0
83,0.10268074692557888,10710288.166355535,0.08278518468509186,False,0
84,0.10232989724370319,10707867.529699,0.08275680877046858,False,0
85,0.10198085912623554,10705447.836225377,0.08272456320081377,False,0
86,0.10163341124976694,11203016.321470363,0.08312870957311011,False,0
87,0.10128775215914712,11200585.746341068,0.08309658561698587,False,0
88,0.10094386959627047,11198156.112564135,0.08306440263024281,False,0
89,0.1006017534884456,11195727.550992547,0.08302774603729282,False,0
90,0.10026138914490162,11193299.900569439,0.08299659566177935,False,0
91,0.11335391920989141,11190873.093988104,0.0829677463704255,False,0
92,0.11294686808566062,11188442.108840741,0.08311060332861478,False,0
93,0.11254202327868605,11186011.994056651,0.08308084731926157,False,0
94,0.11213936847291785,11183582.73027392,0.08305175325584364,False,0
95,0.11173889177740787,11181154.52471896,0.0830155745285414,False,0
96,0.11134057356953078,11178727.16931172,0.08298650964920487,False,0
97,0.1109443926166109,11176300.35762179,0.08296792102329635,False,0
98,0.11055034068160201,11173874.469389228,0.082936349831219,False,0
99,0.11015840067305831,11171449.405431837,0.08290816948350979,False,0
100,0.10976855765939916,11169025.174636334,0.08287968531636657,False,0
0,0.1,5000000.0,0.1047,False,1
1,0.10248619076820624,5583333.333333333,0.0830413590624592,False,1
2,0.10229377611233727,5625000.0,0.08303397897280407,False,1
3,0.10206297557236726,5666666.666666667,0.082953469005,False,1
4,0.1017892286647828,5707090.182257738,0.08287673837303944,False,1
5,0.10148157154984357,5746273.18384498,0.08278883598085882,False,1
6,0.10114479143605844,6284183.663058965,0.08347083228182141,False,1
7,0.10078271154028651,6320850.963507932,0.0833227702950105,False,1
8,0.10041772476836414,6357527.633200297,0.08316661623835492,False,1
9,0.10005111284690114,6394212.935333132,0.08302274223053825,False,1
10,0.10511268933452948,6430905.764053727,0.08289729910119426,False,1
11,0.10471475714110791,6467598.636425901,0.082896571574891,False,1
12,0.10431733443946149,6504299.28888882,0.08276690339579273,False,1
13,0.10392007673790088,7040963.611939333,0.08337239360256733,False,1
14,0.10352404140972626,7077635.391671419,0.08324811557635808,False,1
15,0.1031294707706047,7114314.947616622,0.08311851202439771,False,1
16,0.10273653849598144,7151001.748386921,0.08299776493945271,False,1
17,0.1023453945529539,7187696.369397801,0.08286742759645367,False,1
18,0.1019561252417176,7224397.537665535,0.08275830664889877,False,1
19,0.10156817376246847,7761066.211962507,0.08329987282824183,False,1
20,0.10117413385794446,7797242.401237696,0.08318905138602425,False,1
21,0.10078227204345092,7833426.099102893,0.08307528487074906,False,1
22,0.10039261393916508,7869616.996125756,0.082966206724289,False,1
23,0.10001338133585706,7906328.4309238745,0.0828460918461544,False,1
24,0.11059830859376643,7943557.843602766,0.08274599511002441,False,1
25,0.11017859748619212,7981294.87268958,0.0828382098519738,False,1
26,0.10977068033699214,8019548.803769486,0.08273298392146416,False,1
27,0.10936459176006418,8557782.770414075,0.08321697023215152,False,1
28,0.10896077763446202,8596021.083254676,0.08311160790460598,False,1
29,0.10855922887273038,8634263.575774137,0.08301028235645302,False,1
30,0.10815991052554007,8672508.763829349,0.08294493603526873,False,1
31,0.10776280280900322,8710756.077697508,0.08289340117585463,False,1
32,0.10736790300581424,8749005.972816292,0.08283082540322156,False,1
33,0.10697519444848942,8787258.185518747,0.0827746415566408,False,1
34,0.10658466480558376,8825512.739368513,0.08271788647029325,False,1
35,0.1061959165585834,9363747.657493152,0.08319390404915206,False,1
36,0.1058093174093414,9401984.525340011,0.0831466380558971,False,1
37,0.10542483858544423,9440222.494606292,0.08311993697902502,False,1
38,0.10504247862218323,9478462.300512072,0.08307541238510953,False,1
39,0.1046622148756823,9516703.465654623,0.08304246119065761,False,1
40,0.10428404053433814,9554946.438992366,0.08299862615567889,False,1
41,0.103907937966072,9593191.042879695,0.08295909768090054,False,1
42,0.10353389463959758,9631437.39981941,0.08291659944126957,False,1
43,0.10316188526544975,9669684.87172081,0.08288957006712591,False,1
44,0.10279137953031095,9707902.464260202,0.08285490447115121,False,1
45,0.10241826742649711,9745842.281861098,0.08281886812817599,False,1
46,0.10204720558096043,9783783.456436563,0.08278871313780617,False,1
47,0.10166598939561237,9820981.536026374,0.08275161253437716,False,1
48,0.10128996142973934,9816700.619448664,0.08272302565624501,False,1
49,0.10091867089073295,10312583.641034806,0.0831712810880394,False,1
50,0.10055245776132073,10308655.373164695,0.08313794434098645,False,1
51,0.10020323292411919,10305663.38175359,0.08311087253069398,False,1
52,0.11498757890801632,10302672.470892563,0.08308085725079588,False,1
53,0.11456052933868963,10299674.935796846,0.08326486376997083,False,1
54,0.11413587481043952,10296678.398648595,0.08323714300695101,False,1
55,0.11371360530897817,10293683.265608331,0.08319814000738864,False,1
56,0.11329369712726473,10290689.23257763,0.08316758418617391,False,1
57,0.11287613866179418,10287696.61227148,0.08312834183746601,False,1
58,0.11246091259308759,10284705.415868845,0.083088788962056,False,1
59,0.11204800087274903,10281715.607875101,0.08305022204839638,False,1
60,0.11163738305455387,10278727.01628439,0.08301643307533584,False,1
61,0.11122904327591994,10275739.70156328,0.08298096447529774,False,1
62,0.11082295912296013,10272753.365531785,0.08295377865266451,False,1
63,0.11041911790096116,10269768.219655922,0.08292071877401054,False,1
64,0.11001750162745916,10266784.184872523,0.08288985509437644,False,1
65,0.10961809417451038,10263801.273325302,0.08285865408951205,False,1
66,0.1092208797376329,10260819.506975302,0.08282684305549852,False,1
67,0.1088258424779613,10257838.898207523,0.08279468799383335,False,1
68,0.10843296648311176,10254859.44747444,0.08276252036338123,False,1
69,0.10804223867384169,10251881.305127341,0.08272617630832606,False,1
70,0.10765334675855139,10748887.84206556,0.0831517517161607,False,1
71,0.10726657053568348,10745895.434929973,0.08312242043300411,False,1
72,0.10688189855466972,10742904.304949129,0.08308694391227947,False,1
73,0.10649931653258596,10739914.508826021,0.08304989230855135,False,1
74,0.10611880585691918,10736925.848538265,0.08301834132657779,False,1
75,0.10574035085196894,10733938.28303988,0.08298793051069199,False,1
76,0.10536393308458038,10730951.602931622,0.0829633363404971,False,1
77,0.10498526596784105,10727717.125114119,0.08293532865395983,False,1
78,0.10460865949256035,10724483.932227552,0.08290238170685744,False,1
79,0.10423409601918109,10721251.866917865,0.08287346947911269,False,1
80,0.10386497559520264,10718222.95408647,0.08284206034587338,False,1
81,0.10350122927646527,10715397.194104128,0.08280615332868092,False,1
82,0.10314278193898758,10712774.134063143,0.0827790151000348,False,1
83,0.10278956739874293,10710353.766456274,0.08274761049123645,False,1
84,0.10243817981883972,10707934.291236669,0.08271710152499673,False,1
85,0.10208839336421453,11205502.76297883,0.08312917120824825,False,1
86,0.10174041260212537,11203072.228118526,0.08309520889928293,False,1
87,0.1013942238169946,11200642.608230075,0.08306392781030533,False,1
88,0.10104981623956638,11198213.998326635,0.08302939840823528,False,1
89,0.10070717491283636,11195786.229323827,0.08300064966868478,False,1
90,0.10036629081526863,11193359.491824681,0.08296538458615926,False,1
91,0.10002714672141949,11190933.46030149,0.08294124865605458,False,1
92,0.11315376660759029,11188508.551693384,0.08290285839687173,False,1
93,0.11274782840156403,11186079.383007726,0.0830485020738822,False,1
94,0.11234409354451912,11183651.356981896,0.0830094367805286,False,1
95,0.11194254206442017,11181224.261357931,0.08297762816974627,False,1
96,0.11154315515793756,11178797.933769953,0.08295137052921173,False,1
97,0.1111459208508987,11176372.565800052,0.08291856307349646,False,1
98,0.11075082016184944,11173947.969086824,0.08289219532404794,False,1
99,0.11035783987580709,11171524.255258027,0.08286201124092468,False,1
100,0.10996696431383249,11169101.397079488,0.08283275824069661,False,1
0,0.1,5000000.0,0.1047,False,2
1,0.10247849697318975,5583333.333333333,0.08305031989673432,False,2
2,0.10228610396333852,5625000.0,0.0830230755797135,False,2
3,0.10205532936084387,5666666.666666667,0.08292891270315957,False,2
4,0.10178161688118334,5707090.407934281,0.08286169327021059,False,2
5,0.10147399209986444,5746273.278945443,0.08279318851683506,False,2
6,0.10113723812265896,6284183.047786898,0.08348661833805841,False,2
7,0.10077519492267792,6320850.112730657,0.08332669538181886,False,2
8,0.10041023041844134,6357525.631077597,0.08318580532877709,False,2
9,0.10004363192627011,6394209.209604688,0.08305146899292953,False,2
10,0.10508351213979193,6430900.8172785835,0.08291764987952034,False,2
11,0.10468572036783234,6467592.2276121965,0.08292093888423727,False,2
12,0.10428843395991455,6504291.1895439075,0.08279507891593837,False,2
13,0.10389131492211237,7040953.965349235,0.08339818102233407,False,2
14,0.10349542936487303,7077624.889204298,0.08326238019338432,False,2
15,0.10310099789002175,7114303.000136634,0.0831425955721825,False,2
16,0.10270820811671375,7150988.5994110685,0.08301778987054666,False,2
17,0.10231720069021599,7187681.706499919,0.0828926596302533,False,2
18,0.10192807100415031,7224381.598299054,0.08277958112553539,False,2
19,0.10154027009355016,7761049.702916537,0.08330936748640004,False,2
20,0.1011463801558393,7797225.143602704,0.08320039364395863,False,2
21,0.10075465936684368,7833407.605498582,0.08309401167861355,False,2
22,0.10036514434711573,7869597.455994346,0.08298206319550222,False,2
23,0.11040510244840232,7906307.086245837,0.08287626190474284,False,2
24,0.10997702367938493,7943524.558113259,0.08296866758495408,False,2
25,0.1095608142606739,7981260.22073287,0.08286701548473754,False,2
26,0.10915629879834397,8019513.071596628,0.08275917097958292,False,2
27,0.1087535871236008,8557745.770633081,0.0832477001263883,False,2
28,0.1083531231588476,8595982.719465774,0.0831446747629791,False,2
29,0.1079548970115325,8634223.695763607,0.08304703924443368,False,2
30,0.10755887467854007,8672467.244618531,0.08298467422406998,False,2
31,0.1071650464202639,8710713.346909435,0.08292277274571101,False,2
32,0.10677340147937601,8748962.00274824,0.08286086855424094,False,2
33,0.10638392681300515,8787213.142011344,0.08280066432873415,False,2
34,0.10599661006451667,8825466.778795322,0.08274011836822609,False,2
35,0.10561105687216182,9363700.926900124,0.08321257119668947,False,2
36,0.10522762395097524,9401936.708562277,0.08317296980632376,False,2
37,0.10484629434795294,9440173.940891473,0.0831378021205089,False,2
38,0.104467044131519,9478412.041949626,0.08311674202453166,False,2
39,0.10408986896667213,9516651.582145771,0.08308185383082929,False,2
40,0.10371475276802199,9554892.454041258,0.08304957021044312,False,2
41,0.1033416773157696,9593134.423941486,0.08302295191365823,False,2
42,0.10297063152615331,9631377.681712406,0.0829917308059844,False,2
43,0.10260160065149236,9669622.199878873,0.08296117576237569,False,2
44,0.10223405625866325,9707836.835182065,0.08292594426736888,False,2
45,0.10186391394931206,9745773.220048636,0.08289515111320976,False,2
46,0.10149580614278923,9783711.310439143,0.0828572505813137,False,2
47,0.10111760691921359,9820905.431030305,0.0828249273241476,False,2
48,0.10074455755967915,9816621.08108207,0.0827893709803542,False,2
49,0.10037659127114838,9812524.872222593,0.08275169413088888,False,2
50,0.10001363176731771,9808616.074622588,0.08272587513236768,False,2
51,0.1146534283278819,10305622.212862752,0.08316282666207321,False,2
52,0.11422817697255917,10302621.737022748,0.08334655111128113,False,2
53,0.11380531498945833,10299622.64868416,0.08330800940520124,False,2
54,0.11338482293382722,10296624.866391454,0.0832717303529692,False,2
55,0.11296668543341208,10293628.511020228,0.08323209364513863,False,2
56,0.11255088462161578,10290633.567044402,0.08319288821740238,False,2
57,0.11213739994088151,10287639.868354568,0.08315829693983719,False,2
58,0.11172621079723015,10284647.234885057,0.08312870748642381,False,2
59,0.11131731790029908,10281656.610105297,0.08307291054895595,False,2
60,0.11091068677396615,10278667.063710267,0.08304295541746355,False,2
61,0.11050630100361923,10275678.610053482,0.08301260157736519,False,2
62,0.1101041500063357,10272691.57165084,0.0829732889622191,False,2
63,0.10970421272436404,10269705.699029367,0.08294090615199354,False,2
64,0.10930647459359823,10266721.084822545,0.0829059501895242,False,2
65,0.1089109160373159,10263737.539358674,0.08287626288532562,False,2
66,0.10851752328853169,10260755.182506904,0.08284324588248275,False,2
67,0.10812628527591141,10257774.278808136,0.08280288052136868,False,2
68,0.10773718435716946,10254794.722532855,0.08276545209114283,False,2
69,0.10735020017844643,10251816.244918296,0.08273548929333215,False,2
70,0.1069650273293993,10748822.42789591,0.08316158395518145,False,2
71,0.10658194954885634,10745830.01953231,0.08312245454436533,False,2
72,0.10620094446928571,10742838.610398991,0.08309469814779198,False,2
73,0.10582200279779538,10739848.526443373,0.08305788765606147,False,2
74,0.10544510379980894,10736859.431108603,0.0830304259658612,False,2
75,0.10507023073907217,10733871.20527377,0.08300627318987687,False,2
76,0.10469737174798051,10730884.0041577,0.08297780877973397,False,2
77,0.10432227826080134,10727648.994687002,0.08294896078712317,False,2
78,0.10394921592221877,10724415.04949275,0.08292167164748007,False,2
79,0.10357817022953544,10721182.178691387,0.08289412311192124,False,2
80,0.10321251030916428,10718152.463676307,0.08286400041245608,False,2
81,0.10285216658459471,10715325.812671,0.08283226389185952,False,2
82,0.10249707408779704,10712702.326706951,0.08279245645908627,False,2
83,0.10214716119680903,10710281.62330699,0.08275909059695578,False,2
84,0.10179905374011865,10707861.880503211,0.08272624970187963,False,2
85,0.10145252799541095,11205430.149647048,0.0831360976466103,False,2
86,0.10110778273499042,11202999.234435143,0.08310821237281898,False,2
87,0.10076480922170618,11200569.349357534,0.08307299410627818,False,2
88,0.10042359223691578,11198140.303458374,0.08304430424478539,False,2
89,0.1000841171092865,11195711.929612169,0.08302132807543826,False,2
90,0.11313069823038197,11193284.428887963,0.08299147775063251,False,2
91,0.11272483053423477,11190852.681123897,0.08313667569455042,False,2
92,0.11232115916010622,11188421.723133693,0.08310967487879276,False,2
93,0.11191967090543899,11185991.694870085,0.08307788935407404,False,2
94,0.11152034407345728,11183562.279977381,0.08305691940864939,False,2
95,0.111123168463769,11181133.762384122,0.08302624250458475,False,2
96,0.11072812846045517,11178706.133537538,0.08299585800290621,False,2
97,0.11033521170404287,11176279.553184448,0.0829600120715592,False,2
98,0.10994439890067621,11173853.80029735,0.08293172263581743,False,2
99,0.10955567316887468,11171428.773447521,0.08290690084878238,False,2
100,0.10916902429072982,11169004.727577632,0.08287336307317689,False,2
0,0.1,5000000.0,0.1047,False,3
1,0.10248442741497073,5583333.333333333,0.08304341132707893,False,3
2,0.10229201772025887,5625000.0,0.08302568450919426,False,3
3,0.1020612231250259,5666666.666666667,0.08294551370351586,False,3
4,0.10178748585414568,5707090.340402653,0.08286619537865357,False,3
5,0.101479833128599,5746273.127550813,0.08279598395022088,False,3
6,0.10114304239423416,6284182.421376006,0.08349717425498462,False,3
7,0.10078094553414095,6320848.091980401,0.08334993437118073,False,3
8,0.1004159206950351,6357521.797648018,0.08321601665083893,False,3
9,0.10004926639555556,6394203.831909156,0.08307720675880798,False,3
10,0.10506709757058265,6430894.118062099,0.08293967522873565,False,3
11,0.10466938419075023,6467584.670386634,0.08293523903555393,False,3
12,0.1042721797663955,6504282.99294804,0.0828057350876912,False,3
13,0.10387513990691447,7040944.968917537,0.08341151161949481,False,3
14,0.10347933510194099,7077615.204941849,0.08327384403923496,False,3
15,0.10308497861455658,7114292.306107763,0.08315942501255276,False,3
16,0.10269225806262466,7150976.570649387,0.08304003541738894,False,3
17,0.1023013063977935,7187667.548953837,0.08292813937029286,False,3
18,0.10191223418190103,7224365.428566699,0.08281311756340792,False,3
19,0.10152448309305029,7761031.0592846265,0.08335059914567683,False,3
20,0.10113063944303506,7797203.703212317,0.08324276877237582,False,3
21,0.10073896997273314,7833383.689390476,0.08313152255315105,False,3
22,0.10034949640264754,7869570.463674418,0.08302867246552352,False,3
23,0.11032432890007476,7906277.227813748,0.08292418018535652,False,3
24,0.10989668295937649,7943492.733141568,0.08300533965217241,False,3
25,0.10948089232060171,7981226.397457038,0.08290914047316925,False,3
26,0.10907679008981033,8019477.671390491,0.08279739959307404,False,3
27,0.10867448908408639,8557708.788103234,0.08328605948899372,False,3
28,0.10827443641412982,8595944.352798687,0.08317822960515361,False,3
29,0.10787663045556287,8634184.607360536,0.08306453587439534,False,3
30,0.10748101778877912,8672427.014367767,0.08301235538027704,False,3
31,0.10708759324062184,8710671.80455929,0.08295458121556538,False,3
32,0.10669634595417751,8748918.968395175,0.08289703832195958,False,3
33,0.10630726088179071,8787168.316970337,0.08284407494558178,False,3
34,0.10592033259908394,8825420.256362556,0.08278126725937406,False,3
35,0.1055355420518854,8863674.4499381,0.08272662039085624,False,3
36,0.10515249151235427,9401908.593359845,0.08321268472535782,False,3
37,0.10477154176669866,9440144.196898818,0.08317728794406222,False,3
38,0.10439268185701665,9478381.438366262,0.08313758058712784,False,3
39,0.10401589421019912,9516620.118731655,0.08310269821271123,False,3
40,0.1036411642703866,9554860.219766945,0.08306825773037177,False,3
41,0.10326847462355852,9593101.555616079,0.0830383228492869,False,3
42,0.10289781777856943,9631344.532623107,0.08299853720333435,False,3
43,0.10252917299741196,9669588.766289953,0.08296807272294893,False,3
44,0.10216201768031218,9707803.432556573,0.08292520045266545,False,3
45,0.10179226855489532,9745739.97468096,0.08289165649510419,False,3
46,0.10142454547012189,9783677.87999852,0.0828613633134947,False,3
47,0.10104673846972538,9820871.66565959,0.08283112973326849,False,3
48,0.10067407099707062,9816586.717069728,0.08280093893448466,False,3
49,0.10030648379764101,9812490.105276885,0.08275983419886225,False,3
50,0.11604351584374752,9808581.524458446,0.08272128716275257,False,3
51,0.11561081965618739,9805596.328732224,0.0829221035061374,False,3
52,0.11518056403169451,9802612.350177232,0.08288829319423195,False,3
53,0.11475272837078913,9799629.472195912,0.08285772170329206,False,3
54,0.11432729555876268,9796647.745879281,0.08282573101749906,False,3
55,0.11390424887176455,9793667.235335622,0.08279195954608881,False,3
56,0.11348356734986985,9790687.778366217,0.08276269359455397,False,3
57,0.11306523464654183,9787709.441083817,0.08273159117779445,False,3
58,0.11264890146734842,10284714.845076483,0.08318322242591736,False,3
59,0.11223489044274028,10281721.604520291,0.0831455710053426,False,3
60,0.11182318256487901,10278729.627668476,0.08311046810598235,False,3
61,0.1114137640690089,10275739.091502456,0.08307044905603524,False,3
62,0.11100661322008622,10272749.74178666,0.08303749210546152,False,3
63,0.11060171460237156,10269761.650495684,0.08300253586046454,False,3
64,0.11019905070344899,10266774.76938432,0.08296891976004785,False,3
65,0.10979860191839337,10263788.926971309,0.08294006702813338,False,3
66,0.10940035740868737,10260804.419523343,0.08290298466574741,False,3
67,0.10900429904660375,10257821.140534615,0.08286886079799176,False,3
68,0.10861041167530522,10254839.137343222,0.08283342198312868,False,3
69,0.10821867813409286,10251858.338725364,0.08279996160721705,False,3
70,0.10782907933223773,10248878.555873593,0.08277174588246779,False,3
71,0.1074415996505175,10245899.78304839,0.08274368958897593,False,3
72,0.10705593571549711,10742905.738801267,0.08316789575338197,False,3
73,0.10667237153976886,10739913.168177329,0.08312696177604821,False,3
74,0.10629088525801217,10736921.693861617,0.08309650876979982,False,3
75,0.1059114640492876,10733931.442081891,0.08306254943679997,False,3
76,0.10553409792704985,10730942.697668916,0.08302067813815997,False,3
77,0.10515448072333802,10727706.253770575,0.0829857409831158,False,3
78,0.10477692535222151,10724470.756271858,0.08296147432607374,False,3
79,0.10440142034840269,10721236.408916267,0.08293198347672047,False,3
80,0.10403137644496573,10718205.387217585,0.0828997387673303,False,3
81,0.10366672194316487,10715377.54524823,0.08286716393715733,False,3
82,0.10330738554286101,10712752.673742132,0.08283618165204375,False,3
83,0.10295329791462283,10710330.594651138,0.08280612276901696,False,3
84,0.10260103999913413,10707909.206189936,0.08278251149407913,False,3
85,0.10225060151981104,10705488.649499929,0.0827540748720479,False,3
86,0.10190197055469506,10703068.961853031,0.08272436399642857,False,3
87,0.1015549222564904,11200637.145658368,0.08313901520214435,False,3
88,0.10120965851772379,11198206.176661039,0.08311005119080554,False,3
89,0.10086616725224952,11195776.06436369,0.08308076230245781,False,3
90,0.10052443594444674,11193346.78526314,0.08305227694191697,False,3
91,0.10018445207552934,11190918.308696605,0.08302483988144822,False,3
92,0.1131711368470146,11188490.701157505,0.08299512954194146,False,3
93,0.11276505160969895,11186058.711466173,0.08314494671219698,False,3
94,0.11236116552163393,11183627.577878248,0.0831156782196588,False,3
95,0.11195946714206036,11181197.535234155,0.08307838099455213,False,3
96,0.11155993529974076,11178768.298613548,0.08305082463606184,False,3
97,0.11116255627627507,11176339.967614157,0.08301986322701184,False,3
98,0.1107673118869254,11173912.396498889,0.08299388428264341,False,3
99,0.11037419024617563,11171485.769143684,0.08296161898125623,False,3
100,0.10998317474872651,11169060.009640723,0.08293194881920896,False,3
0,0.1,5000000.0,0.1047,False,4
1,0.10248869033031896,5583333.333333333,0.08303845147658313,False,4
2,0.10229626864191174,5625000.0,0.08301237687173897,False,4
3,0.10206545967515997,5666666.666666667,0.08292211780685327,False,4
4,0.10179170978084896,5707090.6086483,0.08284831233552284,False,4
5,0.10148405323015937,5746274.332659091,0.08276475519585595,False,4
6,0.101147280755616,6284186.041113892,0.08344351581924543,False,4
7,0.10078520850806875,6320854.640549242,0.08330112052196394,False,4
8,0.1004202084881363,6357531.328749582,0.08316630777211319,False,4
9,0.10005357321532861,6394216.019895474,0.08303292534624108,False,4
10,0.10511522885886015,6430908.839134346,0.08289745712992934,False,4
11,0.10471727816537559,6467601.472020499,0.08290056300855975,False,4
12,0.10431983395965391,6504301.703080592,0.08277392677625119,False,4
13,0.10392257922610319,7040967.043954664,0.08335542987656887,False,4
14,0.10352654911934245,7077639.982907766,0.08322879522608616,False,4
15,0.10313197669093101,7114320.287589828,0.08310603307675164,False,4
16,0.10273904863314065,7151008.201541368,0.08297921191877902,False,4
17,0.10234789596660927,7187703.160587337,0.08286179367830321,False,4
18,0.1019586211124963,7224404.858345722,0.08274948180469396,False,4
19,0.10157068198177026,7761075.157738197,0.0832727879032132,False,4
20,0.10117665266373035,7797252.894761915,0.08316560065073851,False,4
21,0.10078479955740167,7833438.0355182225,0.08305342288423781,False,4
22,0.10039514730274009,7869630.207500781,0.08294688915316431,False,4
23,0.10001589631462873,7906341.388823525,0.0828503296789561,False,4
24,0.11059200410612996,7943570.432032668,0.08275288498880908,False,4
25,0.11017232239297756,7981307.112404067,0.08284556090157198,False,4
26,0.10976442399815856,8019560.169996267,0.08275415938101893,False,4
27,0.10935835349098133,8557793.227979794,0.08323899837913229,False,4
28,0.10895455418147681,8596030.45712745,0.08313787924871817,False,4
29,0.10855302324976496,8634272.034966908,0.08303245641716148,False,4
30,0.10815372078569355,8672516.20395118,0.08296964078531592,False,4
31,0.1077566347710497,8710762.82723918,0.0829101425130929,False,4
32,0.1073617532707742,8749011.84700037,0.0828520461933443,False,4
33,0.10696906199864983,8787263.131219186,0.08279715025089612,False,4
34,0.10657854728854294,8825516.626631334,0.08274354556404982,False,4
35,0.10618981495720514,9363750.543149985,0.08321818540643759,False,4
36,0.10580322166848938,9401985.834053554,0.0831848669841909,False,4
37,0.10541875137349128,9440222.377485063,0.08315450267048947,False,4
38,0.1050363936659593,9478460.391235268,0.0831188585808466,False,4
39,0.1046561367986316,9516700.029115306,0.08307948573641812,False,4
40,0.1042779612200346,9554940.995488739,0.08304727983595438,False,4
41,0.10390185514424903,9593183.450525621,0.08301119102505039,False,4
42,0.10352780733273775,9631427.591378385,0.0829703227612661,False,4
43,0.10315579784032944,9669673.0983018,0.08293720589703252,False,4
44,0.10278529137624337,9707888.67937338,0.08290322467759523,False,4
45,0.10241217713751631,9745826.368236843,0.0828661734045063,False,4
46,0.10204111574090248,9783765.562440787,0.08283272139386452,False,4
47,0.10165988668263716,9820960.774179349,0.08280472089080168,False,4
48,0.10128384626284079,9816677.01582622,0.0827779391908981,False,4
49,0.10091293440424323,9812581.351950685,0.08274068435425595,False,4
50,0.10054671883870347,10308650.996445566,0.08318212709245071,False,4
51,0.10019749871064891,10305657.435183946,0.08315447948947055,False,4
52,0.11491468083783743,10302665.096787848,0.08312051100273862,False,4
53,0.11448800953162691,10299666.170949336,0.08330349551415672,False,4
54,0.1140637422421366,10296668.844209895,0.08325907609560189,False,4
55,0.11364186192086598,10293673.168306174,0.08321321954779953,False,4
56,0.11322233801194927,10290678.485641742,0.08318562956757795,False,4
57,0.11280516144593127,10287685.238514133,0.08314575354471661,False,4
58,0.11239030649196549,10284692.995078392,0.08311787321499281,False,4
59,0.11197775943436812,10281701.94043775,0.0830848511289456,False,4
60,0.11156750138510951,10278711.980619622,0.08305443939241947,False,4
61,0.11115952191072362,10275723.462954035,0.08301437959964747,False,4
62,0.1107538007202135,10272736.20452073,0.0829794009251481,False,4
63,0.11035032711600244,10269750.528242033,0.0829354521860272,False,4
64,0.10994907535588078,10266765.938676132,0.08290526571949632,False,4
65,0.10955002494189563,10263782.207603155,0.08288141869380593,False,4
66,0.10915316758258015,10260799.763904233,0.08284565830337996,False,4
67,0.10875848292590845,10257818.37185985,0.08281644567727203,False,4
68,0.10836595511976788,10254838.032259917,0.08278721110926472,False,4
69,0.10797557176806903,10251858.930742657,0.08275281992383395,False,4
70,0.10758731260392287,10248880.807290046,0.08272565146143328,False,4
71,0.10720087555279266,10745887.489159474,0.08314772584921752,False,4
72,0.10681654154037865,10742895.51571029,0.08311037358837677,False,4
73,0.10643429857900731,10739905.074469384,0.08306781224743527,False,4
74,0.10605412572041076,10736915.83529417,0.08303442153365584,False,4
75,0.10567600580374036,10733927.671326118,0.08300455466816348,False,4
76,0.10529992473419636,10730940.622851102,0.08297356875039741,False,4
77,0.10492160088108343,10727706.071755482,0.08293720758001011,False,4
78,0.10454533732985619,10724472.93076627,0.08290105100551173,False,4
79,0.10417111048103106,10721240.69206274,0.08287791547514778,False,4
80,0.10380231994481114,10718211.532539323,0.08284880747809932,False,4
81,0.10343889504061285,10715385.34289013,0.08281874429873089,False,4
82,0.10308076627027035,10712761.998517212,0.08278798810003817,False,4
83,0.10272786151489001,10710341.13230458,0.08276465684207203,False,4
84,0.10237677747412258,10707920.907936148,0.08274271345070167,False,4
85,0.10202750408657808,10705501.475044008,0.08271565443217115,False,4
86,0.10167982167855279,11203070.177145869,0.08312129566287409,False,4
87,0.10133393003847649,11200639.84276299,0.083088354970223,False,4
88,0.10098981546388189,11198210.385701198,0.08305836108685898,False,4
89,0.1006474624580638,11195781.600175118,0.08303540260102274,False,4
90,0.1003068647765284,11193353.84645455,0.08300012719892204,False,4
91,0.11340904318069685,11190927.041656736,0.08296768539531127,False,4
92,0.11300169489672816,11188496.024220554,0.08311170721990634,False,4
93,0.11259655254479398,11186065.744592914,0.08308648299629827,False,4
94,0.11219360050536015,11183636.219007662,0.08306070376932696,False,4
95,0.11179282102436376,11181207.343338465,0.08303848441696647,False,4
96,0.11139420365435215,11178779.392880788,0.08300685325393739,False,4
97,0.11099772974465436,11176352.20199336,0.08298088504028743,False,4
98,0.11060338808971602,11173925.994831832,0.0829472533855101,False,4
99,0.11021115994821283,11171500.58497275,0.08291999518228871,False,4
100,0.10982103076967642,11169076.002622513,0.08289170428162461,False,4
0,0.1,5000000.0,0.1047,False,5
1,0.10247775361108648,5583333.333333333,0.08305118656851342,False,5
2,0.10228536269259576,5625000.0,0.08302400309555512,False,5
3,0.10205459059608707,5666666.666666667,0.08293256954296478,False,5
4,0.10178088482281927,5707090.635790622,0.08284650284739403,False,5
5,0.1014732722935841,5746274.054104702,0.08277494508624295,False,5
6,0.10113655793441051,6284186.040958974,0.08343732916434755,False,5
7,0.10077454145298247,6320854.533472545,0.08330290255157873,False,5
8,0.10040960833782978,6357531.784128182,0.08315693351716086,False,5
9,0.10004303824215095,6394216.92624186,0.08302540921647596,False,5
10,0.10509998330934445,6430909.531124261,0.0829010297377609,False,5
11,0.10470211143674506,6467601.718388465,0.0829079900410437,False,5
12,0.10430475411412868,6504301.988580681,0.08277327457417995,False,5
13,0.10390756703349642,7040966.244614025,0.08337351055539423,False,5
14,0.10351160141782238,7077637.923786582,0.08324979156849674,False,5
15,0.10311709976288197,7114317.358369767,0.08312053472472046,False,5
16,0.10272424242400936,7151004.4200634,0.0829934162172313,False,5
17,0.10233316475412958,7187698.808677495,0.0828713008761926,False,5
18,0.10194396590305399,7224400.025044812,0.08275750498917311,False,5
19,0.10155608271787994,7761068.638007486,0.08330089506653093,False,5
20,0.10116211861201503,7797245.168362388,0.08318388351158457,False,5
21,0.10077031929428987,7833428.420526349,0.08308203791979947,False,5
22,0.10038072664936842,7869619.08380589,0.08296974828979058,False,5
23,0.10000154790900959,7906329.680252504,0.08286010817227141,False,5
24,0.11057042937821279,7943558.539444308,0.08275631654756345,False,5
25,0.11015086297574488,7981294.823692917,0.08285391131609968,False,5
26,0.10974308814575293,8019548.129895759,0.08274813245637577,False,5
27,0.10933714304376571,8557781.581251727,0.08322946207760132,False,5
28,0.10893345941887561,8596018.721258616,0.08314004023703403,False,5
29,0.10853203202352481,8634259.584702712,0.0830497750926456,False,5
30,0.10813283261637709,8672503.052525885,0.0829866386301163,False,5
31,0.10773584741431051,8710748.889011718,0.08292921650501404,False,5
32,0.1073410622033039,8748996.906329304,0.08287634785651768,False,5
33,0.1069484673599839,8787247.232530287,0.08282037492565719,False,5
34,0.1065580466213455,8825499.666998252,0.08276926542307478,False,5
35,0.10616940879486304,9363732.582554579,0.08324245115972441,False,5
36,0.1057829132637725,9401967.095832564,0.08320371851350196,False,5
37,0.1053985458861902,9440203.19866789,0.08316518379007365,False,5
38,0.10501628739096815,9478440.598397287,0.08313374393380822,False,5
39,0.10463612037649614,9516679.114930406,0.08310666990412717,False,5
40,0.10425803821105693,9554919.203761047,0.08306855360064173,False,5
41,0.1038820217890545,9593160.595969377,0.08303695656572517,False,5
42,0.1035080601603774,9631403.502583504,0.08300024369786144,False,5
43,0.1031361307491346,9669647.44343706,0.08297517122695076,False,5
44,0.10276570834887884,9707861.718071152,0.0829346083907633,False,5
45,0.10239267546759163,9745797.889283286,0.08289989898959389,False,5
46,0.10202169223386638,9783735.402422154,0.08287007839551712,False,5
47,0.10164054934621125,9820929.23846981,0.08283019664834249,False,5
48,0.10126460666838627,9816644.903172279,0.08278908787498819,False,5
49,0.10089378675562487,9812548.400178334,0.0827576362413292,False,5
50,0.10052802720728557,9808639.90662197,0.0827194403462876,False,5
51,0.10017889831289398,10305645.970493183,0.08316489246634864,False,5
52,0.11488132878930406,10302653.40886419,0.08312671191642515,False,5
53,0.11445483859003666,10299654.260008993,0.08330969042214001,False,5
54,0.1140307438523933,10296656.339153752,0.08327557931224387,False,5
55,0.11360903018337348,10293659.828524148,0.08323640637790203,False,5
56,0.11318967936831204,10290664.707350306,0.08319781038458454,False,5
57,0.11277267090539786,10287670.826403474,0.08316335963428309,False,5
58,0.11235799089864605,10284678.372041225,0.0831237322846871,False,5
59,0.11194561658932689,10281687.05780584,0.08309206209398559,False,5
60,0.11153552653575823,10278696.652501851,0.08306681399965173,False,5
61,0.1111277173569796,10275707.876897879,0.08302154455478701,False,5
62,0.11072216626086881,10272720.416071853,0.08298502294515493,False,5
63,0.1103188557693276,10269734.226955876,0.08294969766602006,False,5
64,0.10991776797431357,10266749.233873155,0.08291647452003288,False,5
65,0.10951888983870822,10263765.617359266,0.08287823649696849,False,5
66,0.109122202521238,10260783.234843237,0.08284395877856733,False,5
67,0.10872768870426246,10257802.016591733,0.08281161809734913,False,5
68,0.10833532987648739,10254821.816929456,0.08278332395214613,False,5
69,0.10794511138657395,10251842.694460187,0.08275340192412296,False,5
70,0.1075570150073869,10248864.500315487,0.08272761513056712,False,5
71,0.10717074277048975,10745871.285276258,0.0831448622008309,False,5
72,0.10678657153130222,10742879.367051011,0.08310883959022942,False,5
73,0.10640449154922609,10739889.060053356,0.0830640832681641,False,5
74,0.10602447674551443,10736899.74037966,0.08303665760272545,False,5
75,0.10564651037808762,10733911.301190361,0.08301219970274633,False,5
76,0.10527058475746917,10730924.15043582,0.0829764098483762,False,5
77,0.1048924156215293,10727689.415128188,0.08294193096490694,False,5
78,0.10451630408165949,10724455.996260328,0.0829081760989426,False,5
79,0.10414223714688553,10721224.008784292,0.08287147374452344,False,5
80,0.10377360492987969,10718195.158810202,0.08284034117170425,False,5
81,0.10341033761600772,10715369.387028337,0.08280649910228802,False,5
82,0.10305236799451223,10712746.704990972,0.08276708599183247,False,5
83,0.10269962108871215,10710326.5748581,0.08273949172209309,False,5
84,0.10234848717552086,11207894.591605753,0.08314472657596583,False,5
85,0.1019991654153302,11205463.430302788,0.08311662574241507,False,5
86,0.10165164656210665,11203033.288164632,0.08308178250107255,False,5
87,0.10130591147298475,11200603.752038242,0.08306106415010375,False,5
88,0.10096195056179309,11198174.98366138,0.08303481630305017,False,5
89,0.10061975337297605,11195747.087663634,0.08300499137589452,False,5
90,0.10027930886944803,11193320.128071658,0.082972977503473,False,5
91,0.11340845993182477,11190893.84534278,0.08294983688469561,False,5
92,0.11300112669147795,11188463.449642127,0.0830904513043201,False,5
93,0.1125960032444805,11186034.002054926,0.08305803716929655,False,5
94,0.11219307254793202,11183605.44711968,0.08302751915379382,False,5
95,0.11179231727842265,11181177.705659857,0.08299970802807828,False,5
96,0.1113937206478417,11178750.717710815,0.08297394697577289,False,5
97,0.11099726898846878,11176324.58159885,0.08294482434074181,False,5
98,0.11060294766602739,11173899.338226395,0.08291430333176414,False,5
99,0.11021074554742659,11171475.211427918,0.08287612986250185,False,5
100,0.1098206448310361,11169052.059470912,0.08284280194887433,False,5
0,0.1,5000000.0,0.1047,False,6
1,0.10247664216246033,5583333.333333333,0.08305248267839295,False,6
2,0.10228425437088347,5625000.0,0.08304611554625274,False,6
3,0.10205348602121915,5666666.666666667,0.08296755455201804,False,6
4,0.10177977716368952,5707090.1772011025,0.08287707548209981,False,6
5,0.10147215860812167,5746272.919346985,0.08279748402615959,False,6
6,0.101135428122796,6284183.573015911,0.0834669555053643,False,6
7,0.100773381330712,6320849.815160431,0.08334040870244182,False,6
8,0.10040841863955907,6357524.834228837,0.08319412663766865,False,6
9,0.10004183520054145,6394208.7346090805,0.08304610477371263,False,6
10,0.10507952047445175,6430900.224333885,0.08291961569771215,False,6
11,0.10468177453912847,6467592.990865132,0.08289833559033265,False,6
12,0.1042845268757836,6504292.911844041,0.08277909479595907,False,6
13,0.10388745184301079,7040956.971780708,0.08337677883333106,False,6
14,0.10349159001101774,7077627.995350675,0.08326071827834544,False,6
15,0.10309718624573704,7114306.452754133,0.08313682105347671,False,6
16,0.1027044126833639,7150991.718897515,0.08302334205476589,False,6
17,0.10231342806348608,7187684.896461558,0.0828914850437308,False,6
18,0.10192432555388536,7224385.1342039285,0.08277381540494347,False,6
19,0.10153655669210049,7761053.893831253,0.08329845065571004,False,6
20,0.10114272114924878,7797231.354367836,0.08316978984975339,False,6
21,0.10075105391977744,7833415.817926687,0.08306368345176116,False,6
22,0.10036157953335251,7869606.898581904,0.0829634244159046,False,6
23,0.11043960861570898,7906318.2888821345,0.08284683580248911,False,6
24,0.11001136129079168,7943537.489410528,0.08293643148293821,False,6
25,0.10959498898053298,7981274.885899539,0.08283046487812673,False,6
26,0.10919030397385897,8019528.805361557,0.08273326556726507,False,6
27,0.10878742807361894,8557762.812677981,0.08321598424832091,False,6
28,0.10838679845553821,8596000.927776504,0.08311640165197777,False,6
29,0.1079884107905733,8634243.236734571,0.08301473232967169,False,6
30,0.10759222454419075,8672487.922031047,0.08295712412580086,False,6
31,0.10719823523169356,8710735.258089516,0.08289286322899442,False,6
32,0.10680642467308063,8748984.826049486,0.08283875652595692,False,6
33,0.10641678688701343,8787236.953682225,0.08277670385282149,False,6
34,0.10602929978436759,8825491.0987362,0.0827277966713497,False,6
35,0.10564357410938784,9363725.572180051,0.08320468418948047,False,6
36,0.1052599653630292,9401961.413497468,0.08317152361816159,False,6
37,0.10487846416114288,9440198.877331706,0.08313218987702424,False,6
38,0.10449905288470346,9478437.755440552,0.08309790443196474,False,6
39,0.10412172132750831,9516678.281525932,0.08305795348575483,False,6
40,0.1037464534675606,9554920.35592527,0.0830204186019099,False,6
41,0.10337323493073768,9593163.97820326,0.08298289427095118,False,6
42,0.10300204923083014,9631409.022398233,0.0829484235561547,False,6
43,0.1026328852546103,9669655.682536779,0.08290924916656495,False,6
44,0.10226520843095076,9707872.464188358,0.08287438391115677,False,6
45,0.10189494359120448,9745811.675175456,0.0828323484348502,False,6
46,0.10152671095835442,9783752.406513756,0.08279856285261013,False,6
47,0.10114838665842409,9820949.44625853,0.08277086892390209,False,6
48,0.1007752105510725,9816667.779582065,0.08273752031816048,False,6
49,0.10040673355455021,10312550.226278774,0.08318289501596943,False,6
50,0.10004328922630053,10308621.309298044,0.08315168213184694,False,6
51,0.1147781775607173,10305629.376096021,0.08310925561177433,False,6
52,0.11435226506088948,10302630.544571748,0.08330087567424116,False,6
53,0.11392874697587276,10299633.112126527,0.0832620123672141,False,6
54,0.11350760337678854,10296636.974856423,0.08322603528066627,False,6
55,0.11308881644941537,10293642.128390051,0.08319017962144784,False,6
56,0.11267236536862195,10290648.402331142,0.08315905719197149,False,6
57,0.11225822938901839,10287655.618387114,0.08313288733408648,False,6
58,0.11184640065536586,10284664.26840852,0.08309305496096737,False,6
59,0.11143685981012698,10281674.234585486,0.08305649508431223,False,6
60,0.11102959033580508,10278685.54015484,0.08301928974015796,False,6
61,0.11062457227625173,10275698.015481638,0.08298679647787532,False,6
62,0.11022178272406179,10272711.319197627,0.08296378566698519,False,6
63,0.10982120691129263,10269725.537080942,0.08293839213011411,False,6
64,0.10942283535627934,10266741.037857741,0.0829027562000171,False,6
65,0.10902664780085806,10263757.59741754,0.08287334556109419,False,6
66,0.10863263010307497,10260775.316857927,0.08284112665591783,False,6
67,0.10824076541445521,10257794.140897442,0.08281044334679337,False,6
68,0.10785103870776797,10254814.106813004,0.08277872456771328,False,6
69,0.10746343282778975,10251835.125061112,0.08274949310813844,False,6
70,0.10707793642019828,10248857.424020262,0.08271391780135913,False,6
71,0.10669423896715745,10745864.23051464,0.0831442640450573,False,6
72,0.10631261942312631,10742872.07635373,0.08311539335855911,False,6
73,0.10593306715431394,10739881.212951029,0.08307953896397112,False,6
74,0.10555556560734439,10736891.547494764,0.08304626267409504,False,6
75,0.10518009583625135,10733902.838455878,0.08301969552461042,False,6
76,0.10480664546171797,10730915.214617377,0.08298955106945313,False,6
77,0.10443095872579003,10727679.812256511,0.08295903489400377,False,6
78,0.10405731536077871,10724445.94192943,0.08291975197639274,False,6
79,0.10368569797102442,10721213.45200384,0.08288435706639474,False,6
80,0.10331947464393786,10718184.055510378,0.08285528871006104,False,6
81,0.1029585750094488,10715357.62104828,0.08282591830323062,False,6
82,0.10260292700164014,10712733.828864386,0.08280212020177909,False,6
83,0.10225246559554507,10710312.697062867,0.08277373680411422,False,6
84,0.10190380903739439,10707892.25969687,0.08274999541871585,False,6
85,0.10155694747167257,10705472.672077214,0.08272094426171857,False,6
86,0.10121166104590318,11203041.171000373,0.08312824194333683,False,6
87,0.10086814829243537,11200610.58859901,0.08309683423469115,False,6
88,0.10052639825881116,11198180.999559734,0.0830628731376344,False,6
89,0.10018639841540855,11195752.375103483,0.08302989594011506,False,6
90,0.11323821668520524,11193324.61397045,0.08300038061651412,False,6
91,0.1128317602813479,11190892.30137355,0.08315598621879074,False,6
92,0.1124275089257713,11188461.012422912,0.08312098976536825,False,6
93,0.11202544212818524,11186030.507754093,0.0830941767117296,False,6
94,0.1116255458965653,11183600.880281238,0.08306418710619247,False,6
95,0.11122780284423366,11181172.036110198,0.08303740755690119,False,6
96,0.11083219545440753,11178743.86480679,0.08301440353535351,False,6
97,0.11043871488264237,11176316.71408652,0.08297951180410615,False,6
98,0.11004734195037494,11173890.371032609,0.08295189927901271,False,6
99,0.10965806181870108,11171464.847425524,0.08292388400289559,False,6
100,0.10927085564531296,11169039.928419165,0.08290321389265524,False,6
0,0.1,5000000.0,0.1047,False,7
1,0.10247626414665378,5583333.333333333,0.08305292357955345,False,7
2,0.10228387741857059,5625000.0,0.08304440252998699,False,7
3,0.10205311034324432,5666666.666666667,0.08295466602153254,False,7
4,0.101779407652177,5707090.461088921,0.08285814962748964,False,7
5,0.10147179467968452,5746273.442676985,0.08278950262010036,False,7
6,0.10113506672072987,6284184.140492255,0.08346597447550157,False,7
7,0.10077304224173232,6320851.643394654,0.08331939607114151,False,7
8,0.1004080973282016,6357527.654062276,0.08317759998407617,False,7
9,0.10004151842954838,6394211.728569691,0.083043202654206,False,7
10,0.10509905949458698,6430904.377018126,0.08290030363720623,False,7
11,0.10470121467362305,6467597.838829018,0.08288674759622368,False,7
12,0.10430387340232133,6504298.752702846,0.0827625465473263,False,7
13,0.1039067064130353,7040963.899287185,0.08335866803880394,False,7
14,0.10351077135956445,7077637.103139474,0.08322438023961143,False,7
15,0.10311628893000291,7114317.403814088,0.08310609986756708,False,7
16,0.10272343702629169,7151004.514113647,0.082992606118451,False,7
17,0.10233236697295266,7187699.085602601,0.0828682529618768,False,7
18,0.10194318159307725,7224400.844887808,0.0827484563576611,False,7
19,0.10155532175875914,7761070.612783147,0.08328164618880597,False,7
20,0.10116138592870755,7797248.61082083,0.0831616458936956,False,7
21,0.10076961956167858,7833433.639147819,0.08305512635875717,False,7
22,0.10038004447203008,7869625.142998121,0.08295701236917469,False,7
23,0.1000008773649567,7906336.2261227565,0.08285197144461241,False,7
24,0.11058196647741302,7943565.575841986,0.08274716918298784,False,7
25,0.11016234450132616,7981302.401718488,0.0828424936002759,False,7
26,0.10975450946951261,8019555.896741668,0.08274355499359753,False,7
27,0.10934850430231853,8557789.52443684,0.08322518718775603,False,7
28,0.10894476978592664,8596027.322005803,0.08312409933825922,False,7
29,0.10854330035748473,8634269.314919654,0.08302239400764727,False,7
30,0.10814406170752608,8672514.054417359,0.08295581015662021,False,7
31,0.10774703472726371,8710761.009098785,0.08290210873307473,False,7
32,0.10735221843335803,8749010.733370995,0.0828349671383341,False,7
33,0.10695958624040175,8787262.405055122,0.0827877571524809,False,7
34,0.10656913658492578,8825516.654133845,0.08272527485922236,False,7
35,0.10618046033364908,9363750.837980796,0.08321170472041174,False,7
36,0.10579392520480377,9401986.54044728,0.08317488970135674,False,7
37,0.10540952296657372,9440224.094041338,0.08313001388140172,False,7
38,0.1050272345540252,9478463.222509481,0.08309183511574714,False,7
39,0.10464704404027377,9516703.83663887,0.08305581908548094,False,7
40,0.10426893708039699,9554945.944332486,0.08301961146784137,False,7
41,0.10389289606925624,9593189.364116494,0.08298780321598509,False,7
42,0.10351891260875618,9631434.45881674,0.0829471991859503,False,7
43,0.10314697021679763,9669681.11514054,0.08290934164522012,False,7
44,0.10277652567368033,9707897.563593036,0.08288238813989117,False,7
45,0.10240346904916213,9745835.854145465,0.08285280253860203,False,7
46,0.10203246620703167,9783775.73488059,0.08281746514535548,False,7
47,0.10165130409038911,9820972.079616763,0.08278373945357453,False,7
48,0.10127533835281123,9816689.98832838,0.08274572537934069,False,7
49,0.10090411460021939,10312572.176225236,0.08318812329583955,False,7
50,0.10053797881474605,10308643.798417227,0.08314027106895507,False,7
51,0.10018883473280481,10305652.146397755,0.083101444985398,False,7
52,0.11500328454954822,10302661.960609738,0.08306071633380194,False,7
53,0.11457616158508985,10299665.139686022,0.08324502565876422,False,7
54,0.11415143954657507,10296669.593390942,0.08320961930779433,False,7
55,0.11372910553203033,10293675.583568422,0.08316693951441882,False,7
56,0.11330913957125102,10290683.002584659,0.08312724954903782,False,7
57,0.11289152146963317,10287691.720248258,0.08309117601114789,False,7
58,0.11247623453596392,10284701.77894861,0.08305392499023874,False,7
59,0.1120632592697895,10281713.065319816,0.08301982302212885,False,7
60,0.11165258116587001,10278725.720206704,0.08298180869755328,False,7
61,0.11124418244560844,10275739.704496207,0.08294488084714341,False,7
62,0.11083804402230152,10272754.89963584,0.08291124612129541,False,7
63,0.11043414753304223,10269771.215177113,0.08288012385353642,False,7
64,0.1100324757772842,10266788.61346415,0.08285004758230453,False,7
65,0.10963301330526029,10263807.143292183,0.08281861588803448,False,7
66,0.10923574484715638,10260826.856207164,0.08278575236166098,False,7
67,0.1088406502499972,10257847.527424833,0.08275913284252906,False,7
68,0.10844771946207123,10254869.47922585,0.08272356108282387,False,7
69,0.10805663997324,10751876.17109008,0.0831474482158562,False,7
70,0.10766768520033097,10748883.537583848,0.08312870850644896,False,7
71,0.10728084897559313,10745892.09828565,0.08309553606106025,False,7
72,0.10689611749413354,10742901.94341678,0.08305985746866391,False,7
73,0.10651347424550325,10739913.003067795,0.08302612080511311,False,7
74,0.1061329051842519,10736925.33906666,0.0829906666982119,False,7
75,0.10575440011857107,10733939.22859114,0.0829475132088441,False,7
76,0.10537793632531989,10730954.221491212,0.08291686388690073,False,7
77,0.10499923144392621,10727721.933846047,0.08287917038886015,False,7
78,0.10462258344053199,10724490.702698601,0.08285208070372911,False,7
79,0.10424797889417534,10721260.615254855,0.08282275496787365,False,7
80,0.1038788192618527,10718233.739739615,0.08278633887832831,False,7
81,0.10351503172069612,10715409.84746134,0.08275142207399866,False,7
82,0.10315654280790298,10712788.582832482,0.08272235515134119,False,7
83,0.10280307197458306,11210357.059053045,0.08312901810034876,False,7
84,0.10245143197673656,11207926.517361926,0.08309544243141385,False,7
85,0.10210161079654927,11205496.99625272,0.08306055074212751,False,7
86,0.10175359295010214,11203068.31687584,0.08303177356855,False,7
87,0.10140736836670422,11200640.622039123,0.08299811407581152,False,7
88,0.10106292327363485,11198213.82272546,0.08296749790301607,False,7
89,0.10072024146294276,11195787.67066914,0.08294536944683822,False,7
90,0.10037931130059227,11193362.190846547,0.08292238709712839,False,7
91,0.10004012594525441,11190937.702280635,0.08288849797991049,False,7
92,0.11324623936187152,11188513.997880353,0.08286168889850763,False,7
93,0.1128398279330772,11186086.073837677,0.08300595017691906,False,7
94,0.11243561667022249,11183658.95036012,0.08297858042927712,False,7
95,0.11203358810228102,11181232.543572394,0.08295407821284995,False,7
96,0.11163372686996068,11178806.87232402,0.08292893156838384,False,7
97,0.11123601398728451,11176381.754717045,0.08291000365724424,False,7
98,0.11084044137459836,11173957.582804037,0.08287767223956526,False,7
99,0.110446991057819,11171534.215719398,0.0828501567397198,False,7
100,0.11005564775085927,11169111.647931002,0.08282283037249015,False,7
0,0.1,5000000.0,0.1047,False,8
1,0.10247231676271575,5583333.333333333,0.08305753006512,False,8
2,0.10227994113991871,5625000.0,0.0830418925003117,False,8
3,0.10204918737157277,5666666.666666667,0.08296328210709604,False,8
4,0.10177549158537649,5707089.921035546,0.08289415318584686,False,8
5,0.10146789058253318,5746272.5497726565,0.08280126431852043,False,8
6,0.10113116853502886,6284182.416936848,0.08348443338832995,False,8
7,0.10076913863157735,6320848.290758024,0.08334654742484014,False,8
8,0.10040419610945926,6357523.132717252,0.08319707845731457,False,8
9,0.10003761096914143,6394205.4820458675,0.08307195563418264,False,8
10,0.10504204802990398,6430895.047683128,0.08295168382342491,False,8
11,0.10464446581170063,6467584.965191833,0.0829458192993768,False,8
12,0.10424739703744555,6504282.936151968,0.08281159510884827,False,8
13,0.10385050898371231,7040945.531485157,0.08340118889129844,False,8
14,0.10345484641981659,7077615.867107289,0.08327218407557763,False,8
15,0.10306063671132205,7114293.387266355,0.08315244179335775,False,8
16,0.10266807623291645,7150978.926481713,0.08301879085516178,False,8
17,0.10227731157737986,7187672.878071933,0.08287858460744477,False,8
18,0.10188842962627735,7224374.019462734,0.08275875459775835,False,8
19,0.1015008711597772,7761043.13797573,0.08329246922785041,False,8
20,0.10110724142523396,7797220.506687162,0.0831711811399094,False,8
21,0.10071578336127676,7833405.180708241,0.0830604946301335,False,8
22,0.10032652750118905,7869597.153846226,0.08294990194972503,False,8
23,0.11039945718332381,7906308.58555674,0.08284614346754343,False,8
24,0.10997144823462057,7943528.06848783,0.08293116523219518,False,8
25,0.1095553053800084,7981265.640290981,0.0828267691913554,False,8
26,0.10915084581600654,8019519.887921479,0.08272530996775365,False,8
27,0.10874819238769391,8557754.139477609,0.08321006328573101,False,8
28,0.1083477927530362,8595993.008184098,0.08309813236794301,False,8
29,0.10794963052276871,8634235.914889041,0.08300024149630554,False,8
30,0.10755367296675847,8672481.475886827,0.08293589500316176,False,8
31,0.1071599112668358,8710729.725091962,0.08287072634017895,False,8
32,0.10676833454153953,8748980.657463672,0.08280567987776877,False,8
33,0.10637891952069838,8787233.621071327,0.0827564377941879,False,8
34,0.10599127697866212,9325466.999403467,0.08323123235215281,False,8
35,0.1056057851108068,9363703.009528553,0.08316743131106491,False,8
36,0.10522241320555482,9401940.668004634,0.08312747128690445,False,8
37,0.10484114444803275,9440179.799896436,0.08309175211794796,False,8
38,0.10446197067012569,9478420.747636404,0.0830477315563066,False,8
39,0.1040848698504044,9516663.054027803,0.08301479455193558,False,8
40,0.1037098309737416,9554906.910430769,0.08297721851394164,False,8
41,0.10333683260334453,9593151.894516395,0.08294988075243627,False,8
42,0.10296586262301585,9631398.134322613,0.0829194390411772,False,8
43,0.10259690715949413,9669645.65407496,0.08288841004413447,False,8
44,0.10222944463497494,9707863.723514764,0.08284344819726834,False,8
45,0.10185939244276904,9745804.074324004,0.08280701905389178,False,8
46,0.10149136841161563,9783745.796692973,0.0827765399488522,False,8
47,0.10111326256382118,9820944.142792588,0.08274667716757693,False,8
48,0.10074029936232243,9816663.6420984,0.08271498925966446,False,8
49,0.10037203144378773,10312547.20336808,0.08316037839029122,False,8
50,0.10000880320120067,10308620.036750238,0.08311463741465273,False,8
51,0.11478387350117233,10305629.158234458,0.08307995877170182,False,8
52,0.1143579496296005,10302631.366673807,0.08327198779585526,False,8
53,0.11393441961383832,10299634.944841001,0.0832339398001678,False,8
54,0.1135132635389323,10296639.789053889,0.083198771864236,False,8
55,0.1130944660821076,10293646.024156889,0.08316013602777278,False,8
56,0.1126780152129619,10290653.941853343,0.08311339732070679,False,8
57,0.1122638875186993,10287663.232769156,0.08307525233853255,False,8
58,0.11185205915112625,10284673.549209453,0.0830467655472972,False,8
59,0.11144251953734835,10281685.234040404,0.08300875469584912,False,8
60,0.1110352507424174,10278698.23540828,0.08297218422567608,False,8
61,0.11063022817309053,10275712.133677956,0.08294727028675768,False,8
62,0.11022744493948762,10272727.449616311,0.08290789060128222,False,8
63,0.1098268819257721,10269744.042071065,0.08287243181242576,False,8
64,0.10942852324832708,10266761.935347434,0.0828362978786023,False,8
65,0.10903234928511224,10263780.940461585,0.082805413495796,False,8
66,0.10863834825743976,10260801.289888764,0.08276807146721775,False,8
67,0.10824650189668829,10257822.852219284,0.08273437970778436,False,8
68,0.10785650262106522,10754829.311349,0.08315391306338438,False,8
69,0.10746862477027003,10751836.697434012,0.08312816430523522,False,8
70,0.10708285997813144,10748845.407375468,0.08309139051506946,False,8
71,0.10669918615869221,10745855.059231123,0.08306522623178707,False,8
72,0.10631759762211204,10742866.191453513,0.08302410493363391,False,8
73,0.10593807065162357,10739878.31096619,0.08299668020341072,False,8
74,0.10556060169869995,10736892.070672723,0.08295111926299484,False,8
75,0.10518516963099366,10733907.109012526,0.08291560167210993,False,8
76,0.10481175728586214,10730923.280486975,0.08288412570971528,False,8
77,0.10443610669918228,10727691.610777667,0.08286332587970219,False,8
78,0.1040624909733864,10724460.999649007,0.08283618278615693,False,8
79,0.10369089583398979,10721231.472614186,0.0828083855082363,False,8
80,0.10332469273132747,10718204.922890672,0.0827774283354412,False,8
81,0.10296381140006629,10715381.22318313,0.08274577897560087,False,8
82,0.10260818194624861,10712760.182560174,0.08271528593154813,False,8
83,0.10225752317727603,11210328.727977322,0.08312665240517245,False,8
84,0.10190867327270745,11207898.094968643,0.08309856439929761,False,8
85,0.10156161740112263,11205468.137537599,0.083075467728096,False,8
86,0.10121634968247217,11203039.250606064,0.08303886945412044,False,8
87,0.10087285498461958,11200611.25877456,0.0830082677437531,False,8
88,0.10053112564915803,11198184.440826237,0.08296813498536561,False,8
89,0.10019114429051588,11195758.467333231,0.08293926471815634,False,8
90,0.11340714702753774,11193333.29959745,0.0829117174626104,False,8
91,0.11299983616754776,11190903.812593738,0.08305938474230236,False,8
92,0.11259473485666857,11188475.272197582,0.08302702209082126,False,8
93,0.11219182646677851,11186047.644664828,0.08299581308562952,False,8
94,0.11179109665923795,11183621.009182505,0.08296189683152,False,8
95,0.11139252662267471,11181195.2007628,0.08293362118642626,False,8
96,0.11099610078630741,11178770.216854569,0.08290543276005395,False,8
97,0.11060180341073553,11176346.03827058,0.08287790030737298,False,8
98,0.11020961702792766,11173922.5443777,0.08285449206420385,False,8
99,0.10981953270121292,11171500.068840628,0.0828196764810866,False,8
100,0.10943153214514552,11169078.43360247,0.08279094831311844,False,8
0,0.1,5000000.0,0.1047,False,9
1,0.1024820087949831,5583333.333333333,0.08304622765281945,False,9
2,0.10228960590493837,5625000.0,0.0830297086467194,False,9
3,0.10205881946343992,5666666.666666667,0.08293533028443062,False,9
4,0.10178509191660322,5707090.34437262,0.08286593071425512,False,9
5,0.10147745565923565,5746273.476163105,0.08278449587271966,False,9
6,0.10114070163136872,6284184.301517948,0.08346314026277353,False,9
7,0.10077864399582138,6320851.622385391,0.08332242998705461,False,9
8,0.10041365565087694,6357526.821584483,0.08319112445959295,False,9
9,0.10004703126344379,6394209.952035022,0.08305893693544968,False,9
10,0.10509551891096067,6430902.042403711,0.08290960496629955,False,9
11,0.104697670591079,6467594.126657867,0.08290970687517099,False,9
12,0.1043003243784038,6504293.566165939,0.082787119309918,False,9
13,0.10390314527482204,7040956.800280276,0.08339054253884283,False,9
14,0.10350720070041684,7077628.229865047,0.0832539513649164,False,9
15,0.10311271304348317,7114306.999343777,0.08313161979896129,False,9
16,0.10271986379878383,7150993.042456604,0.08301039256401539,False,9
17,0.10232878211038479,7187685.67800483,0.08290051864066753,False,9
18,0.10193957319425663,7224384.763607927,0.08279301772617571,False,9
19,0.10155168300079068,7761051.416400963,0.08333356456049938,False,9
20,0.10115770942645498,7797225.791136184,0.08321654441586268,False,9
21,0.10076591989727157,7833408.066032361,0.08309684500740062,False,9
22,0.10037634134276621,7869598.020470609,0.08298048830938604,False,9
23,0.11043554348840383,7906308.440560896,0.08286305665839978,False,9
24,0.11000731253440998,7943527.24799673,0.08294376188032875,False,9
25,0.10959096446608504,7981264.714565536,0.0828289875701814,False,9
26,0.10918630954628235,8019519.063274358,0.08272285958411241,False,9
27,0.10878346496010291,8557753.580079643,0.08320363300322169,False,9
28,0.10838286930215398,8595992.366221637,0.08310013393149658,False,9
29,0.10798450754503337,8634234.91345976,0.08300895584346492,False,9
30,0.1075883449186186,8672479.720244702,0.08295417895088417,False,9
31,0.1071943689137272,8710726.606317941,0.08290377196185283,False,9
32,0.10680257993934658,8748976.197676048,0.08283818929840522,False,9
33,0.10641296156605994,8787228.234007876,0.08277891720816437,False,9
34,0.10602550143957588,8825482.729334699,0.08271930520832832,False,9
35,0.10563980854482437,9363717.899217404,0.08318780082331069,False,9
36,0.10525623513214934,9401954.60139928,0.08315065417673254,False,9
37,0.10487476764380563,9440192.849777237,0.0831131706353613,False,9
38,0.10449539036476686,9478432.546267515,0.08307806488215384,False,9
39,0.10411809125620898,9516673.816968868,0.08303990218937643,False,9
40,0.10374285335941849,9554916.505335817,0.08300553453854834,False,9
41,0.103369665409682,9593160.7938787,0.08296674239475851,False,9
42,0.10299851189510716,9631406.615686981,0.0829295723245048,False,9
43,0.10262937460180915,9669653.73885631,0.08289802417786014,False,9
44,0.10226172095611505,9707870.783022283,0.08286807769557347,False,9
45,0.1018914740956543,9745809.936931524,0.08283361683161854,False,9
46,0.1015232610708763,9783750.718700321,0.08279744217485034,False,9
47,0.10114495798616639,9820947.878857942,0.08276863905634634,False,9
48,0.1007717970676285,9816665.97934806,0.08274201951461178,False,9
49,0.10040333364987063,10312548.107436566,0.0831893315453353,False,9
50,0.1000399044931899,10308618.986117693,0.08315600674862292,False,9
51,0.11475834949340272,10305626.71061931,0.08311876384401541,False,9
52,0.11433254211970174,10302627.618711961,0.0833081085374624,False,9
53,0.11390912370904527,10299629.684556596,0.08327594876014276,False,9
54,0.11348807960264128,10296633.072775854,0.08323921613173084,False,9
55,0.11306939368917371,10293637.867807712,0.08320013800387671,False,9
56,0.11265303931827131,10290643.595741432,0.08317422406331212,False,9
57,0.11223900149393432,10287650.377540702,0.08314495002027682,False,9
58,0.11182726963202264,10284658.562216867,0.08310598121762627,False,9
59,0.11141782186990182,10281667.897699345,0.08307401437561616,False,9
60,0.11101064223535367,10278678.433362233,0.08304067603089033,False,9
61,0.11060571380748671,10275690.160316987,0.0830075845901224,False,9
62,0.11020301955776682,10272703.055382263,0.08297513707563464,False,9
63,0.10980254794345572,10269717.38518275,0.0829352833197685,False,9
64,0.10940427758739864,10266732.87581528,0.08290303798520797,False,9
65,0.10900819491394155,10263749.668395992,0.08286687275798268,False,9
66,0.10861428237697805,10260767.679334315,0.08283302949104296,False,9
67,0.10822252482834786,10257786.948462315,0.08279807977776635,False,9
68,0.10783291113208844,10254807.732772872,0.08275599137347915,False,9
69,0.1074454170636991,10251829.550875267,0.08272727493341629,False,9
70,0.10705973601837768,10748835.940099522,0.08315585488183129,False,9
71,0.10667614980531069,10745843.516629918,0.08312287415569689,False,9
72,0.10629464912779851,10742852.616770534,0.08308055164952854,False,9
73,0.10591521987746587,10739863.299751898,0.08303658385100793,False,9
74,0.10553783852639234,10736875.074105103,0.08300626796657777,False,9
75,0.10516249423889464,10733888.166926708,0.08296964384434453,False,9
76,0.10478916948503171,10730902.411640262,0.08293764684574771,False,9
77,0.10441361092579901,10727669.025004035,0.08290734964683948,False,9
78,0.10404008854334997,10724436.807599625,0.08287736934388612,False,9
79,0.10366858959508962,10721205.877352359,0.08284436531449225,False,9
80,0.10330248783088676,10718178.332712632,0.08280463971904248,False,9
81,0.10294170767911175,10715353.733166868,0.08277214786125099,False,9
82,0.10258617668591206,10712731.733370956,0.0827455556895801,False,9
83,0.10223582709102705,10710312.183245087,0.08271966242287311,False,9
84,0.10188707486558982,11207880.746012628,0.08312605922941396,False,9
85,0.1015401232522726,11205450.425182367,0.0830878916328631,False,9
86,0.10119495306568815,11203020.803758835,0.08306398029164883,False,9
87,0.1008515592161047,11200592.321169855,0.08302504577710264,False,9
88,0.10050992603275118,11198164.761753943,0.08299348430471111,False,9
89,0.10017004026167858,11195738.049878577,0.08296450855952604,False,9
90,0.11332825708210911,11193312.03646094,0.08294062966283831,False,9
91,0.11292135568067024,11190881.771077033,0.08308599603092126,False,9
92,0.1125166605579704,11188452.43281068,0.08305429970438803,False,9
93,0.11211415570906683,11186024.01908077,0.0830226916209143,False,9
94,0.11171382490942602,11183596.507958857,0.0829918332277282,False,9
95,0.11131564933897259,11181169.731030645,0.08296673258847868,False,9
96,0.11091961357619674,11178743.69092249,0.08294154215919507,False,9
97,0.11052570902290412,11176318.750621289,0.08290394192139346,False,9
98,0.1101339194367235,11173894.85921358,0.08286808231481625,False,9
99,0.10974422509182119,11171471.767453097,0.08284074394816363,False,9
100,0.10935661365780051,11169049.618389813,0.08280851498403327,False,9
0,0.1,5000000.0,0.1047,False,10
1,0.10248819114197952,5583333.333333333,0.08303903201007301,False,10
2,0.10229577085804957,5625000.0,0.08303489661911077,False,10
3,0.1020649635742212,5666666.666666667,0.08294904796119174,False,10
4,0.10179120918524232,5707090.213187456,0.08287467639188394,False,10
5,0.10148354071457462,5746273.068576106,0.08279370926724684,False,10
6,0.10114675214595573,6284183.629912873,0.08346900733108811,False,10
7,0.10078466972317544,6320851.424477361,0.08331453503629356,False,10
8,0.10041966957249569,6357527.92272056,0.08316947372447948,False,10
9,0.10005303162075616,6394212.261953087,0.08303879056898969,False,10
10,0.1051134788262151,6430905.014239784,0.08289857299948945,False,10
11,0.10471554033097673,6467597.779980834,0.08289834876028346,False,10
12,0.10431811884700652,6504298.76554969,0.08276135163016925,False,10
13,0.1039208769326871,7040964.285842668,0.083352439561477,False,10
14,0.10352486663446947,7077637.824547291,0.08321879936741702,False,10
15,0.10313032319273423,7114319.287705207,0.08308672514584348,False,10
16,0.10273741526250404,7151007.844382044,0.08296849983050292,False,10
17,0.10234627654024965,7187703.083352075,0.0828571282772757,False,10
18,0.10195701454163568,7224405.001832363,0.08274580310630848,False,10
19,0.1015690720687788,7761074.536910972,0.08328552646765582,False,10
20,0.10117503590606385,7797251.277482523,0.08318069841085265,False,10
21,0.10078318290729317,7833435.8446119595,0.08306211420044558,False,10
22,0.10039354229900677,7869628.158779349,0.08294473483753569,False,10
23,0.10001431478976765,7906340.241207553,0.08283526417491306,False,10
24,0.11061254182597635,7943570.17464273,0.08273628403711972,False,10
25,0.11019275544128115,7981307.508541906,0.08283178429491397,False,10
26,0.1097847664241598,8019561.801619131,0.08272420822889619,False,10
27,0.10937861364743985,8557796.52678848,0.08319858175317775,False,10
28,0.10897473319638845,8596035.457655532,0.08309662544518243,False,10
29,0.10857312351087242,8634278.842044527,0.08298866127688484,False,10
30,0.10817373936729917,8672524.629050938,0.08293041600614733,False,10
31,0.10777657174721257,8710772.84668686,0.08287149165440495,False,10
32,0.10738160567064328,8749023.265565468,0.0828181281953318,False,10
33,0.1069888256420605,8787275.6822215,0.0827696972274938,False,10
34,0.1065982227421823,8825530.30922769,0.08271611298128333,False,10
35,0.10620940087659926,9363765.253432343,0.08319327180635136,False,10
36,0.10582272197051575,9402001.76334296,0.0831553152981719,False,10
37,0.10543817622985964,9440240.082247254,0.08311146090596189,False,10
38,0.10505574448894708,9478479.927941348,0.08307444781992337,False,10
39,0.10467541452268628,9516721.427366557,0.08303435736866469,False,10
40,0.10429716780602244,9554964.345964009,0.08299995319303102,False,10
41,0.10392099199537608,9593208.812558295,0.08296242599710835,False,10
42,0.10354686882298533,9631454.60770479,0.08293021867085539,False,10
43,0.10317478947261183,9669702.07096882,0.08288977945787049,False,10
44,0.10280421666063339,9707919.804468991,0.08285151826051397,False,10
45,0.10243102872204185,9745859.25751306,0.08282696939105764,False,10
46,0.10205990263836855,9783800.73680687,0.08278194161898977,False,10
47,0.10167861623695483,9820998.867236473,0.0827506710567303,False,10
48,0.1013021231563525,10316693.68519742,0.08319192345995095,False,10
49,0.10093078554428031,10312577.923331091,0.0831467043702889,False,10
50,0.10056452780865949,10308650.974319914,0.08311003198260612,False,10
51,0.10021526609841071,10305660.600595115,0.08306593680001391,False,10
52,0.11507582846595746,10302671.266397072,0.08303706105675536,False,10
53,0.11464831358601665,10299675.042945981,0.0832284291969926,False,10
54,0.1142232099771315,10296680.476832632,0.08318239203747349,False,10
55,0.11380049218126372,10293687.18979377,0.08314686219060968,False,10
56,0.11338014265692663,10290695.197294122,0.08311090276798172,False,10
57,0.11296214636868734,10287704.6374545,0.08307110665614317,False,10
58,0.11254647801954579,10284715.104880052,0.08304257151245292,False,10
59,0.11213312692575034,10281726.947384365,0.08300437488019674,False,10
60,0.11172207532244605,10278740.136639696,0.08296696512967106,False,10
61,0.11131330241644997,10275754.473812457,0.08293507853442797,False,10
62,0.11090678783243882,10272769.769709637,0.08290844730056866,False,10
63,0.11050251854977347,10269786.21914518,0.08287640456828851,False,10
64,0.11010047945472787,10266803.89952345,0.08284221171476436,False,10
65,0.10970064938265875,10263822.551922608,0.08281521113448471,False,10
66,0.10930300826042794,10260841.963344626,0.0827941271662053,False,10
67,0.10890755530059237,10257862.970595412,0.08274979858923287,False,10
68,0.10851426153969977,10254884.859805364,0.0827252997235232,False,10
69,0.108122821426337,10751891.488022717,0.08314921618465569,False,10
70,0.10773351939172152,10748899.393027905,0.08311374985590217,False,10
71,0.10734633685951148,10745908.40639073,0.08308296214372853,False,10
72,0.10696125680852497,10742918.436049772,0.0830547316932664,False,10
73,0.10657826387542127,10739929.47436933,0.08302671334564896,False,10
74,0.10619734727033747,10736941.767368687,0.08299186112894087,False,10
75,0.1058184915000406,10733955.28795041,0.08295776161885683,False,10
76,0.10544168009244496,10730969.943973275,0.08292622158705419,False,10
77,0.10506262997279364,10727737.536498338,0.08288224294710297,False,10
78,0.10468564901244828,10724506.757420432,0.08284048917704112,False,10
79,0.10431071424088012,10721277.14313054,0.08281062281770223,False,10
80,0.1039412289515655,10718250.690114304,0.08277478335007833,False,10
81,0.10357711707874265,10715426.981483474,0.08274604046384522,False,10
82,0.10321830845067408,10712805.859727863,0.08271784633096493,False,10
83,0.10286452145767173,11210374.390215749,0.08312716280731947,False,10
84,0.10251256599485496,11207943.813577663,0.08309663719950508,False,10
85,0.10216242845361849,11205514.071555639,0.08306810331707913,False,10
86,0.10181409792119332,11203085.262374802,0.08303621131076774,False,10
87,0.10146755830167628,11200657.162104707,0.08301197504598316,False,10
88,0.10112279929033616,11198229.89227985,0.08298358375582361,False,10
89,0.10077980951421481,11195803.504291784,0.0829534354894617,False,10
90,0.10043857821364513,11193378.082238067,0.08292041209289451,False,10
91,0.10009909460710446,11190953.704087958,0.08288472308062059,False,10
92,0.11334452231700533,11188530.414513433,0.082847506821331,False,10
93,0.11293758709255362,11186102.73189463,0.08299769636938256,False,10
94,0.112532857322223,11183675.930316884,0.08296757530754542,False,10
95,0.11213031837782042,11181250.079045672,0.0829350861953706,False,10
96,0.11172995429034328,11178825.170101706,0.08290286987927478,False,10
97,0.11133174597601292,11176401.02166077,0.08287686977561014,False,10
98,0.11093568071623276,11173977.781624265,0.0828458132138247,False,10
99,0.11054173837723781,11171555.193985632,0.08282350901314446,False,10
100,0.11014990883152496,11169133.531905062,0.08279186600238647,False,10
0,0.1,5000000.0,0.1047,False,11
1,0.10248579741356562,5583333.333333333,0.08304181678875135,False,11
2,0.1022933838643953,5625000.0,0.0830161877649061,False,11
3,0.10206258465053378,5666666.666666667,0.08295062735516426,False,11
4,0.10178883979518141,5707090.211594802,0.08287478256875316,False,11
5,0.10148118593253273,5746273.304505043,0.08278579188086356,False,11
6,0.10114442766958645,6284185.010374186,0.0834435732783183,False,11
7,0.10078236691452391,6320853.374355991,0.08330504474769018,False,11
8,0.10041738881045023,6357530.466963164,0.08315956765824288,False,11
9,0.10005075994561916,6394214.594412954,0.08304232028126957,False,11
10,0.1050937940352346,6430906.345465072,0.08291526024247366,False,11
11,0.1046959506489477,6467598.146492473,0.08291442732109149,False,11
12,0.1042986093383443,6504297.2994934125,0.08279189442878859,False,11
13,0.10390144376616288,7040960.755204459,0.08338684926034669,False,11
14,0.10350550310374762,7077631.840004404,0.08325969777870172,False,11
15,0.10311103000462328,7114310.900468729,0.08312677003902634,False,11
16,0.10271818164976745,7150996.419559724,0.08301912626120618,False,11
17,0.1023271205319809,7187689.719015445,0.08288945351576497,False,11
18,0.10193793139197443,7224389.431716934,0.08278256608628656,False,11
19,0.10155007773317064,7761057.747029519,0.08330585590136376,False,11
20,0.1011561558894874,7797234.7308484595,0.08317701284432595,False,11
21,0.10076442698102107,7833420.199822811,0.08304844988356566,False,11
22,0.10037490450326385,7869613.106961985,0.0829357504165798,False,11
23,0.11047582347016477,7906325.42943873,0.08283125082421394,False,11
24,0.11004738488676646,7943545.665455018,0.08291712168538881,False,11
25,0.10963082838906506,7981284.155393966,0.08280741455008644,False,11
26,0.10922552178374896,8519514.856234163,0.08329614124775114,False,11
27,0.10882246847780559,8557749.814542802,0.08319292989155132,False,11
28,0.10842166556247936,8595989.039048968,0.08308950692120164,False,11
29,0.10802309489673673,8634231.848559957,0.08300259771335709,False,11
30,0.10762671945262087,8672476.613322442,0.08295519767711153,False,11
31,0.10723254060195861,8710723.931335166,0.08289330070167854,False,11
32,0.1068405445967726,8748973.634162381,0.08283548701702312,False,11
33,0.10645072116620559,8787225.808036277,0.08277558285501861,False,11
34,0.106063058000098,8825480.470622975,0.0827152504234918,False,11
35,0.10567715635648149,9363715.404915042,0.08319351211150054,False,11
36,0.1052933748166087,9401951.818330921,0.08315765456451647,False,11
37,0.10491170402336726,9440189.969402168,0.08311552958591646,False,11
38,0.10453212265272119,9478429.435432011,0.0830836518017361,False,11
39,0.1041546221637473,9516670.54707031,0.08304375826348007,False,11
40,0.10377918403684881,9554913.057367932,0.08300985137072513,False,11
41,0.10340580129673062,9593157.404605443,0.08296531949465619,False,11
42,0.10303445266327531,9631403.181227272,0.08293066775355953,False,11
43,0.10266511923863147,9669650.113352766,0.08290265554359487,False,11
44,0.10229727065089564,9707866.968599359,0.08287261598516336,False,11
45,0.1019268284101602,9745805.966003295,0.08283709472726006,False,11
46,0.10155842072594869,9783746.547636561,0.08280188963110073,False,11
47,0.10117991941630772,9820943.58648913,0.08277088544622613,False,11
48,0.10080657088968907,9816662.033848496,0.08273531672725433,False,11
49,0.1004379272359652,10312544.798086712,0.08317648003603065,False,11
50,0.10007431323556909,10308615.847554803,0.08315239220972954,False,11
51,0.11480083682802367,10305623.569241378,0.08311884203950087,False,11
52,0.11437479126768182,10302624.373086913,0.08331100429064546,False,11
53,0.11395113917365553,10299626.474712389,0.08327495484790705,False,11
54,0.1135298605787649,10296629.76706797,0.08324187901164265,False,11
55,0.11311094228830337,10293634.485006232,0.08320227949277394,False,11
56,0.11269436707617861,10290640.649324005,0.0831621022840846,False,11
57,0.11228011537442546,10287648.149668703,0.08312499042505789,False,11
58,0.11186817075688146,10284657.031143293,0.08308662570584062,False,11
59,0.11145852004176375,10281667.504144875,0.08304241662269683,False,11
60,0.11105114148774287,10278679.317349019,0.083005188773792,False,11
61,0.11064601400345897,10275692.240480741,0.0829743574521166,False,11
62,0.11024312316446844,10272706.390564809,0.08294027544256774,False,11
63,0.10984245107652103,10269721.69022795,0.08290834269054638,False,11
64,0.10944398809861275,10266738.503562259,0.08286629626918057,False,11
65,0.10904770894138965,10263756.333932765,0.08283804526373119,False,11
66,0.10865360239453112,10260775.444081042,0.0828024958811525,False,11
67,0.10826165217073322,10257795.812164191,0.08276755324585838,False,11
68,0.10787184150284858,10254817.380952636,0.08273420032099311,False,11
69,0.10748385673240429,10751823.40010668,0.08316613460983711,False,11
70,0.1070979852496019,10748830.707502369,0.08313035011975797,False,11
71,0.10671421292133501,10745839.372927265,0.08309262708626211,False,11
72,0.10633252158832107,10742849.229779981,0.0830595318689778,False,11
73,0.10595289052331623,10739859.952494638,0.08303548014838252,False,11
74,0.10557531232344743,10736871.969831107,0.08299951843141469,False,11
75,0.10519976610802882,10733884.929813584,0.08297333382011897,False,11
76,0.10482624141704301,10730899.073153593,0.08294046277754738,False,11
77,0.1044504853335581,10727665.774289088,0.08290509908988582,False,11
78,0.1040767690818806,10724433.77661789,0.08287173515893276,False,11
79,0.10370507012619988,10721202.620192096,0.0828501647639918,False,11
80,0.10333876582552562,10718174.505815769,0.08282022225857545,False,11
81,0.10297778616324008,10715349.32374454,0.08278921820453963,False,11
82,0.10262206168878009,10712726.912633257,0.08275853605622739,False,11
83,0.10227152211093524,10710306.974933054,0.08273291282741597,False,11
84,0.10192257764185443,11207874.938626625,0.08314654039071197,False,11
85,0.10157542846656599,11205443.610708706,0.08312232198007653,False,11
86,0.10123006673162792,11203013.26559683,0.08308872177356327,False,11
87,0.10088648130711103,11200583.974317411,0.08305269331343022,False,11
88,0.10054466235776928,11198155.88322231,0.08301166137096794,False,11
89,0.1002045898868595,11195728.500722475,0.08298743589174605,False,11
90,0.11333339075020431,11193301.904235667,0.08296056365162197,False,11
91,0.112926449440571,11190870.995606478,0.08310798732267258,False,11
92,0.11252171599935983,11188441.080131985,0.08307403331600903,False,11
93,0.11211917821459037,11186012.356566306,0.08303328429668196,False,11
94,0.11171881752114847,11183584.683320085,0.08299737593913654,False,11
95,0.11132061278564258,11181157.771145768,0.08297135638690536,False,11
96,0.1109245513818596,11178731.773067897,0.08294010522636397,False,11
97,0.11053061807870285,11176306.697512113,0.0829085660096668,False,11
98,0.11013879865026524,11173882.600074474,0.08287512607310502,False,11
99,0.1097490740030581,11171459.264945371,0.08284906424282648,False,11
100,0.10936143134986612,11169036.809665468,0.08281898392837807,False,11
0,0.1,5000000.0,0.1047,False,12
1,0.10247008923707603,5583333.333333333,0.08306013148298119,False,12
2,0.10227771988094528,5625000.0,0.08305367816746671,False,12
3,0.1020469736216729,5666666.666666667,0.08296875896701762,False,12
4,0.10177328564155787,5707089.8546188455,0.08289858096587739,False,12
5,0.10146568935093499,5746272.160237804,0.0828120349236303,False,12
6,0.10112897761073023,6284181.988297373,0.08348530237994652,False,12
7,0.10076695305456056,6320847.466013985,0.08335314916757627,False,12
8,0.10040199487158763,6357520.595852476,0.0832256138029226,False,12
9,0.10003540925474132,6394202.162205167,0.08308500523293133,False,12
10,0.10503174965985654,6430891.26406881,0.08295941338374323,False,12
11,0.10463422238654133,6467580.980460721,0.08294917124594842,False,12
12,0.10423720350459587,6504278.461739688,0.08281975646166229,False,12
13,0.10384035068704049,7040939.70283933,0.08342375945041824,False,12
14,0.10344472042054273,7077608.511060791,0.08329764075341778,False,12
15,0.10305054439543757,7114284.588529983,0.08317648662458596,False,12
16,0.10265800356625804,7150967.844995595,0.08305683668424582,False,12
17,0.10226723527172743,7187658.100549361,0.08294018521500768,False,12
18,0.10187834309690888,7224355.126123799,0.0828273515371253,False,12
19,0.10149140221172816,7261058.53820256,0.08272090979843096,False,12
20,0.1010977593764303,7797231.713135773,0.08323472323413293,False,12
21,0.1007062823978933,7833411.809636877,0.08312985099337994,False,12
22,0.10031700754075973,7869599.1726177,0.08301975281580835,False,12
23,0.11030183352728837,7906306.651183005,0.082912235759435,False,12
24,0.10987433484789232,7943523.06280084,0.08298843913909108,False,12
25,0.10945869645083434,7981258.1272277385,0.0828796256077636,False,12
26,0.10905472719487219,8019509.966026697,0.08278370588380494,False,12
27,0.10865256035283809,8557741.762296004,0.08326958539055303,False,12
28,0.10825264341936752,8595978.151785955,0.08315823458704105,False,12
29,0.10785496046053383,8634218.5786837,0.08306035803445246,False,12
30,0.10745946991858066,8672461.160220988,0.08300812434855838,False,12
31,0.10706616791409766,8710706.19999448,0.08294853074359873,False,12
32,0.10667503755848144,8748953.346571578,0.08289745671684391,False,12
33,0.10628606986825484,8787202.752661336,0.08284268065231717,False,12
34,0.10589925202554891,8825454.400546204,0.08278833410419537,False,12
35,0.10551456989211844,8863708.23130785,0.08273541587933185,False,12
36,0.1051316201226561,9401941.606159518,0.08323131672720178,False,12
37,0.10475077328274365,9440176.605968883,0.08319192381330645,False,12
38,0.10437201636176799,9478413.290440172,0.08315108352425794,False,12
39,0.10399533497205943,9516651.648947509,0.08311050083220609,False,12
40,0.10362071348443513,9554891.60302062,0.08307182044984945,False,12
41,0.10324813629887786,9593133.077459522,0.08303496309731127,False,12
42,0.10287758753195722,9631375.979411885,0.08300035671034314,False,12
43,0.10250905598418387,9669620.49576795,0.08296121965093997,False,12
44,0.10214200864906336,9707835.16761842,0.0829250663154359,False,12
45,0.10177236714081507,9745771.658587517,0.08289279327931832,False,12
46,0.10140475387386158,9783709.695515389,0.08285843863987293,False,12
47,0.1010270685206565,9820904.17409474,0.08281829791320727,False,12
48,0.10065452806210322,9816620.364514088,0.0827789290947714,False,12
49,0.10028706754095887,9812524.987921784,0.08273488065262447,False,12
50,0.11497790437949497,10308594.60416097,0.08318272509660403,False,12
51,0.11455082791934511,10305593.147018842,0.0833738095035452,False,12
52,0.11412615460223574,10302593.083583925,0.08333509541435893,False,12
53,0.11370386687161053,10299594.436376221,0.08329575576951921,False,12
54,0.1132839461797892,10296597.168786874,0.08325743303742007,False,12
55,0.1128663746680274,10293601.271129254,0.08321937937830584,False,12
56,0.1124511350074533,10290606.753042014,0.08318105797891866,False,12
57,0.11203820523163642,10287613.37119163,0.08314949584398473,False,12
58,0.11162757433163902,10284621.450308023,0.08310891343352987,False,12
59,0.11121922687993413,10281631.078116478,0.08306589420960295,False,12
60,0.11081313730030819,10278641.791139748,0.08303574935361512,False,12
61,0.11040929252261478,10275653.782378728,0.08300024336166642,False,12
62,0.11000767089269566,10272666.774981458,0.0829724277019356,False,12
63,0.10960826335378138,10269681.165211674,0.08293360471624259,False,12
64,0.109211048679337,10266696.682134764,0.08290230769193548,False,12
65,0.1088160094913029,10263713.253001945,0.08287303146722026,False,12
66,0.10842312468158259,10260730.58848251,0.08285179220658181,False,12
67,0.10803238321889082,10257748.946861306,0.08282337836680537,False,12
68,0.107643770107009,10254768.361765966,0.08279403042612911,False,12
69,0.10725727073369848,10251788.881228838,0.0827633482535462,False,12
70,0.10687286934441469,10248810.481639285,0.0827333219320752,False,12
71,0.10649026401361554,10745816.823918099,0.08315715892181741,False,12
72,0.10610973631180912,10742824.637936087,0.08311627727807509,False,12
73,0.10573126991314052,10739833.850896453,0.08307741776762964,False,12
74,0.10535484452835875,10736844.151034677,0.08304721838270979,False,12
75,0.1049804440624018,10733855.45624931,0.08301929959354905,False,12
76,0.10460805873765165,10730868.044719012,0.08298365361937933,False,12
77,0.10423343970738337,10727632.751141943,0.08295624556593591,False,12
78,0.10386084868673802,10724398.537086202,0.08292856553182276,False,12
79,0.10349027409137904,10721165.584699484,0.08289621504405273,False,12
80,0.10312507564164741,10718135.671082905,0.08286943224830748,False,12
81,0.1027651858465693,10715308.820603821,0.08283810927713274,False,12
82,0.10241053678541902,10712684.948897013,0.08280462980067096,False,12
83,0.10206105975034258,10710263.840142477,0.08277294887305159,False,12
84,0.10171338247985452,10707843.526921915,0.08274575113033059,False,12
85,0.10136748954902898,10705423.821257979,0.08272497996369048,False,12
86,0.10102316488291624,11202992.149939653,0.08313406216497518,False,12
87,0.10068060911774873,11200561.507802695,0.0830988764771543,False,12
88,0.1003398086767415,11198131.804439647,0.08306678164270165,False,12
89,0.10000074981677234,11195702.93068289,0.08303841903447226,False,12
90,0.11300392149986042,11193275.02329678,0.08300538072172982,False,12
91,0.11259872788042576,11190842.902961247,0.08314941318056396,False,12
92,0.11219572470782636,11188411.516976546,0.08312430716931758,False,12
93,0.11179489701530915,11185980.908867542,0.08309771312834176,False,12
94,0.11139623233182742,11183551.248469727,0.08306531274578141,False,12
95,0.11099971486707144,11181122.52396266,0.08303331648098958,False,12
96,0.11060533028204762,11178694.793878017,0.08299931913304028,False,12
97,0.11021306321690613,11176268.055248462,0.08296542323268465,False,12
98,0.10982289568301189,11173842.15452414,0.08293677689987598,False,12
99,0.10943481316784587,11171417.117633281,0.0829072441318929,False,12
100,0.10904879910089237,11168992.850519724,0.08288092695927199,False,12
0,0.1,5000000.0,0.1047,False,13
1,0.10247183303893984,5583333.333333333,0.08305809486221331,False,13
2,0.1022794587770018,5625000.0,0.0830430628043584,False,13
3,0.10204870663931397,5666666.666666667,0.08297467600915585,False,13
4,0.10177501362558265,5707089.972291204,0.08289073614193297,False,13
5,0.10146741178465053,5746272.417165076,0.08280739309313633,False,13
6,0.10113068801473882,6284182.031819206,0.08349004472306464,False,13
7,0.10076866171898836,6320847.969440829,0.08334548408406697,False,13
8,0.10040371711845406,6357522.521114353,0.08320191655236883,False,13
9,0.10003714639011096,6394205.608190727,0.08305965983819344,False,13
10,0.10506118368914932,6430896.326555592,0.08293247169670404,False,13
11,0.10466352384591536,6467588.048586368,0.08291574393150951,False,13
12,0.10426636129019926,6504286.874457983,0.08279734658420489,False,13
13,0.10386938756534679,7040950.799027255,0.08337903495658486,False,13
14,0.10347362661800043,7077621.691027525,0.08326291110661146,False,13
15,0.10307932245581546,7114299.973116542,0.0831397429608316,False,13
16,0.10268666604593672,7150986.154893983,0.08300808148709858,False,13
17,0.10229578546954671,7187679.505231537,0.08288860548521847,False,13
18,0.10190678689324896,7224379.9523257585,0.08277032620741599,False,13
19,0.1015191170958446,7761048.6584656015,0.08329934211373319,False,13
20,0.10112537407240284,7797225.577745141,0.08317799071405355,False,13
21,0.10073379708589436,7833409.399401983,0.08307340923977638,False,13
22,0.10034441612714706,7869600.076150665,0.08296954421190651,False,13
23,0.11039716300830774,7906310.451241442,0.08286380900129948,False,13
24,0.10996915282201217,7943529.143535538,0.08294590904560746,False,13
25,0.10955301132238948,7981266.078757523,0.08284018855718321,False,13
26,0.1091485525633818,8019519.67388358,0.08274112825722663,False,13
27,0.10874589917795593,8557753.228019457,0.08322697044339693,False,13
28,0.10834549883731874,8595991.35521941,0.0831161082839065,False,13
29,0.10794733783415865,8634233.625348698,0.0830156736334129,False,13
30,0.10755138072650718,8672478.504239913,0.08295243092002966,False,13
31,0.10715761446717344,8710725.78640951,0.08289416962593665,False,13
32,0.10676602630383442,8748975.355978413,0.08283871752157013,False,13
33,0.10637660720493088,8787227.367046287,0.08277952966763057,False,13
34,0.10598934602861186,8825481.902471686,0.08271833312165641,False,13
35,0.10560385165375455,9363717.160954116,0.08318565295113402,False,13
36,0.10522047780766289,9401954.096861605,0.08314498810124937,False,13
37,0.1048392033865946,9440192.285639815,0.08311461547768675,False,13
38,0.10446002211340755,9478432.177061105,0.083073339281847,False,13
39,0.10408291065923403,9516673.235053275,0.08304505877565274,False,13
40,0.10370785603890727,9554915.531151328,0.08301504408756588,False,13
41,0.10333485078206336,9593159.470485104,0.08297520807010002,False,13
42,0.10296387302744896,9631404.605635853,0.08294621856768099,False,13
43,0.1025949109486297,9669651.083260154,0.08291367375429037,False,13
44,0.10222743575269692,9707867.736246936,0.08287747474344087,False,13
45,0.10185736933300664,9745806.556956984,0.08284102125817636,False,13
46,0.10148933505416456,9783746.981124617,0.08280538886739613,False,13
47,0.10111120854962617,9820943.35623873,0.08278317689913912,False,13
48,0.10073823157245974,9816661.299578918,0.08274505622824962,False,13
49,0.10037033047319403,9812566.99536335,0.08271321647615634,False,13
50,0.10000707709011715,10308637.677542716,0.08316016551602264,False,13
51,0.1147033001993251,10305645.090309456,0.08312742314608068,False,13
52,0.11427779305858109,10302645.707860969,0.08331617912463204,False,13
53,0.11385467346507668,10299647.524461474,0.08328287220815943,False,13
54,0.11343392530142081,10296650.628878333,0.08324709953175406,False,13
55,0.11301553360443825,10293655.163806068,0.08320736311842429,False,13
56,0.11259947410776841,10290660.779272987,0.08317734814120831,False,13
57,0.11218573208116306,10287667.611739779,0.08314354258911894,False,13
58,0.11177429287651275,10284675.796763536,0.08310597156231853,False,13
59,0.11136513985046344,10281685.358272208,0.08306773587021714,False,13
60,0.11095825501787446,10278696.240496205,0.08303104933338544,False,13
61,0.11055361380623355,10275708.023250438,0.08300603460458453,False,13
62,0.11015120477781538,10272720.980282215,0.08297341578394735,False,13
63,0.1097510098907987,10269735.023497697,0.08294324401437893,False,13
64,0.10935301524334758,10266750.281377753,0.08290950333173261,False,13
65,0.10895720451531722,10263766.743909605,0.08287604078191624,False,13
66,0.10856355738751337,10260784.17133599,0.08284923815600306,False,13
67,0.10817205750685394,10257802.531331705,0.082823333452325,False,13
68,0.10778269465996647,10254822.126446703,0.08278902458341024,False,13
69,0.10739545430642998,10251843.014362942,0.08275311343775679,False,13
70,0.10701032067133268,10248865.176181152,0.08271772727198302,False,13
71,0.10662698928415042,10745872.165334918,0.08313919017315821,False,13
72,0.10624573059835074,10742880.047315115,0.08311438943895844,False,13
73,0.10586653027575209,10739888.857075015,0.08308861778054698,False,13
74,0.1054893806903396,10736899.010490153,0.08305129402397035,False,13
75,0.10511426375367734,10733910.316674538,0.08301927265595885,False,13
76,0.10474116717789748,10730922.911719255,0.0829834709800473,False,13
77,0.10436583611270486,10727687.754315503,0.08295275394239635,False,13
78,0.10399254188313235,10724453.895521495,0.08291945625657379,False,13
79,0.10362126579851766,10721221.101521919,0.08289215383529819,False,13
80,0.10325537737265693,10718191.35179427,0.0828649498159784,False,13
81,0.1028948078093604,10715364.603219658,0.08283512306559708,False,13
82,0.10253949485189745,10712741.122813458,0.0827922810635423,False,13
83,0.10218936327388811,10710320.314888913,0.0827626640869428,False,13
84,0.10184103811883304,10707900.436068807,0.08273089983271921,False,13
85,0.10149429933061295,11205468.770537153,0.08313386433001452,False,13
86,0.10114934943723941,11203038.349022942,0.08309133381916825,False,13
87,0.10080617187975287,11200608.909260856,0.08305776964393437,False,13
88,0.10046475306758261,11198180.361640006,0.0830272690889059,False,13
89,0.10012507809296957,11195752.525888162,0.08300293168703497,False,13
90,0.11322901862033406,11193325.80513937,0.08296481192450612,False,13
91,0.11282263293875039,11190894.606253125,0.08311791064088213,False,13
92,0.11241844856786254,11188464.265363872,0.08308857741035458,False,13
93,0.11201644787050444,11186034.690822054,0.08306237749806766,False,13
94,0.11161661504069038,11183605.878642878,0.08303631381791574,False,13
95,0.11121893698526504,11181177.962056154,0.08300569527256639,False,13
96,0.11082340229701432,11178751.160141256,0.08296758683410162,False,13
97,0.11042999123104848,11176325.239176255,0.08293746888885303,False,13
98,0.11003868711065254,11173900.119407441,0.08291007756634126,False,13
99,0.10964947928055413,11171476.040419092,0.08287449532819824,False,13
100,0.10926234799537021,11169052.741050968,0.0828478416452688,False,13
0,0.1,5000000.0,0.1047,False,14
1,0.10247630624621114,5583333.333333333,0.08305287447445381,False,14
2,0.10228391939968692,5625000.0,0.08303189343201224,False,14
3,0.10205315218243798,5666666.666666667,0.08293872598676955,False,14
4,0.10177944834045033,5707090.4011763735,0.08286214379738287,False,14
5,0.10147183798442848,5746273.554275275,0.08278378559216872,False,14
6,0.10113510256917572,6284183.8064428475,0.08347587775766643,False,14
7,0.10077306370067947,6320850.43085817,0.08333403752239496,False,14
8,0.10040811056076504,6357525.936958132,0.08318600944508178,False,14
9,0.1000415191899656,6394209.235759232,0.0830561310927879,False,14
10,0.10507022075595315,6430900.202153179,0.08292833787867449,False,14
11,0.10467250635629556,6467591.730075325,0.08291897907534657,False,14
12,0.10427531342628377,6504291.771792101,0.082777082498186,False,14
13,0.10387829381503938,7040956.001816896,0.08337394403119688,False,14
14,0.10348250685778584,7077628.369722659,0.08323831268174697,False,14
15,0.10308818648650316,7114308.713882453,0.08310537511455551,False,14
16,0.10269550228867706,7150996.266406234,0.08298523571475401,False,14
17,0.10230459755256648,7187691.2030824255,0.08286216650792706,False,14
18,0.10191557598216418,7224393.305062742,0.0827427447724946,False,14
19,0.10152788285421672,7761063.64817128,0.08327205930217514,False,14
20,0.10113409914671712,7797241.197723729,0.0831684411245151,False,14
21,0.10074249664294696,7833426.572569606,0.08304987607257089,False,14
22,0.10035310212792922,7869619.541699742,0.08293481115956902,False,14
23,0.11045543745996839,7906332.097624751,0.0828273478229136,False,14
24,0.11002712291209821,7943552.6390553955,0.08291142631276599,False,14
25,0.10961066918261263,7981290.46883168,0.08282133102253827,False,14
26,0.10920590675155518,8019544.899042169,0.0827208837861419,False,14
27,0.10880295067688092,8557779.240898954,0.08320787417890385,False,14
28,0.10840223262771849,8596017.20080555,0.08312016388049318,False,14
29,0.10800375721295928,8634259.355379602,0.08301847497252922,False,14
30,0.10760748341335293,8672503.860562064,0.08296149052619879,False,14
31,0.10721339916247286,8710750.562971177,0.08290822442551955,False,14
32,0.10682149868049709,8748999.739796674,0.08284823857378631,False,14
33,0.10643176604937249,8787251.156508474,0.08279393829980357,False,14
34,0.1060441917623313,8825504.987403873,0.08273541263676498,False,14
35,0.10565837773860755,9363739.04617399,0.08321473688609823,False,14
36,0.1052746885329095,9401974.891241048,0.08317143271781233,False,14
37,0.10489310438348862,9440212.17960347,0.08313644373921492,False,14
38,0.10451361430328159,9478451.089038473,0.08309714501005616,False,14
39,0.10413620067122767,9516691.42004481,0.08306268267462352,False,14
40,0.10376085440809556,9554933.480847899,0.08302074820792596,False,14
41,0.10338755530343179,9593176.92669485,0.08298717138701615,False,14
42,0.10301628881145886,9631421.745500803,0.08295388753244361,False,14
43,0.10264703853237774,9669667.812512185,0.08292362800690994,False,14
44,0.10227927680667964,9707884.052515663,0.08288739557745302,False,14
45,0.10190892177912204,9745822.418405155,0.08285112838168879,False,14
46,0.1015405994790253,9783762.293261893,0.08281759577616876,False,14
47,0.10116218602876849,9820958.617533583,0.08278411842550518,False,14
48,0.10078892417753943,9816676.364150302,0.08274885764793978,False,14
49,0.10042036648065264,10312558.463109253,0.0831899200212043,False,14
50,0.10005684461368133,10308629.319767611,0.08315647283895387,False,14
51,0.11477481127179905,10305636.947773341,0.0831214442853094,False,14
52,0.11434891059381865,10302637.763340335,0.08331067869461314,False,14
53,0.11392539589785987,10299639.546994742,0.08328378737756478,False,14
54,0.11350425177877549,10296642.421845712,0.0832534763619856,False,14
55,0.11308546541607017,10293646.640171275,0.08321615762322643,False,14
56,0.11266900992416075,10290651.715181438,0.08319236082878056,False,14
57,0.11225487819422714,10287658.182194402,0.08315369408434552,False,14
58,0.11184305361523428,10284666.077093855,0.08311403057075113,False,14
59,0.11143351532692632,10281675.201995192,0.08307986385177493,False,14
60,0.11102624861483283,10278685.675246349,0.08304240969011238,False,14
61,0.11062123372629458,10275697.338340083,0.08300935850739673,False,14
62,0.1102184606792248,10272710.549721565,0.08296635051444505,False,14
63,0.10981790487656114,10269724.87221272,0.08293548635684796,False,14
64,0.10941954724474298,10266740.152960882,0.08290886810661714,False,14
65,0.10902337738939016,10263756.705042012,0.0828735533018894,False,14
66,0.10862937756685154,10260774.43378945,0.08284086812665174,False,14
67,0.10823753198699257,10257793.34298144,0.08280807800033846,False,14
68,0.10784782027863649,10254813.172281053,0.08278251945519573,False,14
69,0.10746023391378239,10251834.313429177,0.08274607921875746,False,14
70,0.10707475501237193,10248856.630156871,0.0827134242307023,False,14
71,0.10669107569038296,10745863.496421825,0.08314260375127035,False,14
72,0.1063094820812211,10742871.855525395,0.08310113601196353,False,14
73,0.105929952869671,10739881.352636587,0.08306952468912045,False,14
74,0.10555247398928308,10736892.03596302,0.08303657426577735,False,14
75,0.10517702847978812,10733903.778951233,0.08300713921626537,False,14
76,0.10480360418164096,10730916.724772267,0.0829737271935211,False,14
77,0.10442794697635017,10727682.096912172,0.08293917589986796,False,14
78,0.10405433130807981,10724448.908202963,0.08290227459508287,False,14
79,0.10368273765834637,10721216.879436025,0.08287253248555716,False,14
80,0.10331653810082939,10718187.966259718,0.08284206977938176,False,14
81,0.10295565818126287,10715361.792424945,0.08281828087244973,False,14
82,0.10260003300268894,10712738.466301594,0.08278741217678127,False,14
83,0.10224959774209133,10710318.02109707,0.08275026340259921,False,14
84,0.10190076286731409,11207885.836203279,0.08315162030052245,False,14
85,0.10155372920292872,11205454.767110955,0.08311347324182404,False,14
86,0.10120848256589961,11203024.704900999,0.08307904991303108,False,14
87,0.100865006738095,11200595.406012854,0.08305295344080459,False,14
88,0.10052329345588672,11198167.109616295,0.08301868022433624,False,14
89,0.10018332648483548,11195739.555505512,0.08299330293270347,False,14
90,0.11330575738449104,11193312.93124362,0.082961513227051,False,14
91,0.11289896730138535,11190882.159827393,0.0831032962813537,False,14
92,0.11249437874667699,11188452.106488032,0.08307874664483067,False,14
93,0.11209197985932132,11186022.98359613,0.08304693647533556,False,14
94,0.11169175361922955,11183594.726772346,0.08301732730884816,False,14
95,0.11129368524596055,11181167.382121803,0.08298614189891114,False,14
96,0.11089775704816418,11178740.833084293,0.08295894145332358,False,14
97,0.11050395760681722,11176315.291269531,0.08292450648758316,False,14
98,0.1101122708355731,11173890.712374894,0.08289158614144809,False,14
99,0.10972268085319149,11171467.054875372,0.08286008545376154,False,14
100,0.10933517648830465,11169044.526981542,0.08282146645567043,False,14
0,0.1,5000000.0,0.1047,False,15
1,0.10248322582598374,5583333.333333333,0.08304481029191704,False,15
2,0.10229081951189277,5625000.0,0.0830310896167705,False,15
3,0.10206002896750971,5666666.666666667,0.0829619264293676,False,15
4,0.10178629133025975,5707090.025569948,0.08288718422575399,False,15
5,0.1014786452174922,5746272.886434847,0.08279352672563911,False,15
6,0.10114189268204411,6284184.167537016,0.08345301254438806,False,15
7,0.10077982000840802,6320850.953127858,0.08333135126373273,False,15
8,0.10041483132808598,6357526.528334864,0.08318485766101193,False,15
9,0.10004822192803264,6394210.99844661,0.08303660924870247,False,15
10,0.10508601474231495,6430902.458167667,0.08292011576017642,False,15
11,0.10468821166694743,6467594.037177345,0.08291812761647187,False,15
12,0.10429090449994614,6504292.611310877,0.08280154221890172,False,15
13,0.10389376640212555,7040955.093358176,0.08340307698949238,False,15
14,0.1034978570300882,7077625.433199484,0.0832721137559902,False,15
15,0.10310340400005494,7114303.083856751,0.0831502668233309,False,15
16,0.1027105894802719,7150988.020598141,0.08302883208795185,False,15
17,0.10231954929112898,7187679.96735763,0.08291199845296882,False,15
18,0.10193038566998663,7224378.608667552,0.08280042261242473,False,15
19,0.10154254261658067,7761044.941955551,0.0833388896444722,False,15
20,0.10114861685302705,7797218.990476317,0.08322148705911625,False,15
21,0.10075688301707986,7833401.447809478,0.08309408081068667,False,15
22,0.10036735061093319,7869591.017421864,0.08298631900426813,False,15
23,0.11041234729068235,7906300.860304105,0.08287270694964144,False,15
24,0.10998424221796015,7943519.188153159,0.0829527052235527,False,15
25,0.10956801121828742,7981255.90636517,0.08284476320748563,False,15
26,0.1091634718586592,8019509.630238819,0.08273800710346889,False,15
27,0.10876074076077373,8557743.445120668,0.08322064932897431,False,15
28,0.10836026187521143,8595981.755767796,0.08311166107968873,False,15
29,0.10796202264533594,8634224.195230275,0.08301156858632691,False,15
30,0.10756598023222753,8672468.81450472,0.08295872465992624,False,15
31,0.10717212297023745,8710715.47921576,0.08290913831821639,False,15
32,0.10678044692633798,8748964.568276612,0.08285036620152188,False,15
33,0.10639094388955976,8787216.285165606,0.08278666127692501,False,15
34,0.10600359897695859,8825470.501512388,0.08272606836083239,False,15
35,0.1056180197531118,9363705.344495334,0.08319572566587646,False,15
36,0.10523456628796424,9401942.130756425,0.08314861589273478,False,15
37,0.1048532201217548,9440180.594692076,0.08310794499426748,False,15
38,0.10447396058058565,9478420.349152442,0.08307665954665133,False,15
39,0.10409677358281026,9516661.39681337,0.08304530922998378,False,15
40,0.1037216429311965,9554903.62118452,0.08301678292161725,False,15
41,0.10334855439824162,9593147.023941182,0.08298821600018906,False,15
42,0.10297750132144368,9631392.061111046,0.08294859386187446,False,15
43,0.1026084628710082,9669638.34444448,0.0829183838359312,False,15
44,0.10224091155166556,9707854.790316124,0.08288245013802831,False,15
45,0.10187077420937563,9745793.74153039,0.08283812116442524,False,15
46,0.1015026674362369,9783734.168785347,0.08280532026020138,False,15
47,0.10112447497965782,9820931.063875774,0.08277354770812964,False,15
48,0.10075143539957908,9816649.669172388,0.08273226479973461,False,15
49,0.10038309762797117,10312532.677272307,0.08317155353697804,False,15
50,0.10001979704001245,10308604.736383315,0.08313102410566717,False,15
51,0.11478103621193694,10305613.497441536,0.08308997060497195,False,15
52,0.11435511799486008,10302615.187057866,0.08328639954636138,False,15
53,0.11393158870497672,10299617.992900962,0.08325539324737824,False,15
54,0.11351043429717807,10296622.11098108,0.08321894221893825,False,15
55,0.11309163893700477,10293627.64031673,0.0831797406763673,False,15
56,0.1126751879765428,10290634.735955939,0.08313623224420165,False,15
57,0.11226105458582573,10287642.90671401,0.08310636783136736,False,15
58,0.11184921924802885,10284652.02926684,0.08307992908803749,False,15
59,0.1114396723856459,10281662.498336634,0.08304252583909882,False,15
60,0.11103239407696874,10278674.155461278,0.08300952431541064,False,15
61,0.11062737138697547,10275687.206358517,0.082970808410067,False,15
62,0.11022458031768921,10272701.254363319,0.08294311097770779,False,15
63,0.1098240062749167,10269716.397463223,0.08291269166934755,False,15
64,0.10942563349255861,10266732.66351282,0.08288149862224387,False,15
65,0.1090294480370791,10263750.173614917,0.08284694160844497,False,15
66,0.10863543148016566,10260768.794804713,0.0828160780612703,False,15
67,0.10824357032201795,10257788.657149978,0.08278160152038076,False,15
68,0.10785384184424722,10254809.370115926,0.08275797316810199,False,15
69,0.10746623223033429,10251831.027026802,0.08273175247562717,False,15
70,0.10708043673318605,10748837.273939213,0.0831598079886302,False,15
71,0.1066967379681444,10745844.768672444,0.08312514629910815,False,15
72,0.10631511412240147,10742853.133865658,0.08310096685513745,False,15
73,0.10593555675409286,10739862.744053518,0.08306638367057805,False,15
74,0.1055580503911436,10736873.568114722,0.08303266496660958,False,15
75,0.10518257652137751,10733885.389961611,0.08300494869750016,False,15
76,0.10480913051462824,10730898.791278698,0.08296107452537656,False,15
77,0.10443345221877891,10727664.667346636,0.08292625466827983,False,15
78,0.10405981386641411,10724431.881358193,0.08289194842164023,False,15
79,0.10368820015353283,10721200.402510984,0.08285843197971567,False,15
80,0.10332197849958194,10718171.895418392,0.08283096321615749,False,15
81,0.10296107590910383,10715346.069337647,0.08280809027822303,False,15
82,0.1026054305977645,10712723.219599877,0.08277237831224088,False,15
83,0.10225497052022034,10710302.944341842,0.08274445326610785,False,15
84,0.1019063148012107,10707883.337187849,0.0827216121023632,False,15
85,0.10155924428192953,11205451.746554568,0.08313130370187503,False,15
86,0.1012139602441367,11203021.111964338,0.08309861846942619,False,15
87,0.10087045435371061,11200591.67659788,0.0830576193660834,False,15
88,0.10052870855166174,11198163.07786028,0.08302901667003385,False,15
89,0.10018871300891614,11195735.453138895,0.08299571697037536,False,15
90,0.11331791771375108,11193308.91930597,0.08295842163850121,False,15
91,0.11291105216135215,11190877.622605668,0.08312125471126029,False,15
92,0.11250639608341932,11188447.430630166,0.08308348634196844,False,15
93,0.11210393187153372,11186018.258993464,0.08304860296420837,False,15
94,0.11170364424431249,11183590.137254646,0.0830127090193814,False,15
95,0.11130551440494145,11181162.90049021,0.0829824534850002,False,15
96,0.11090952628658923,11178736.519033147,0.08295321220725008,False,15
97,0.11051566505014034,11176311.021255506,0.08292300094499896,False,15
98,0.11012391374749406,11173886.314376919,0.08289596166105298,False,15
99,0.10973425828053651,11171462.451491555,0.08286710719191694,False,15
100,0.10934668241475123,11169039.362438193,0.08284065139700966,False,15
0,0.1,5000000.0,0.1047,False,16
1,0.10247842391947233,5583333.333333333,0.08305040506171972,False,16
2,0.10228603111514933,5625000.0,0.08305326952762282,False,16
3,0.10205525675893021,5666666.666666667,0.08297602400075467,False,16
4,0.10178153654085705,5707089.91842271,0.08289432737494105,False,16
5,0.10147389552121042,5746271.772772544,0.08282707722779496,False,16
6,0.10113713049829536,6284180.832271739,0.08350238149937778,False,16
7,0.10077505026107932,6320845.569810896,0.08336548545849094,False,16
8,0.10041003814128326,6357518.0770032955,0.0832359912377916,False,16
9,0.10004339059663199,6394198.521207206,0.08310370771261365,False,16
10,0.1050370785709381,6430887.42175481,0.08296276865105834,False,16
11,0.10463951384826223,6467576.714726236,0.08295622825401672,False,16
12,0.10424244741556342,6504273.1679707365,0.08283689036943698,False,16
13,0.10384628043693217,6540976.748234538,0.0827181067144074,False,16
14,0.10345061559971029,7077645.513129913,0.08329836285485588,False,16
15,0.10305640227157814,7114321.371996292,0.08318013000481689,False,16
16,0.10266383499456075,7151005.0483616395,0.08304983835530684,False,16
17,0.1022730395212785,7187695.671425073,0.08293406005386751,False,16
18,0.10188411767803668,7224392.90362101,0.08282390784550887,False,16
19,0.10149652680335729,7761058.534160012,0.08335060212773676,False,16
20,0.10110287144885131,7797232.77136416,0.08321862821998904,False,16
21,0.10071138805186015,7833414.306715463,0.08310805023277615,False,16
22,0.10032211007813605,7869603.317081719,0.08299479243046408,False,16
23,0.1103274282826681,7906311.696849099,0.08289716864010836,False,16
24,0.10989978929114057,7943528.558226931,0.08298005200623411,False,16
25,0.10948399835012992,7981263.1686606705,0.08288919595103283,False,16
26,0.10907988659150263,8019514.863284851,0.08278720102997737,False,16
27,0.10867757360813438,8557746.264011906,0.08327917429362532,False,16
28,0.10827749757599447,8595981.476214323,0.08318677489093985,False,16
29,0.10787966687645216,8634221.29025696,0.08307521512796288,False,16
30,0.10748404275081475,8672463.991152976,0.08300523080369633,False,16
31,0.10709061355181612,8710709.456148487,0.08293822233102284,False,16
32,0.10669936320222399,8748957.385476166,0.08287848094509603,False,16
33,0.10631027673025796,8787207.59603973,0.08282317825706242,False,16
34,0.10592334163758328,8825460.0891923,0.0827678427660017,False,16
35,0.10553854052878925,8863714.618987927,0.0827184696008865,False,16
36,0.10515547730811331,9401948.973223083,0.08320757409725,False,16
37,0.10477451560454258,9440184.825156303,0.08317126626531712,False,16
38,0.10439564686223254,9478422.494232023,0.08312721432600104,False,16
39,0.104018854278402,9516661.82984597,0.08308681339924469,False,16
40,0.1036441217889364,9554902.727996247,0.08304893373069104,False,16
41,0.1032714343362835,9593145.145706562,0.083012095911549,False,16
42,0.10290077664965216,9631389.027266938,0.08297660863736982,False,16
43,0.10253213538650073,9669634.431235746,0.08293970176627266,False,16
44,0.1021649720631875,9707849.576115042,0.08291370304609791,False,16
45,0.10179521725898644,9745786.749044118,0.08287763861308123,False,16
46,0.10142749581023151,9783725.733228685,0.08283738849106542,False,16
47,0.10104969957362289,9820921.197610658,0.08280004230911751,False,16
48,0.10067704631432219,9816638.144455228,0.08276431218220537,False,16
49,0.10030947184073058,9812543.340505771,0.08272331211019973,False,16
50,0.11503269292848636,10308613.735647684,0.0831662403828083,False,16
51,0.11460533155149036,10305613.29651346,0.08334553150620766,False,16
52,0.11418037626363461,10302614.296735447,0.08330554938924499,False,16
53,0.11375780078424737,10299616.310312169,0.08327740064656079,False,16
54,0.11333759076725651,10296619.512936482,0.08324437154679837,False,16
55,0.11291972659261111,10293623.800842352,0.08321422483690899,False,16
56,0.1125041900460919,10290629.133488918,0.08318520426207142,False,16
57,0.11209096777153235,10287635.71752246,0.08315044351270892,False,16
58,0.1116800459407891,10284643.730861481,0.08311074058271233,False,16
59,0.11127140467429773,10281653.024203423,0.08307518494602807,False,16
60,0.11086502359220478,10278663.409773704,0.08304484527003521,False,16
61,0.11046089316972832,10275675.272870323,0.08300380287172027,False,16
62,0.11005899305786901,10272688.411982331,0.08296835799979756,False,16
63,0.10965930566958118,10269702.763499398,0.08293468008147115,False,16
64,0.10926181371462461,10266718.270476557,0.08290258396780066,False,16
65,0.10886650766052824,10263735.294222554,0.08286045150009247,False,16
66,0.10847336702600774,10260753.588928595,0.08282514705441672,False,16
67,0.10808237098352799,10257772.875977272,0.08279758198115457,False,16
68,0.1076935019245385,10254793.042997124,0.08277313833741286,False,16
69,0.10730675038161307,10251814.425841227,0.08273936544153528,False,16
70,0.10692180804832592,10748820.433834463,0.08316644463227892,False,16
71,0.10653895996257813,10745827.897939336,0.08312599708685009,False,16
72,0.10615818441976481,10742836.446347082,0.083095877562631,False,16
73,0.10577946685262064,10739846.10213574,0.08306511698169318,False,16
74,0.10540279004092762,10736856.727550073,0.08303818293520887,False,16
75,0.10502814010448337,10733868.368428614,0.08300997559606202,False,16
76,0.10465550299706802,10730881.054183092,0.08298095126448012,False,16
77,0.10428063373007783,10727646.012511382,0.08294978645407614,False,16
78,0.10390780024619177,10724412.404406868,0.08291302832089072,False,16
79,0.1035369849500277,10721180.061259616,0.08288059351932948,False,16
80,0.1031715510812738,10718150.83519241,0.08285062747914769,False,16
81,0.10281142719975976,10715324.518261872,0.08282247415495633,False,16
82,0.10245654680182668,10712701.112939784,0.08278991154520703,False,16
83,0.1021068409082463,10710280.389633942,0.08275977113992165,False,16
84,0.10175893919757878,10707860.637115661,0.08272658182157282,False,16
85,0.10141261825825318,11205428.917557415,0.08313571139303334,False,16
86,0.10106807962730438,11202998.212335508,0.08310103322758501,False,16
87,0.10072531001506552,11200568.45635332,0.08306858058764194,False,16
88,0.10038429662906764,11198139.60760688,0.08303756398089016,False,16
89,0.100045027494947,11195711.667945912,0.08300648413575627,False,16
90,0.11310230451581048,11193284.477937497,0.08298085498854267,False,16
91,0.1126965974160894,11190853.144718077,0.0831225032280356,False,16
92,0.11229308621610729,11188422.641351769,0.08309413218150109,False,16
93,0.11189175553631484,11185992.992722988,0.08306491038566595,False,16
94,0.11149259086177121,11183564.262648344,0.08303350682545392,False,16
95,0.11109557829385525,11181136.541714549,0.08299900628355367,False,16
96,0.11070070484173335,11178709.963725882,0.08295993123644947,False,16
97,0.11030794886479048,11176284.190225564,0.08293242736133188,False,16
98,0.10991729587552228,11173859.256783294,0.08290370742806058,False,16
99,0.10952873383402567,11171435.326071108,0.08286942605771556,False,16
100,0.1091422433377017,11169012.152442599,0.08284354285504278,False,16
0,0.1,5000000.0,0.1047,False,17
1,0.10247148537275015,5583333.333333333,0.08305850083929649,False,17
2,0.10227911208889864,5625000.0,0.08303759385594099,False,17
3,0.10204836112320934,5666666.666666667,0.0829501326416207,False,17
4,0.10177467154028468,5707090.096808481,0.08288243499019332,False,17
5,0.1014670767120022,5746272.876297915,0.0827962392410603,False,17
6,0.10113035806313299,6284182.703627264,0.08348531860708082,False,17
7,0.10076832799864018,6320848.298553288,0.0833511956773761,False,17
8,0.10040339099730324,6357523.210406044,0.08319591356518272,False,17
9,0.1000368125387564,6394205.702295509,0.08306957962001273,False,17
10,0.1050368316834962,6430895.012566533,0.0829559399273767,False,17
11,0.10463926987258039,6467584.39405657,0.08295475294384806,False,17
12,0.10424221264168944,6504281.307053405,0.08282922783054568,False,17
13,0.10384532964524518,7040942.4527084,0.08342535019453295,False,17
14,0.1034496683451416,7077611.105073903,0.08330023835273953,False,17
15,0.10305546558183802,7114287.272439791,0.08317498834632749,False,17
16,0.10266289751385368,7150970.579432291,0.08305599456945809,False,17
17,0.10227210134924684,7187660.836988206,0.08294015184584629,False,17
18,0.1018831895863525,7224358.35736344,0.08281910485720616,False,17
19,0.10149559957825913,7761023.717045286,0.0833551164136857,False,17
20,0.10110192948979739,7797196.715081083,0.0832374034980275,False,17
21,0.10071043240087961,7833377.063820441,0.08312602920164729,False,17
22,0.10032114600115408,7869565.204385816,0.08300797123170281,False,17
23,0.1103101421025735,7906272.844091565,0.0829095416663255,False,17
24,0.1098825904926834,7943489.000169821,0.08299320444588225,False,17
25,0.10946690820695788,7981224.222343307,0.0828763002514771,False,17
26,0.10906289602262163,8019476.19657545,0.08278042265511665,False,17
27,0.10866068683800424,8557708.14635898,0.08326586383358506,False,17
28,0.10826072423229842,8595944.487382248,0.08315940953690971,False,17
29,0.10786300617494522,8634185.437646797,0.08304767035437843,False,17
30,0.10746748380334009,8672428.713699108,0.08299128762073342,False,17
31,0.1070741509737067,8710674.494046008,0.08293057744888885,False,17
32,0.1066829989393663,8748922.890709516,0.08286715159170839,False,17
33,0.10629400227695138,8787173.125627123,0.08282258785594253,False,17
34,0.10590716292095015,8825426.021568596,0.08275807818647063,False,17
35,0.1055220838142448,9363659.40992089,0.08323098943931047,False,17
36,0.10513912152165485,9401894.429467974,0.08319144532319371,False,17
37,0.10475825290562316,9440130.534244865,0.08316513672182835,False,17
38,0.1043794686001817,9478367.989052769,0.0831324086972681,False,17
39,0.10400276332194168,9516607.315242903,0.08308704185533781,False,17
40,0.10362812029892966,9554848.369806256,0.08304514189847678,False,17
41,0.10325551699630138,9593090.665939447,0.08301504323574672,False,17
42,0.10288493917134114,9631334.204732649,0.08298491814456772,False,17
43,0.1025163736238012,9669579.049437046,0.08295325969138556,False,17
44,0.102149288249885,9707793.794338288,0.08292331146341683,False,17
45,0.10177961153953044,9745730.54469512,0.0828870291074029,False,17
46,0.1014119636363926,9783668.860908106,0.08285223230401036,False,17
47,0.10103424284617248,9820863.634184137,0.08281284056729991,False,17
48,0.10066165970772797,9816579.635043176,0.0827825920958784,False,17
49,0.10029414836704408,9812483.521270182,0.08274977319177212,False,17
50,0.11603900255526879,9808575.245114433,0.08271483927512667,False,17
51,0.1156063389350036,9805590.420752792,0.08291178782340997,False,17
52,0.11517611902347881,9802606.986646729,0.08287316961280418,False,17
53,0.1147483238464011,9799624.911753416,0.08283541370312442,False,17
54,0.11432293214675093,9796644.039148089,0.08280201681467189,False,17
55,0.11389992920634963,9793664.536917962,0.08276395083682739,False,17
56,0.11347929425599779,9790686.25512236,0.08273004987781712,False,17
57,0.11306068215322874,10287692.136291482,0.08316996752440434,False,17
58,0.11264440120327804,10284698.961286094,0.08314375014958467,False,17
59,0.11223043798441255,10281706.934296234,0.08311186082943448,False,17
60,0.11181877848381336,10278716.224388665,0.08307527521028443,False,17
61,0.11140940458706604,10275726.777578006,0.08304018918498351,False,17
62,0.11100230577221128,10272738.936825972,0.08299557644537142,False,17
63,0.11059745810225627,10269752.322042335,0.08296152176769231,False,17
64,0.11019484504025835,10266766.936979918,0.082927362844916,False,17
65,0.10979444589627053,10263782.551145714,0.08289960650565228,False,17
66,0.10939625201526153,10260799.579407956,0.08286032604884233,False,17
67,0.10900024078018808,10257817.66925913,0.08283083746743196,False,17
68,0.1086063937077283,10254836.68100373,0.08280522931660961,False,17
69,0.10821469751251953,10251856.752969718,0.08277577872260274,False,17
70,0.10782514227465331,10248878.206702352,0.08273739631565878,False,17
71,0.10743741475808972,10745884.306611126,0.08316389142295903,False,17
72,0.10705179900739023,10742891.714990392,0.0831275450204237,False,17
73,0.10666827287720393,10739900.045616098,0.08310192706372334,False,17
74,0.10628682536904328,10736909.533000104,0.08306979488870264,False,17
75,0.10590744432108488,10733920.342035186,0.08303308235885508,False,17
76,0.10553011716071187,10730932.609588426,0.08299256796551184,False,17
77,0.10515053477707277,10727696.94289823,0.08296581256907701,False,17
78,0.10477302002084353,10724462.578425676,0.08293242237314098,False,17
79,0.10439755828326927,10721229.54097485,0.08289839617498568,False,17
80,0.10402755868356887,10718199.924567968,0.08286130343612717,False,17
81,0.10366294011745893,10715373.026059859,0.08283951672114723,False,17
82,0.10330363964134481,10712749.12666437,0.08280550360516281,False,17
83,0.10294958277517076,10710327.73943578,0.08278246935352505,False,17
84,0.10259735920022434,10707907.273568448,0.0827509698233527,False,17
85,0.10224695635877272,10705487.735462235,0.08271925149447522,False,17
86,0.10189815047514003,11203056.26572496,0.08312717050510267,False,17
87,0.10155114296924385,11200625.753804635,0.08309442462648672,False,17
88,0.10120591694478294,11198195.92131358,0.08307119627544457,False,17
89,0.10086246429010924,11195767.02068513,0.08303933772476996,False,17
90,0.10052076893824118,11193338.808702998,0.0830157942609596,False,17
91,0.10018082343715164,11190911.568739051,0.08298256286995,False,17
92,0.11323547707637402,11188485.060427347,0.08295754911805883,False,17
93,0.11282907094492434,11186054.377025545,0.08310028724116557,False,17
94,0.11242486751517831,11183624.619632581,0.08306862881928721,False,17
95,0.11202285147223756,11181195.820407122,0.08303587095588723,False,17
96,0.11162300671406383,11178767.962761903,0.08300368017843358,False,17
97,0.11122531672547624,11176341.00009403,0.08297308266225968,False,17
98,0.11082976381166329,11173914.81392507,0.08294653569088732,False,17
99,0.11043633330084769,11171489.438879866,0.0829188049642233,False,17
100,0.1100450154727723,11169065.171531145,0.08288093499904418,False,17
0,0.1,5000000.0,0.1047,False,18
1,0.10247719063066692,5583333.333333333,0.0830518430412297,False,18
2,0.10228480129604933,5625000.0,0.0830412885599337,False,18
3,0.10205403109742665,5666666.666666667,0.0829473480368745,False,18
4,0.10178032014473443,5707090.183000591,0.08287668884959755,False,18
5,0.10147269196212522,5746272.486164814,0.08281211674810739,False,18
6,0.1011359489599891,6284182.532670038,0.08348044803205362,False,18
7,0.10077390941011014,6320849.395740855,0.08333005993083484,False,18
8,0.10040895100115847,6357524.859445902,0.08318671602699727,False,18
9,0.10004235905799813,6394208.409956989,0.08305193592633076,False,18
10,0.10506883162687565,6430899.24120423,0.08293059032377384,False,18
11,0.10467111033757841,6467589.905982879,0.0829333648003102,False,18
12,0.10427389069333616,6504287.910668739,0.08281103301344726,False,18
13,0.1038768642950891,7040951.259621934,0.08338862855787489,False,18
14,0.10348106633651165,7077622.488131081,0.08325730262533831,False,18
15,0.10308672376879209,7114301.01296327,0.0831356972412909,False,18
16,0.10269402113822855,7150986.954646656,0.08301208305466706,False,18
17,0.10230310079609085,7187680.436246541,0.08288641777970567,False,18
18,0.10191405994813839,7224380.846518349,0.0827709399143419,False,18
19,0.10152634592353385,7761049.3822011,0.08330218306528209,False,18
20,0.10113255328624714,7797225.83245308,0.08318509719220847,False,18
21,0.10074093846539517,7833409.889575969,0.0830698415723966,False,18
22,0.10035151183807121,7869600.297148149,0.08297362264375055,False,18
23,0.11040138482107767,7906310.4856315125,0.08286692887446108,False,18
24,0.10997334373358966,7943528.83121559,0.08295237450051426,False,18
25,0.10955717826870115,7981265.754833868,0.08284043316762266,False,18
26,0.10915270121972677,8019519.610818454,0.08273480441406655,False,18
27,0.10875003522409003,8557753.734248105,0.08321316938217349,False,18
28,0.10834961236690654,8595991.877698975,0.08311571432239961,False,18
29,0.10795142824261471,8634234.121062258,0.08301632250624115,False,18
30,0.10755544847807891,8672478.989593532,0.08295268207014113,False,18
31,0.10716166056474923,8710726.308559863,0.08289327758391206,False,18
32,0.10677004177602128,8748975.396916958,0.08285038326230736,False,18
33,0.10638058803663711,8787226.683084873,0.08279710299995921,False,18
34,0.10599329312318563,8825480.528225876,0.0827350672888141,False,18
35,0.10560776159492666,9363714.883794926,0.08320754176038264,False,18
36,0.10522434514636428,9401950.58172466,0.08317499968320502,False,18
37,0.10484303843682274,9440188.111490771,0.08313059152857144,False,18
38,0.1044638245326585,9478427.307656538,0.0830901939611341,False,18
39,0.10408668680814409,9516668.028946867,0.08305322124450515,False,18
40,0.09562271417655144,10055333.901133701,0.0727465328443878,True,18
41,0.10826967432636586,10093693.700542899,0.08016647896890447,True,18
42,0.10799906919425613,10131913.549351683,0.08355922079711378,True,18
43,0.1076873446996146,10170135.284072962,0.08351350170634797,True,18
44,0.10735119571018795,10208327.324328884,0.08346873065411588,True,18
45,0.10699572303444212,10246239.690719947,0.08342889501344589,True,18
46,0.10663139800075874,10284153.191486217,0.08340368667549213,True,18
47,0.10624839945372108,10321318.03102777,0.08336716898357688,True,18
48,0.10586535233014255,10317005.8931608,0.08332633559361209,True,18
49,0.10548359015684815,10312882.573408542,0.08329938893445656,True,18
50,0.1051040399107939,10308947.928465554,0.08327290884629344,True,18
51,0.10474018951080304,10305951.446293086,0.08323561590193064,True,18
52,0.10437636697189513,10302956.195772205,0.0832014033578302,True,18
53,0.1040129844224409,10299962.565953432,0.08315638385475525,True,18
54,0.10365034793976974,10296970.210276803,0.08312099101746287,True,18
55,0.10328869725606524,10293979.018455954,0.08308866169020877,True,18
56,0.10292822856945201,10290989.508569201,0.08304194129865734,True,18
57,0.10256907679703968,10288001.04755986,0.08301280581505105,True,18
58,0.10221135446357353,10285013.626941048,0.08298390607807891,True,18
59,0.10185515018987024,10282027.361504171,0.08295181769106261,True,18
60,0.10150053456510676,10279042.519068757,0.08291228987257508,True,18
61,0.1011475564819203,10276059.036034472,0.08287452873012799,True,18
62,0.10079624592430428,10273076.472827643,0.08284897796748979,True,18
63,0.10044663348780565,10270095.052835412,0.08281722200645755,True,18
64,0.10009874490914493,10267115.205670279,0.08277353236478409,True,18
65,0.11487925943402613,10264136.624697417,0.0827383603572525,True,18
66,0.11445358145625166,10261152.033463672,0.08290531204850372,True,18
67,0.11403020752893607,10258168.19879477,0.08288429635838129,True,18
68,0.11360914163114455,10255185.423545953,0.08285486802269752,True,18
69,0.11319038135221268,10252203.845242023,0.08282161955364242,True,18
70,0.11277391062086453,10249223.016415892,0.08280080072586202,True,18
71,0.11235972780732228,10246243.338668486,0.0827688263168265,True,18
72,0.11194782732913823,10243265.091415724,0.08272909035448352,True,18
73,0.1115378819599084,10740271.516922101,0.08315484704503089,True,18
74,0.11113018911439342,10737278.934265718,0.08312729601071098,True,18
75,0.11072474298183033,10734287.758783204,0.08308820784760265,True,18
76,0.11032152887973691,10731297.962368509,0.08304990040826221,True,18
77,0.10991594206937091,10728060.034514142,0.0830237911375738,True,18
78,0.1095126067429716,10724823.405404638,0.08299048998728754,True,18
79,0.10911150521037213,10721587.954032151,0.0829602916022438,True,18
80,0.10871627940350578,10718555.803534787,0.08293061189374841,True,18
81,0.10832685147548406,10715726.801070739,0.0829011711076085,True,18
82,0.10794314616776414,10713100.85713564,0.08287002556520807,True,18
83,0.10756508593816015,10710677.673804102,0.08284387458246827,True,18
84,0.10718902034759416,10708255.193414569,0.08281984237716697,True,18
85,0.10681493871931293,10705833.58917618,0.08278988849198488,True,18
86,0.1064428278847635,10703412.892530771,0.08275885967211336,True,18
87,0.10607267465773385,10700993.130541885,0.08272690560291855,True,18
88,0.10570423924737234,11198561.26446042,0.08314072073386873,True,18
89,0.10533773512083147,11196130.240866935,0.08311191772598049,True,18
90,0.10497315135168973,11193700.204163235,0.08307817790426025,True,18
91,0.10461047651309612,11191271.266789475,0.0830405939746357,True,18
92,0.10424969357322734,11188843.207744224,0.08301056564956864,True,18
93,0.10389078556527817,11186415.799186852,0.0829883267477437,True,18
94,0.10353374531244944,11183989.384540174,0.08295434689497935,True,18
95,0.10317856013538336,11181563.979218159,0.08291984006889959,True,18
96,0.10282521303457257,11179139.333043324,0.08289388631915873,True,18
97,0.10247368904405144,11176715.30708525,0.08287268232732103,True,18
98,0.10212398125583616,11174292.24230085,0.08283982168889858,True,18
99,0.10177607598404352,11171870.06674944,0.0828094205609935,True,18
100,0.10142996281005062,11169448.90093489,0.08277489964270396,True,18
0,0.1,5000000.0,0.1047,False,19
1,0.10248093265800044,5583333.333333333,0.08304748127795936,False,19
2,0.10228853279558786,5625000.0,0.08302804228063382,False,19
3,0.10205774998196857,5666666.666666667,0.08294443593379153,False,19
4,0.10178402953181576,5707090.514997209,0.08285455574171233,False,19
5,0.1014764039380866,5746274.00520886,0.08277254850053184,False,19
6,0.101139668772694,6284185.669626201,0.08344449442948992,False,19
7,0.10077762863988389,6320853.730774483,0.0833100919730828,False,19
8,0.10041265581493956,6357529.552827396,0.0831807435625718,False,19
9,0.10004604883543301,6394213.430169355,0.08304648874514141,False,19
10,0.105077969555581,6430904.558941636,0.08292563157309019,False,19
11,0.10468020767672896,6467595.879654976,0.08292243255545549,False,19
12,0.10428295999164841,6504295.275820331,0.08278784168851684,False,19
13,0.10388589677947993,7040959.506267322,0.08337393699460525,False,19
14,0.10349006088310556,7077631.544216288,0.08324381196169162,False,19
15,0.10309568064385462,7114310.886523165,0.08312207266317827,False,19
16,0.10270294023960566,7150997.630226049,0.08299871606305666,False,19
17,0.10231195956961775,7187690.5388511885,0.08289596735877425,False,19
18,0.10192285369559156,7224390.063013982,0.08278570839788134,False,19
19,0.10153508102406354,7761058.076351692,0.083310888815939,False,19
20,0.10114123294488385,7797234.237729472,0.08318947407404316,False,19
21,0.10074956230346432,7833417.955732135,0.08307497975763296,False,19
22,0.1003600858993339,7869608.372993696,0.08297347583494116,False,19
23,0.11040597857047042,7906318.312657686,0.08287108886397511,False,19
24,0.10997790573912983,7943536.383142152,0.0829575045631774,False,19
25,0.10956170387818738,7981272.731431809,0.0828525613071866,False,19
26,0.10915719100386709,8019525.994565547,0.08274917655583724,False,19
27,0.10875448491045123,8557759.273981756,0.08323363031415647,False,19
28,0.10835402988431986,8595996.993963405,0.08312598024286119,False,19
29,0.10795581126359928,8634238.669091908,0.08303009789485478,False,19
30,0.1075597872112453,8672482.403524758,0.08298017536522562,False,19
31,0.10716596164167695,8710728.940117352,0.0829122442199685,False,19
32,0.10677430816972372,8748977.396288633,0.08286570897898367,False,19
33,0.10638481981943342,8787228.03757836,0.08281273641065173,False,19
34,0.10599749036958216,8825481.225200182,0.08275100714775,False,19
35,0.10561192019373208,9363714.670414288,0.08322961097114888,False,19
36,0.1052284667952516,9401949.536815647,0.0831951579468343,False,19
37,0.10484711773021135,9440185.901093967,0.08315884577807219,False,19
38,0.1044678663274503,9478424.194285277,0.08311208425102029,False,19
39,0.10409069307014499,9516664.109190056,0.08307276998515899,False,19
40,0.09642439732763833,9555349.149850272,0.07228184258065876,True,19
41,0.11018151102660696,9593703.464763388,0.08029943644965104,True,19
42,0.10990406064302645,9631942.113052499,0.0831034758195735,True,19
43,0.10958439889891498,9670182.231294373,0.08306784060101502,True,19
44,0.10923966424333315,9708392.074205974,0.08304106882911053,True,19
45,0.1088751238235771,9746323.233149301,0.08301128274083382,True,19
46,0.10850151171523602,9784255.637378654,0.08298360971804661,True,19
47,0.10810881141357302,9821442.974036116,0.08295055572598468,True,19
48,0.10771605297670497,9817152.0791384,0.08291584343413937,True,19
49,0.10732461976263039,9813049.557517119,0.08287922467236523,True,19
50,0.10693546128216522,9809135.164173659,0.08284430356528451,True,19
51,0.10656234314051083,9806154.085180586,0.08280774980753344,True,19
52,0.10618926483488937,9803174.080778567,0.0827779000560882,True,19
53,0.10581664971189783,9800195.56197229,0.08273663350772448,True,19
54,0.1054445155449669,10297201.043080136,0.08318108033759901,True,19
55,0.1050734081747169,10294207.580031145,0.08315175136088158,True,19
56,0.10470351486792938,10291214.875702508,0.08313067579556023,True,19
57,0.10433499143161146,10288223.312648855,0.08309897371251594,True,19
58,0.10396795364127448,10285232.913277391,0.08306664920730772,True,19
59,0.10360249259437745,10282243.815838942,0.08303048440135438,True,19
60,0.10323867733922532,10279256.10093097,0.08299208077703306,True,19
61,0.10287655883422368,10276269.764510084,0.08295378946902769,True,19
62,0.10251617040969399,10273284.534929417,0.08292304390736221,True,19
63,0.10215754046643317,10270300.47027805,0.08289068476019447,True,19
64,0.10180069232957918,10267317.826024614,0.08285122926213678,True,19
65,0.10144563167568026,10264336.183953214,0.0828233908722486,True,19
66,0.10109236805268754,10261355.676208517,0.08279188179711239,True,19
67,0.10074090664834201,10258376.422633452,0.08275704375182077,True,19
68,0.10039124283987523,10255398.13720547,0.08273015077728574,True,19
69,0.10004311310428514,10752404.482963784,0.08315706226905008,True,19
70,0.11368804340422344,10749412.004838834,0.08312439235969525,True,19
71,0.11326846466981441,10746413.799143502,0.08328349153697334,True,19
72,0.11285120359689679,10743416.728503115,0.08325196223298373,True,19
73,0.11243625189471267,10740421.004964303,0.0832145427447759,True,19
74,0.1120235925853306,10737426.433049615,0.08318255318575589,True,19
75,0.11161321572461676,10734433.222288486,0.08314474336472003,True,19
76,0.11120510845263998,10731441.45798604,0.08310456395682321,True,19
77,0.11079461179981591,10728201.695636524,0.08307082947480625,True,19
78,0.11038640518139729,10724963.346913286,0.08303458264710625,True,19
79,0.1099804735813289,10721726.456951251,0.08299717851368446,True,19
80,0.10958050096703331,10718693.081402374,0.08296411757614598,True,19
81,0.10918640750448559,10715863.033445092,0.08293180827198435,True,19
82,0.108798110901699,10713235.907876525,0.08290731577326238,True,19
83,0.10841554036008777,10710811.849707533,0.0828737835553329,True,19
84,0.10803499766048548,10708388.574587371,0.08284701265509424,True,19
85,0.10765646736372898,10705966.003367852,0.08282294767591944,True,19
86,0.10727993814749825,10703544.28395488,0.08279382608455302,True,19
87,0.10690539909811356,10701123.586457392,0.0827588888029571,True,19
88,0.10653283365388329,10698703.758119307,0.08272917395160999,True,19
89,0.10616199967219903,11196271.718962852,0.08314663782760646,True,19
90,0.10579311310336142,11193840.481629446,0.08311922507367751,True,19
91,0.10542616146708135,11191410.108653143,0.08308967440348365,True,19
92,0.1050611327880287,11188980.687294753,0.08305714045775152,True,19
93,0.10469801504540051,11186552.297846213,0.0830218614885599,True,19
94,0.10433679120893623,11184124.721547427,0.08299406149696592,True,19
95,0.10397744842010001,11181697.975204377,0.08296568694185397,True,19
96,0.10361997739433149,11179272.281838894,0.0829296877088587,True,19
97,0.10326436314270059,11176847.522105513,0.08289776866267036,True,19
98,0.10291059177000993,11174423.633305104,0.0828679931763721,True,19
99,0.1025586515816931,11172000.677668234,0.08283609014941308,True,19
100,0.10220852449901832,11169578.325158205,0.08281547042835252,True,19
0,0.1,5000000.0,0.1047,False,20
1,0.10248413202817867,5583333.333333333,0.08304375519684687,False,20
2,0.10229172316452717,5625000.0,0.08303294569688582,False,20
3,0.10206092956511739,5666666.666666667,0.08295167915339957,False,20
4,0.1017871947298776,5707090.416960324,0.08286109153398756,False,20
5,0.10147954516500056,5746273.316924461,0.08279222341765083,False,20
6,0.10114278073630019,6284184.141446189,0.08346315877643669,False,20
7,0.10078070250672304,6320850.877916164,0.08333216994487536,False,20
8,0.10041570420618873,6357526.152484514,0.0831898683052753,False,20
9,0.1000490676100938,6394209.22005872,0.08305998487434768,False,20
10,0.10508902009084597,6430900.801193329,0.08291809220096302,False,20
11,0.10469120482642294,6467592.663717249,0.08291340237911371,False,20
12,0.10429389920810982,6504292.328878744,0.08278335841952801,False,20
13,0.10389677019362353,7040956.357523278,0.08337730036886792,False,20
14,0.10350087083690555,7077628.312071987,0.0832452019659491,False,20
15,0.10310643386202711,7114307.951412568,0.08311712210145757,False,20
16,0.10271362744143062,7150994.41498793,0.08300338485509307,False,20
17,0.1023225859305763,7187687.329620946,0.08289586722752092,False,20
18,0.10193341781462187,7224386.749840059,0.08278744079257108,False,20
19,0.10154557279890615,7761054.020306898,0.08332326999712425,False,20
20,0.10115164349475832,7797228.934454881,0.08320837149523068,False,20
21,0.10075988485862797,7833410.943519158,0.08310087276346716,False,20
22,0.10037032971398821,7869600.179739165,0.08299137040393076,False,20
23,0.11038957020889542,7906308.821495725,0.08289278846573307,False,20
24,0.10996157861563091,7943526.128958421,0.08297173340738656,False,20
25,0.10954545251982194,7981261.560661791,0.08287188328422736,False,20
26,0.10914101582422217,8019514.071672144,0.08276740985003285,False,20
27,0.10873838096693618,8557746.348985711,0.0832579237114755,False,20
28,0.10833798884995707,8595982.630263807,0.08316085790470176,False,20
29,0.10793982581134672,8634222.47846084,0.08307438714261123,False,20
30,0.10754386727755207,8672464.959924048,0.08301055038688418,False,20
31,0.10715010410138219,8710710.089874083,0.082946344645572,False,20
32,0.1067585193782814,8748957.520970725,0.08289055927337895,False,20
33,0.10636910594496951,8787207.514307998,0.08282844434891562,False,20
34,0.1059818490132936,8825459.945628723,0.08276934171978914,False,20
35,0.10559672745979647,8863714.357801465,0.08272132106483428,False,20
36,0.10521333861894742,9401948.176042998,0.08322056788199984,False,20
37,0.10483205878830196,9440183.788647994,0.08317706816167733,False,20
38,0.10445287068451992,9478421.009035215,0.08313809162288946,False,20
39,0.10407576103881223,9516659.8929042,0.08309776479227969,False,20
40,0.10370071684262229,9554900.518681219,0.08305553671869899,False,20
41,0.10332771438072678,9593142.331506947,0.0830267597802907,False,20
42,0.1029567444484005,9631385.635082219,0.08299062039744924,False,20
43,0.1025877939053226,9669630.501792109,0.08295272622486535,False,20
44,0.10222032643884836,9707845.30936357,0.0829218059768023,False,20
45,0.10185026794545551,9745782.26432264,0.08288248239106458,False,20
46,0.10148224064783017,9783720.761750046,0.08284820531685719,False,20
47,0.10110412356746784,9820915.278475383,0.08281759150610472,False,20
48,0.10073115132042078,9816631.089939235,0.08278625190624361,False,20
49,0.10036326933156553,9812535.56343905,0.08273790909468878,False,20
50,0.10000004425631596,10308605.620847546,0.0831733881800131,False,20
51,0.1146807897260499,10305612.729395896,0.08313587365694435,False,20
52,0.11425540151862314,10302613.031498352,0.08332494159841627,False,20
53,0.11383240035462175,10299614.551227847,0.0832911186250792,False,20
54,0.11341177233433275,10296617.492253345,0.08325163818063298,False,20
55,0.11299350114673085,10293621.92885809,0.08321009431260856,False,20
56,0.11257756025181384,10290627.39243404,0.08318156733473063,False,20
57,0.11216393489611538,10287634.016937107,0.08314931935926953,False,20
58,0.11175261364119574,10284642.106738802,0.08310861661955862,False,20
59,0.11134358044683794,10281651.719371937,0.08306631574629071,False,20
60,0.11093681287077214,10278662.562182605,0.08303214414809221,False,20
61,0.1105322925693325,10275674.54857334,0.08300037803512489,False,20
62,0.11013000152485018,10272687.599438969,0.08297080928802915,False,20
63,0.10972992158853027,10269701.61857495,0.08294391288941998,False,20
64,0.10933204036175628,10266716.814467793,0.08291122519881375,False,20
65,0.10893634550203644,10263733.395126667,0.08287275947566589,False,20
66,0.10854281994582583,10260751.303533182,0.082835877596822,False,20
67,0.108151445685607,10257770.420726782,0.0828023001777306,False,20
68,0.1077622064249996,10254790.712856242,0.0827696630705363,False,20
69,0.10737508753890976,10251812.23137206,0.08273559678284945,False,20
70,0.10698978032797998,10748818.380707636,0.083162518456196,False,20
71,0.10660656467206377,10745825.683486177,0.0831304783739045,False,20
72,0.10622541939059156,10742833.794688854,0.08310802214782884,False,20
73,0.10584633833585062,10739843.218462171,0.08307156185228902,False,20
74,0.10546930463370965,10736853.84189789,0.08303823789665875,False,20
75,0.1050943002125192,10733865.472237034,0.08301026835712587,False,20
76,0.10472131362727322,10730878.292062001,0.08297722708425245,False,20
77,0.10434609291979427,10727643.357281575,0.08294704565196713,False,20
78,0.10397290333945264,10724409.43169949,0.08292116877143595,False,20
79,0.10360173164598459,10721176.599994516,0.08289312064040534,False,20
80,0.10323595381024818,10718147.284204448,0.08285308143779543,False,20
81,0.10287549049639498,10715320.814502284,0.08282695097910366,False,20
82,0.10252027364314506,10712697.103685841,0.08279955239273457,False,20
83,0.10217023530418019,10710275.987854661,0.08277319080953754,False,20
84,0.10182200047533148,10707855.661517173,0.08274619957221457,False,20
85,0.10147555827935734,10705436.217520438,0.08271603407636083,False,20
86,0.10113069080797671,11203004.996027064,0.08311868353424594,False,20
87,0.10078758951136006,11200574.407108506,0.08309705704472745,False,20
88,0.10044624728612152,11198144.759064091,0.08306489040743822,False,20
89,0.10010665034370049,11195715.942068856,0.0830364784696116,False,20
90,0.11312525152101972,11193287.917103155,0.08300940053675349,False,20
91,0.11271940265870643,11190855.62286433,0.0831553585923121,False,20
92,0.11231575438582458,11188424.34811729,0.08312050417234916,False,20
93,0.11191428936148891,11185994.017586118,0.08308822328796499,False,20
94,0.11151499522567995,11183564.811630052,0.0830497762757503,False,20
95,0.11111785318310571,11181136.562801147,0.0830170539796213,False,20
96,0.1107228442188552,11178709.080667643,0.08299084217109774,False,20
97,0.11032995562700298,11176282.504176045,0.08295988005460214,False,20
98,0.10993916852833667,11173856.632408392,0.08293578692828611,False,20
99,0.10955046949316374,11171431.550411496,0.08290878621860685,False,20
100,0.10916384816616755,11169007.50653487,0.08287329492735283,False,20
0,0.1,5000000.0,0.1047,False,21
1,0.10246790058850198,5583333.333333333,0.08306268887576239,False,21
2,0.10227553738959913,5625000.0,0.08303680123369056,False,21
3,0.10204479850826531,5666666.666666667,0.08295266323488275,False,21
4,0.10177112463917182,5707090.182072307,0.08287675073506894,False,21
5,0.10146354604819406,5746272.972453242,0.08279587619103883,False,21
6,0.1011268451232564,6284182.810410681,0.08348508242728787,False,21
7,0.10076484645349952,6320849.182459058,0.0833382436381811,False,21
8,0.10039991382080611,6357523.191006594,0.08321096865217349,False,21
9,0.10003333750284532,6394204.627092078,0.08308717635305024,False,21
10,0.10503461428704207,6430894.031142751,0.0829543769332302,False,21
11,0.10463706977748219,6467583.689299279,0.08295014183565762,False,21
12,0.10424002594637623,6504280.654980636,0.08282834975514752,False,21
13,0.10384316239278525,7040942.213142859,0.08341847507405767,False,21
14,0.10344753533359369,7077612.166880662,0.08327854881439171,False,21
15,0.10305336727180132,7114289.682268808,0.08315252130868128,False,21
16,0.10266084484470209,7150975.015551462,0.08302222306689909,False,21
17,0.10227009577816948,7187667.4155027075,0.0829044452570255,False,21
18,0.101881223911756,7224366.669232732,0.08279021561071258,False,21
19,0.10149367504912364,7761033.862324807,0.08332455957654991,False,21
20,0.1011000556152654,7797209.291334384,0.08320057056197389,False,21
21,0.10070861619405969,7833392.538995567,0.0830821061437118,False,21
22,0.10031938072204197,7869583.197484564,0.08296982087377633,False,21
23,0.11037312486834851,7906293.8137163995,0.08285977738484783,False,21
24,0.10994525314907229,7943512.445579648,0.08294703596118022,False,21
25,0.10952925076902546,7981249.580914817,0.08283597009742488,False,21
26,0.10912493091947577,8019503.589207615,0.08273111209379995,False,21
27,0.10872241703726324,8557737.639615683,0.08321493960238073,False,21
28,0.10832215045635683,8595976.003488313,0.08311037076452027,False,21
29,0.10792412077382979,8634218.430383291,0.08301187325305975,False,21
30,0.10752828392034176,8672462.89952368,0.08296236427343852,False,21
31,0.10713463952863284,8710709.911482774,0.08290072018360388,False,21
32,0.10674316718410974,8748958.917326681,0.08285238358203748,False,21
33,0.10635385785009066,8787210.065693965,0.0828004436213988,False,21
34,0.1059666991283309,8825463.362079859,0.0827483704429189,False,21
35,0.10558129711613275,9363696.831161411,0.08322903236640379,False,21
36,0.10519801877536934,9401932.192751579,0.08318315336965679,False,21
37,0.1048168533219796,9440169.627527101,0.08313289433071412,False,21
38,0.10443777406305782,9478408.400960095,0.0831004420284248,False,21
39,0.10406076905569454,9516648.642038425,0.0830648627475131,False,21
40,0.10368582121513367,9554890.183796696,0.08303333111264544,False,21
41,0.10331292199964281,9593133.368273359,0.08299350763642331,False,21
42,0.10294205446235455,9631378.042116128,0.0829574017913844,False,21
43,0.1025732051955508,9669624.261114376,0.08291994347677682,False,21
44,0.1022058469274603,9707840.94333033,0.08287677258958327,False,21
45,0.10183589647747575,9745779.698054215,0.08284248761737147,False,21
46,0.10146797710370231,9783720.042571241,0.08280715888089712,False,21
47,0.10108997112347788,9820916.500487285,0.08278164353008247,False,21
48,0.10071711667479309,9816634.765729638,0.0827388358965304,False,21
49,0.1003489589576214,10312517.284982162,0.08318142924194805,False,21
50,0.11511539913632801,10308588.652857695,0.08314565342787715,False,21
51,0.11468758685437411,10305588.693731014,0.08333219796335738,False,21
52,0.11426218545503905,10302590.248612745,0.08329014217416368,False,21
53,0.11383917264785592,10299593.100514462,0.08325411384117222,False,21
54,0.11341853018018722,10296597.22873389,0.08321866057139567,False,21
55,0.11300023777211367,10293602.498204172,0.083186959158835,False,21
56,0.11258428957541829,10290609.519071605,0.08313830923789745,False,21
57,0.11217066358461916,10287618.055106554,0.08309622125143994,False,21
58,0.11175934217100453,10284628.08838649,0.08305463111293768,False,21
59,0.11135030415604275,10281639.403033962,0.08301903757018195,False,21
60,0.11094353153562833,10278651.940150531,0.08298508009531662,False,21
61,0.11053900230733546,10275665.415810023,0.08295900945858141,False,21
62,0.11013670835770463,10272680.28403783,0.08292032700527009,False,21
63,0.10973663004520318,10269696.372668102,0.08288642693689598,False,21
64,0.10933874977195401,10266713.609450707,0.08285453381658585,False,21
65,0.10894305040370855,10263731.937913235,0.08282420937425641,False,21
66,0.10854951853397315,10260751.498631299,0.0827899800538149,False,21
67,0.108158139538594,10257772.359375402,0.08275386821934282,False,21
68,0.10776889755901324,10254794.512225103,0.0827179763972387,False,21
69,0.10738148119155375,10751801.309121745,0.08314453064886437,False,21
70,0.10699617093340526,10748809.223496068,0.08311348960212409,False,21
71,0.106612957197924,10745818.578938255,0.08307345993920558,False,21
72,0.10623182262084935,10742829.253293145,0.08303682347529744,False,21
73,0.10585274949471044,10739841.094105009,0.08300442189269154,False,21
74,0.10547572163200886,10736854.025644092,0.08297412391440628,False,21
75,0.10510072374127195,10733868.014843276,0.08294474446712331,False,21
76,0.1047277374371983,10730882.839428244,0.08292153930645176,False,21
77,0.1043525219141852,10727650.22751909,0.08288748485012533,False,21
78,0.10397934126634449,10724418.856646275,0.08285566340548603,False,21
79,0.10360817745413672,10721188.530106653,0.08282888563136112,False,21
80,0.10324239902004213,10718161.206632935,0.08279859073422785,False,21
81,0.10288193447835313,10715336.679318178,0.08277003120165519,False,21
82,0.10252671263335669,10712714.671120444,0.08274582083582659,False,21
83,0.1021766680996072,10710295.169741567,0.08271799585901594,False,21
84,0.10182821479273327,11207863.523461172,0.08313320616736072,False,21
85,0.10148155836050271,11205432.88952755,0.08309859602127458,False,21
86,0.10113668688865436,11203003.29559593,0.08306304039720219,False,21
87,0.10079358224234478,11200574.37835132,0.08303990579867496,False,21
88,0.1004522341060467,11198146.246882064,0.08301304168392706,False,21
89,0.10011263253690453,11195719.029361844,0.08298179556303598,False,21
90,0.11324221587487397,11193292.763229318,0.08294926948809841,False,21
91,0.11283576675338186,11190861.950001992,0.0831047257205639,False,21
92,0.11243152029263966,11188432.043095745,0.0830737403844883,False,21
93,0.11202945788903933,11186002.900809929,0.08304759951507212,False,21
94,0.11162956534476343,11183574.60472014,0.08301866973638981,False,21
95,0.11123182839489877,11181147.227015981,0.0829872719370326,False,21
96,0.11083623384389736,11178720.891297968,0.08295164847915634,False,21
97,0.11044276552621374,11176295.556038912,0.08291744475402711,False,21
98,0.11005140857738688,11173871.241910364,0.08288253430931784,False,21
99,0.10966214558084389,11171447.823390301,0.08285191521578106,False,21
100,0.10927495943743955,11169025.18227845,0.08282533715732392,False,21
0,0.1,5000000.0,0.1047,False,22
1,0.10249262470290603,5583333.333333333,0.08303387844715357,False,22
2,0.10230019194493652,5625000.0,0.08303618598919824,False,22
3,0.10206936971401513,5666666.666666667,0.08296226346992686,False,22
4,0.1017956006299388,5707090.396719763,0.08286244090477354,False,22
5,0.10148791043030295,5746273.139230862,0.08279747185225574,False,22
6,0.10115109203905055,6284183.202237396,0.08348008133632011,False,22
7,0.10078895650891181,6320849.151081511,0.08334529704252398,False,22
8,0.10042389129110953,6357523.04858506,0.08321281938528655,False,22
9,0.10005717561500027,6394203.970695839,0.08309574259812451,False,22
10,0.10505568439473381,6430893.076704241,0.08295934430441622,False,22
11,0.10465801922711575,6467582.664438302,0.0829513155434337,False,22
12,0.10426087458635896,6504280.703856497,0.08281045414119843,False,22
13,0.10386389634186977,7040942.510581767,0.0834143323566214,False,22
14,0.10346814919751562,7077612.359429502,0.08328029698221344,False,22
15,0.10307386314369431,7114289.854389313,0.08315286178093616,False,22
16,0.10268121460682586,7150974.635625809,0.08303142383616476,False,22
17,0.1022903375711448,7187666.319298875,0.0829163832266908,False,22
18,0.1019013301197918,7224364.337726854,0.08281080397814923,False,22
19,0.10151364365290891,7761030.120364194,0.08334806715544847,False,22
20,0.1011198738521391,7797203.433411298,0.08323263059941652,False,22
21,0.10072827837981131,7833384.134782962,0.08312068628793268,False,22
22,0.10033887814239052,7869571.620453982,0.08301789387343829,False,22
23,0.11032738623085409,7906279.096872267,0.0829122716552636,False,22
24,0.10989973575842059,7943495.32062015,0.08299194254141364,False,22
25,0.10948394001831728,7981229.651721404,0.08289508438289116,False,22
26,0.1090798260955702,8019481.209221881,0.08279052524097634,False,22
27,0.10867751344168823,8557712.609213272,0.0832791921278778,False,22
28,0.10827744393909293,8595948.165330203,0.08317843756931217,False,22
29,0.10787961308373524,8634187.953700705,0.08307583748277769,False,22
30,0.10748398584946414,8672430.462869221,0.0830098787430322,False,22
31,0.10709054820950543,8710675.432908535,0.08295022126910807,False,22
32,0.10669928893542152,8748922.834496291,0.08289127464017625,False,22
33,0.10631019024798631,8787172.32370239,0.08284066571074622,False,22
34,0.10592324022694126,8825423.931954658,0.08278929489445244,False,22
35,0.10553842188514506,8863677.43428115,0.08274337794365483,False,22
36,0.10515570897758794,8901932.089966625,0.08271541772580991,False,22
37,0.10477472868592119,9440166.929779999,0.08319580250402774,False,22
38,0.10439584373424199,9478403.714787966,0.0831486462715064,False,22
39,0.10401902790202748,9516641.740812685,0.08311856101684093,False,22
40,0.1036442741407552,9554881.43197605,0.08307819401937228,False,22
41,0.10327156446755074,9593122.572612932,0.0830430552675123,False,22
42,0.1029008854149463,9631365.214185935,0.08300666893728309,False,22
43,0.10253222209885843,9669609.323046556,0.08297109832831506,False,22
44,0.10216504581380954,9707823.709830677,0.08293191428220989,False,22
45,0.10179528264107286,9745760.39654389,0.08288844341006116,False,22
46,0.101427549181201,9783698.665779684,0.08285327624159336,False,22
47,0.10104973592206253,9820893.09884154,0.08281914082983788,False,22
48,0.10067706577415535,9816609.010921521,0.08278430763321104,False,22
49,0.10030946723732408,9812512.713503197,0.08275348319850577,False,22
50,0.1160445154594931,9808604.057374308,0.0827228810346841,False,22
51,0.11561181810724647,9805619.084349006,0.0829159173695065,False,22
52,0.11518155892976217,9802635.207894163,0.08288545707896058,False,22
53,0.11475371255474416,9799652.06625872,0.08286504542902279,False,22
54,0.11432827559419499,9796670.407534303,0.08282385345598128,False,22
55,0.11390522414692093,9793689.93172705,0.08279099464596221,False,22
56,0.11348454484370607,9790710.869270436,0.08275173490589514,False,22
57,0.11306621439138571,9787732.930483526,0.08272052185861768,False,22
58,0.11264988980295235,10284739.067556687,0.0831628590788759,False,22
59,0.11223587966900785,10281746.160584185,0.0831363047917302,False,22
60,0.11182417058701834,10278754.40794677,0.08310423992821477,False,22
61,0.11141474484200564,10275763.774454841,0.08307315255353583,False,22
62,0.11100758817821711,10272774.400995608,0.08303815164535629,False,22
63,0.11060268192359436,10269786.185486076,0.08300598637592027,False,22
64,0.11020000851250082,10266799.075168926,0.08297528658746224,False,22
65,0.10979955337347294,10263813.170827987,0.08294178724832556,False,22
66,0.10940129931115182,10260828.423644586,0.0829096439833144,False,22
67,0.10900523197163427,10257844.931876004,0.08287477134949661,False,22
68,0.10861133440079708,10254862.643917613,0.08284133217751505,False,22
69,0.10821958713618168,10251881.359384889,0.0828134592423128,False,22
70,0.10782998088720858,10248901.434326096,0.08277569607760488,False,22
71,0.10744249618508717,10245922.652209241,0.08274394769036342,False,22
72,0.10705711495936075,10242944.862834696,0.0827163715150916,False,22
73,0.10667353573234403,10739951.79666236,0.08314072700934291,False,22
74,0.10629203067663055,10736959.606121128,0.0831164039230635,False,22
75,0.10591258655433225,10733968.390001278,0.08308933666244829,False,22
76,0.10553518854886548,10730978.150253966,0.0830622152031508,False,22
77,0.10515553926344696,10727740.18472553,0.08302475713935838,False,22
78,0.10477795719768175,10724503.461182818,0.0829929113516183,False,22
79,0.1044024317694728,10721268.240205916,0.08295438402314301,False,22
80,0.10403236818729884,10718236.374223944,0.08292283027618153,False,22
81,0.1036676948097522,10715407.721492643,0.08289092252898808,False,22
82,0.1033083401301425,10712782.061257327,0.08286107251487831,False,22
83,0.10295423603429459,10710359.288952285,0.08282982239467802,False,22
84,0.10260196343928335,10707937.305839155,0.08280284147447851,False,22
85,0.1022515100105773,10705516.130029216,0.08277524136543056,False,22
86,0.10190286447284685,10703095.83786235,0.08274503134582699,False,22
87,0.10155601434953695,10700676.427147977,0.08271489621796158,False,22
88,0.10121073946134729,11198245.114700409,0.08312179307924221,False,22
89,0.10086723773682094,11195814.695768172,0.08309124554655839,False,22
90,0.10052549453281164,11193385.015278064,0.08306599966180966,False,22
91,0.10018549787372115,11190956.07509305,0.08304069008589147,False,22
92,0.11314456698105607,11188528.020730136,0.08301040556967494,False,22
93,0.11273861647634148,11186095.608880807,0.08315937946424606,False,22
94,0.1123348626990221,11183663.975253392,0.08313277358689551,False,22
95,0.11193329051666062,11181233.15783074,0.08310486915048833,False,22
96,0.11153388210684814,11178803.044790085,0.08308078771464007,False,22
97,0.11113662760299883,11176373.93963784,0.08304632999131609,False,22
98,0.11074151063772072,11173945.795519182,0.08301347414210336,False,22
99,0.11034851786263834,11171518.720173286,0.08297693490243525,False,22
100,0.10995763356811639,11169092.687907988,0.08294127402732243,False,22
0,0.1,5000000.0,0.1047,False,23
1,0.10247786309597898,5583333.333333333,0.08305105891229124,False,23
2,0.10228547186946604,5625000.0,0.0830401403012699,False,23
3,0.1020546994038678,5666666.666666667,0.08296363062249647,False,23
4,0.10178098337920936,5707090.037521409,0.08288638746165929,False,23
5,0.10147335961453881,5746272.795132107,0.08279696853230563,False,23
6,0.10113662135619352,6284183.3378547095,0.0834694209792082,False,23
7,0.1007745697385667,6320849.677320864,0.08333878667520965,False,23
8,0.10040959735773901,6357524.494642442,0.08319748908481085,False,23
9,0.10004299212589193,6394207.4349852055,0.08306210539838005,False,23
10,0.10505584182123101,6430897.464221416,0.08294395717427624,False,23
11,0.10465818951040282,6467587.855959289,0.0829379154799115,False,23
12,0.10426103615724343,6504285.440119757,0.08281804176999302,False,23
13,0.10386407358388942,7040948.2282383805,0.08339797580072729,False,23
14,0.10346833773850263,7077618.809431279,0.08326809122949046,False,23
15,0.10307405699510974,7114296.686576816,0.08314649201882908,False,23
16,0.10268141822723369,7150982.1222413685,0.08302051670192633,False,23
17,0.10229055218937633,7187674.541780892,0.0829041187857321,False,23
18,0.10190156292214499,7224373.741372842,0.08279111791193691,False,23
19,0.10151389433661245,7761040.699797774,0.08332847069558366,False,23
20,0.10112014744088532,7797215.512787393,0.08320990419768926,False,23
21,0.1007285704894996,7833397.459470583,0.08310181793145827,False,23
22,0.10033919631187922,7869586.673775681,0.08299170244800244,False,23
23,0.1103445851132516,7906294.924295306,0.08289932952213194,False,23
24,0.10991685283781555,7943512.129147038,0.08297364689853978,False,23
25,0.10950098881632243,7981248.0299170045,0.08286199518733985,False,23
26,0.10909680896988966,8019501.144663075,0.08275277383263346,False,23
27,0.10869443200590732,8557734.175580058,0.08323965453774752,False,23
28,0.10829430020944202,8595971.454115558,0.08313668196765812,False,23
29,0.1078964040167189,8634212.775274422,0.0830386789770323,False,23
30,0.107500705089087,8672456.438780537,0.0829818948012303,False,23
31,0.1071071966893091,8710702.590293022,0.08292157949531546,False,23
32,0.10671586440105978,8748951.020041978,0.08286634952021299,False,23
33,0.10632669628568675,8787201.715318687,0.08281142763533371,False,23
34,0.10593968539009505,8825454.99585306,0.08274875472223629,False,23
35,0.10555443346380301,9363688.633652456,0.08322494223684851,False,23
36,0.10517130062105931,9401923.96200091,0.08318395922938458,False,23
37,0.10479026582263472,9440160.55923804,0.0831531982917788,False,23
38,0.1044113183248225,9478398.612806382,0.08311789329270891,False,23
39,0.10403444208084386,9516638.011085004,0.08308529425560238,False,23
40,0.10365962488340241,9554878.873926023,0.0830497897126721,False,23
41,0.10328685442810259,9593121.32129606,0.08301137688793146,False,23
42,0.10291611357177094,9631365.186599758,0.08297700273861625,False,23
43,0.10254738640288834,9669610.373073084,0.08294497438398496,False,23
44,0.1021801439759994,9707825.681528416,0.08290977356354884,False,23
45,0.10181031490797116,9745763.34093504,0.08286682800089605,False,23
46,0.10144251329633222,9783702.418627094,0.08283531054694775,False,23
47,0.10106462988072325,9820897.673640195,0.08280391951044634,False,23
48,0.10069189088267545,9816614.417866673,0.08276822750766478,False,23
49,0.10032422933384502,9812519.246463383,0.08273073542004333,False,23
50,0.11503807344203322,10308589.268943992,0.08317412739454023,False,23
51,0.11461067318116837,10305588.372889504,0.08335822373579498,False,23
52,0.114185684921375,10302589.20299321,0.0833102748970536,False,23
53,0.11376307708072952,10299591.064678384,0.08328161985630864,False,23
54,0.1133428333151079,10296594.030374117,0.08325095289625842,False,23
55,0.1129249409312804,10293598.35647657,0.0832131638207877,False,23
56,0.11250937929514457,10290603.880189467,0.08317989686393588,False,23
57,0.11209612794934926,10287610.436118556,0.0831512241919884,False,23
58,0.11168517746292954,10284618.431898605,0.08311122833196305,False,23
59,0.11127650377661884,10281627.495551864,0.08308156518723438,False,23
60,0.1108700945068513,10278637.864831254,0.08304529779472418,False,23
61,0.11046593199808795,10275649.490134267,0.08301040824959845,False,23
62,0.11006399630254722,10272662.18818085,0.08298060981712144,False,23
63,0.1096642757547594,10269676.215039935,0.08294369835875914,False,23
64,0.10926675137036593,10266691.422953455,0.08291089129110384,False,23
65,0.10887141428049507,10263708.210343502,0.0828670169430451,False,23
66,0.10847824342439703,10260726.300461551,0.08283083005423143,False,23
67,0.10808722063753988,10257745.563749421,0.08279824200364305,False,23
68,0.10769832926027856,10254765.94407213,0.08276721325814211,False,23
69,0.1073115526054221,10251787.374517325,0.08273804318900244,False,23
70,0.10692658933946599,10748793.65781783,0.08315879720818843,False,23
71,0.10654371123777848,10745800.872386003,0.08313292866184611,False,23
72,0.10616291131529407,10742809.480677633,0.0830942141214141,False,23
73,0.10578416852871875,10739819.138154807,0.08306507007852978,False,23
74,0.10540746836754308,10736829.863018125,0.08303542046335864,False,23
75,0.10503279389483408,10733841.524944676,0.08300939092909103,False,23
76,0.10466013388533638,10730854.317154635,0.08297799416781805,False,23
77,0.10428523889273858,10727619.223162992,0.08295112799081442,False,23
78,0.10391237449997236,10724385.245162291,0.08292251283852924,False,23
79,0.103541529255088,10721152.57467442,0.08288898686848509,False,23
80,0.1031760671346226,10718123.095436998,0.08285755179278595,False,23
81,0.10281592108160097,10715296.864438469,0.08281995600083383,False,23
82,0.10246101793098472,10712673.487665722,0.08278901057977614,False,23
83,0.10211128725224278,10710252.646915898,0.08276378631880396,False,23
84,0.10176335870930457,10707832.641315272,0.08273523420938003,False,23
85,0.10141700812867965,11205400.485167509,0.0831506375303695,False,23
86,0.10107244013413372,11202969.346510217,0.08311585153137753,False,23
87,0.10072964385430153,11200539.310225887,0.0830781635668381,False,23
88,0.10038860111792222,11198110.001900809,0.0830532760710781,False,23
89,0.10004930124321437,11195681.501640681,0.08302564991895182,False,23
90,0.11308722802233813,11193253.986175148,0.08299198172765654,False,23
91,0.11268158681321809,11190821.860724859,0.08314958804403078,False,23
92,0.11227813967676156,11188390.491085572,0.083123748351673,False,23
93,0.11187687222143157,11185959.95305656,0.08309531723110829,False,23
94,0.11147777185931673,11183530.412457135,0.08306121707442882,False,23
95,0.11108081983389353,11181101.701109717,0.08303286657837362,False,23
96,0.11068600378144886,11178673.983501203,0.08299889259873768,False,23
97,0.11029330430479099,11176247.039857065,0.08297243227818896,False,23
98,0.10990270525794597,11173820.814971263,0.08294785934374022,False,23
99,0.10951419667175687,11171395.58263646,0.08291392597612013,False,23
100,0.1091277618272546,11168971.244309776,0.08288336159607902,False,23
0,0.1,5000000.0,0.1047,False,24
1,0.10249503133809117,5583333.333333333,0.08303108330642411,False,24
2,0.10230259180882371,5625000.0,0.0830255828223797,False,24
3,0.10207176146415438,5666666.666666667,0.08294731224846731,False,24
4,0.10179798027180871,5707090.244556268,0.08287258513774451,False,24
5,0.10149028346340982,5746273.242174873,0.08278896826870497,False,24
6,0.10115347229924762,6284184.475749316,0.08345406871610606,False,24
7,0.10079133375520304,6320851.02778956,0.08333524377370842,False,24
8,0.10042628358067736,6357526.663178287,0.0831838546323164,False,24
9,0.10005960431942183,6394210.681067948,0.08304414628343407,False,24
10,0.10510624107922603,6430902.592401407,0.08291258888679724,False,24
11,0.10470835543663573,6467596.0481525315,0.08288684859236942,False,24
12,0.1043109834063311,6504297.539608044,0.08275292018592441,False,24
13,0.10391379835754572,7040964.015290137,0.08333651640953771,False,24
14,0.10351785080090188,7077638.881705728,0.0831966708512738,False,24
15,0.10312336080518347,7114321.145702569,0.08307337783044749,False,24
16,0.10273050758087489,7151010.602717289,0.08295349419912955,False,24
17,0.10233942668213528,7187706.956243816,0.08283855233565748,False,24
18,0.10195021911826153,7224409.812015032,0.08273018159083806,False,24
19,0.10156233655026546,7761080.642317239,0.08326393940767067,False,24
20,0.1011683698797729,7797259.250302519,0.08315240426343339,False,24
21,0.10077657747434557,7833445.174094818,0.08304155870255116,False,24
22,0.10038698764658842,7869638.268220029,0.08293291729478759,False,24
23,0.10000779962846225,7906350.501279815,0.08283274577855268,False,24
24,0.1106078387131508,7943580.551936347,0.08273409809108503,False,24
25,0.11018808228562019,7981318.060350059,0.08282810546412792,False,24
26,0.10978011170194812,8019571.946203929,0.08273408031019963,False,24
27,0.10937397775917049,8557806.29052492,0.08320781444061313,False,24
28,0.10897011748327934,8596044.920672253,0.08310391562019939,False,24
29,0.10856852190094488,8634287.675535671,0.083003922502988,False,24
30,0.10816915239353563,8672532.866148328,0.08294487403661306,False,24
31,0.10777199465329243,8710780.225097599,0.0828923083005242,False,24
32,0.10737704754889242,8749030.297863085,0.08282651881648112,False,24
33,0.10698428778765513,8787282.448322957,0.08277615046774588,False,24
34,0.10659370920012397,8825537.046777379,0.08271680514534491,False,24
35,0.10620490999938481,9363771.876926236,0.08319603679533182,False,24
36,0.10581825740737598,9402008.491806632,0.0831527705762812,False,24
37,0.10543373781860893,9440246.917826349,0.08310886416844152,False,24
38,0.10505133374122763,9478486.970024725,0.08306944165549957,False,24
39,0.10467102899078612,9516728.54539126,0.08303251636684919,False,24
40,0.10429280654474662,9554971.49542572,0.08299919108376352,False,24
41,0.10391665721623768,9593216.134705748,0.08295823967608448,False,24
42,0.10354257497233346,9631462.973018162,0.0829049298001176,False,24
43,0.1031705337727254,9669711.334919702,0.08286799430607138,False,24
44,0.1027999947032846,9707929.720094573,0.08283586349545369,False,24
45,0.10242685061896459,9745870.4354298,0.08279891847642128,False,24
46,0.10205575686959154,9783812.501437927,0.08276890352307834,False,24
47,0.1016745146128113,9821011.911157042,0.0827269805101949,False,24
48,0.10129806481022395,10316707.989995848,0.08316755867041183,False,24
49,0.10092675850863761,10312592.785733033,0.08313543965287033,False,24
50,0.10056053628847404,10308666.682916773,0.08309212309542352,False,24
51,0.10021129682322234,10305676.40169951,0.0830633671462572,False,24
52,0.11509253909371445,10302687.52974829,0.08302422086724258,False,24
53,0.1146649477651849,10299692.150340255,0.08320498355652736,False,24
54,0.114239762882497,10296698.154550655,0.0831665497110895,False,24
55,0.113816960812655,10293705.253961813,0.08313612746786374,False,24
56,0.11339652588978849,10290713.5584868,0.08310265208364082,False,24
57,0.11297844339864052,10287723.221703947,0.08306491063483158,False,24
58,0.11256269052603732,10284733.967604643,0.08303483609175887,False,24
59,0.11214924773413613,10281745.678323377,0.08300803559078045,False,24
60,0.11173810196603687,10278758.568622895,0.08297526945784263,False,24
61,0.11132923831960286,10275772.75132662,0.08293936934096698,False,24
62,0.11092263881528473,10272788.16844465,0.08290508005473765,False,24
63,0.11051828952861963,10269804.97092029,0.08286659789888201,False,24
64,0.11011616868058786,10266822.879056074,0.0828358851171963,False,24
65,0.10971625493955912,10263841.623103,0.0828126653631561,False,24
66,0.10931854203499089,10260861.744355837,0.0827744096434323,False,24
67,0.10892301187000573,10257883.136367736,0.08273911078048087,False,24
68,0.10852935295970279,10754889.43286562,0.08315843061436964,False,24
69,0.10813785218841822,10751897.22445963,0.08311690016639826,False,24
70,0.10774849405002403,10748906.527325349,0.08307492039666294,False,24
71,0.10736125388507431,10745916.834613346,0.08304701977785515,False,24
72,0.10697611707499775,10742928.18870981,0.08301794176490586,False,24
73,0.1065930712744275,10739940.75435007,0.08298428777054791,False,24
74,0.10621209774832503,10736954.326392574,0.08295633215267009,False,24
75,0.10583318791706238,10733969.271503067,0.08291819137518051,False,24
76,0.10545632230759258,10730985.32651964,0.08288736065074616,False,24
77,0.10507721491482025,10727754.173517,0.08285007699077351,False,24
78,0.10470016803738084,10724524.123822838,0.08282178702981677,False,24
79,0.10432516752892017,10721295.224158378,0.08279229908872261,False,24
80,0.1039556152997027,10718269.347348597,0.08275902385728158,False,24
81,0.10359144137725798,10715446.437308477,0.08272263853832829,False,24
82,0.10323233899087897,11212812.215061594,0.08313127406339016,False,24
83,0.10287849381389418,11210381.577170065,0.0830987313343568,False,24
84,0.10252648329305503,11207951.999391995,0.08306248813917384,False,24
85,0.10217629159180312,11205523.291146556,0.08303276052786393,False,24
86,0.10182790331969947,11203095.278438613,0.08300898146818385,False,24
87,0.1014813109902776,11200668.261268405,0.082974945989997,False,24
88,0.10113649780957364,11198241.966171917,0.08295025970901566,False,24
89,0.1007934509394448,11195816.352334505,0.08292696880043705,False,24
90,0.10045216278304075,11193391.697648978,0.08289417728295326,False,24
91,0.10011262202477006,11190968.0467478,0.08285985986932662,False,24
92,0.11338104291334718,11188545.069562523,0.0828368268470596,False,24
93,0.11297391717101764,11186117.694890756,0.08298716826554445,False,24
94,0.11256899732563676,11183691.153598562,0.08295867665622168,False,24
95,0.11216626994075586,11181265.57761456,0.08292567466667292,False,24
96,0.11176572321315525,11178841.180655744,0.08288536611338235,False,24
97,0.11136733434399149,11176417.587456059,0.08285788716867071,False,24
98,0.1109710836854848,11173994.575901786,0.08283800185548157,False,24
99,0.11057696238088936,11171572.49287311,0.08280625739062566,False,24
100,0.11018495295133353,11169151.218367716,0.08277861556896197,False,24
0,0.1,5000000.0,0.1047,False,25
1,0.10249283994775595,5583333.333333333,0.08303362838845774,False,25
2,0.10230040658417772,5625000.0,0.08301725086456727,False,25
3,0.10206958362758209,5666666.666666667,0.08294345099195669,False,25
4,0.10179581621012909,5707090.550685839,0.08285217649968547,False,25
5,0.10148813695397041,5746274.022967,0.08277314618354212,False,25
6,0.10115133509008449,6284185.172202488,0.08345594291503826,False,25
7,0.100789232847067,6320853.260902068,0.08330963278479263,False,25
8,0.10042421683030976,6357530.311982615,0.08316025976866558,False,25
9,0.10005755979735935,6394215.013175098,0.08303275790304733,False,25
10,0.10510456853104985,6430906.95749694,0.08291203908040924,False,25
11,0.10470666632135991,6467598.891246117,0.08291221529150401,False,25
12,0.10430926272937761,6504297.963966565,0.08279323243697233,False,25
13,0.10391202337733087,7040960.650503671,0.0833996688260096,False,25
14,0.10351600120178991,7077630.479643169,0.08328062545281473,False,25
15,0.1031214462703972,7114308.230698526,0.08314859352183347,False,25
16,0.10272851502075318,7150992.33977224,0.08304262654920534,False,25
17,0.10233735579073193,7187683.269685417,0.08292894589151241,False,25
18,0.1019480704606192,7224380.67861259,0.0828209623249201,False,25
19,0.10156011984044175,7761046.59753852,0.08334579567895882,False,25
20,0.10116608824095394,7797220.418476599,0.08322493528162288,False,25
21,0.10077423659802864,7833401.857433802,0.08310951074945587,False,25
22,0.10038459426494187,7869590.839667306,0.08299521868428593,False,25
23,0.10000535733360807,7906299.163084597,0.08289811075237263,False,25
24,0.11051491865427603,7943525.620044473,0.08280111341337738,False,25
25,0.11009563028070023,7981259.874866978,0.0828966923670137,False,25
26,0.10968813017650994,8019511.463487538,0.0827897708147353,False,25
27,0.10928245762860166,8557743.165311046,0.08327187498564735,False,25
28,0.10887905540770376,8595979.14830686,0.08316808899033144,False,25
29,0.10847791749205273,8634219.413772557,0.08306427153864357,False,25
30,0.10807900090967791,8672462.029661695,0.0830072915764925,False,25
31,0.10768229829765713,8710707.114796676,0.08294743107115628,False,25
32,0.10728779944723064,8748954.707714899,0.0828866363258752,False,25
33,0.1068954861761462,8787204.456260579,0.08283437869058938,False,25
34,0.1065053526854305,8825456.75223353,0.08277262287794661,False,25
35,0.10611737795083145,8863711.159465784,0.0827214408341974,False,25
36,0.10573115439595772,9401944.998305496,0.08322006853219664,False,25
37,0.10534705933672797,9440180.559278887,0.0831783198370406,False,25
38,0.10496507495196716,9478417.635133738,0.08314159543791491,False,25
39,0.10458518443154945,9516656.08285573,0.08310833805274331,False,25
40,0.10420736703023559,9554895.530764228,0.08308409110714354,False,25
41,0.10383161766837554,9593136.52935554,0.08304649879642427,False,25
42,0.10345792305123111,9631379.153357802,0.08300709489467734,False,25
43,0.10308626834811882,9669623.386356097,0.0829680889302427,False,25
44,0.10271611102479897,9707837.471833874,0.08293915237213761,False,25
45,0.10234333862193873,9745773.088920707,0.0829122128851101,False,25
46,0.10197261572777654,9783710.153083738,0.08288005563634604,False,25
47,0.10159173232401818,9820903.065418573,0.08284730244133268,False,25
48,0.10121603605554759,9816617.253517514,0.08281762127648634,False,25
49,0.10084546430646353,9812519.624244498,0.08278038935387022,False,25
50,0.10047995102493318,9808610.12990971,0.08274062084207416,False,25
51,0.10013105977119073,10305615.416712994,0.08318647768650923,False,25
52,0.11478177055101167,10302621.971089756,0.08315126731219616,False,25
53,0.1143558093398916,10299621.567031622,0.08334455717039715,False,25
54,0.11393224453091445,10296622.637991209,0.08330358445591114,False,25
55,0.11351105196507238,10293624.863064853,0.08327152573206623,False,25
56,0.11309221809444353,10290628.458295245,0.08323346582245875,False,25
57,0.11267572214811354,10287633.258030709,0.08320000734824971,False,25
58,0.11226154752570627,10284639.30409919,0.08316538698661614,False,25
59,0.11184967590090537,10281646.539522788,0.08313234934444735,False,25
60,0.11144009002939625,10278654.955288015,0.08309956207692705,False,25
61,0.11103277597956167,10275664.71114206,0.08306233738768506,False,25
62,0.11062771044910923,10272675.457737412,0.08303481679573084,False,25
63,0.110224879566345,10269687.340027161,0.0830032697291507,False,25
64,0.10982426485952144,10266700.247647267,0.08297478833040181,False,25
65,0.10942585503867935,10263714.45248448,0.0829387545218563,False,25
66,0.10902963378953129,10260729.947848689,0.08290290654967142,False,25
67,0.10863558180892209,10257746.553425105,0.08287206732179779,False,25
68,0.10824368269026767,10254764.237896116,0.08284209802747144,False,25
69,0.10785392424644084,10251783.197098905,0.08280668881143646,False,25
70,0.1074662886995199,10248803.308849234,0.0827746736019741,False,25
71,0.10708075480907499,10245824.244625572,0.08275178399064717,False,25
72,0.10669731397474697,10242846.379053805,0.0827184881046345,False,25
73,0.10631566056769597,10739853.11939169,0.08314610172539987,False,25
74,0.10593607237349004,10736861.014521863,0.08311402416186188,False,25
75,0.10555853694475181,10733870.206710828,0.08307799475093736,False,25
76,0.10518303542921756,10730880.461668804,0.0830484733895841,False,25
77,0.10480528884064975,10727642.898959225,0.08301442845069182,False,25
78,0.10442959814849422,10724406.722074913,0.08297889446952679,False,25
79,0.10405594755301847,10721171.880043078,0.08294466748293021,False,25
80,0.10368772673912416,10718140.30106785,0.08291498051907126,False,25
81,0.10332486947846498,10715312.135205885,0.08287665529562652,False,25
82,0.10296729957054777,10712686.854171703,0.08284910561523431,False,25
83,0.10261494932221958,10710264.348813523,0.08282069600606086,False,25
84,0.10226441959009656,10707842.698027698,0.08279147985722575,False,25
85,0.10191569963397464,10705422.011747269,0.08275850531380906,False,25
86,0.10156877612234685,10703002.237024745,0.08272734094095054,False,25
87,0.10122342662350274,11200570.45540145,0.08313783327502124,False,25
88,0.10087985445903831,11198139.791594325,0.08309961733762992,False,25
89,0.1005380441916271,11195710.044958113,0.08306826106711401,False,25
90,0.10019798118929656,11193281.05450127,0.08304240878095437,False,25
91,0.11319331971311931,11190852.91061013,0.08301346636377199,False,25
92,0.11278710153954184,11188420.326777702,0.0831652592282565,False,25
93,0.11238308296073399,11185988.569601782,0.08313699746736963,False,25
94,0.11198125025025268,11183557.75306529,0.08310483885441801,False,25
95,0.11158159081823724,11181128.0463881,0.08306689494662232,False,25
96,0.11118408647247516,11178699.31554026,0.08303353325958625,False,25
97,0.11078871999238929,11176271.468210483,0.08300332751366224,False,25
98,0.11039547461894791,11173844.427513547,0.08297575032257444,False,25
99,0.11000433732422189,11171418.310004594,0.08294418834029114,False,25
100,0.10961529039363349,11168992.97155756,0.08291755374480653,False,25
0,0.1,5000000.0,0.1047,False,26
1,0.10247701733357567,5583333.333333333,0.08305204513533293,False,26
2,0.10228462848650634,5625000.0,0.0830345574557766,False,26
3,0.10205385887209147,5666666.666666667,0.08296402997027054,False,26
4,0.10178014889960693,5707090.200566253,0.08287551780534773,False,26
5,0.10147253162242065,5746273.124072912,0.08279143866690244,False,26
6,0.10113579819263667,6284183.7106486745,0.08346844646455504,False,26
7,0.10077376799963458,6320851.102672673,0.08332124404448375,False,26
8,0.10040881920750279,6357527.116964727,0.08317753957689725,False,26
9,0.10004223675155724,6394211.215889202,0.08304279570318376,False,26
10,0.10508986934653813,6430903.283473868,0.08290998470003204,False,26
11,0.10469206125474512,6467595.8466194365,0.08290172535163604,False,26
12,0.10429475919750486,6504296.007261393,0.08277510041185121,False,26
13,0.10389763781903937,7040960.777271689,0.08336494427283665,False,26
14,0.10350175449313306,7077633.979316644,0.08322441036185434,False,26
15,0.10310732775395426,7114314.532336612,0.0831018941116597,False,26
16,0.1027145358594091,7151002.176258183,0.08298371241827003,False,26
17,0.10232353079082969,7187697.608311619,0.08285391022050052,False,26
18,0.10193440482870961,7224399.92013404,0.08273924740410683,False,26
19,0.10154660010794557,7761069.9999196455,0.0832764480177037,False,26
20,0.10115271440108112,7797247.964215184,0.08316215713830472,False,26
21,0.10076099648513524,7833432.878232542,0.08305685832284829,False,26
22,0.10037148277127984,7869625.0945935445,0.0829462167524912,False,26
23,0.11046143646832052,7906336.9477306325,0.08283909767321429,False,26
24,0.11003308532896139,7943557.394150855,0.08291319806889308,False,26
25,0.10961661076157132,7981295.931034624,0.08280642493593648,False,26
26,0.10921138851167157,8519526.940570217,0.0832886577230017,False,26
27,0.10880841981820363,8557762.257308643,0.08318424068458899,False,26
28,0.10840769773900645,8596001.666899558,0.08308502001824232,False,26
29,0.10800922086646793,8634245.418196429,0.08297976654049305,False,26
30,0.10761295246287489,8672491.90973954,0.08291333632858441,False,26
31,0.10721887796204846,8710740.853535868,0.08285388776578216,False,26
32,0.10682698522581474,8748992.170282207,0.0827963617049052,False,26
33,0.10643725650166133,8787245.519024368,0.08274710120016107,False,26
34,0.10604929494999177,9325478.865538772,0.08323200369117792,False,26
35,0.10566348196201676,9363714.586742198,0.08317443547249613,False,26
36,0.10527978672623739,9401951.691136435,0.08314090357401462,False,26
37,0.10489819957433616,9440190.417228239,0.0831015896936343,False,26
38,0.10451870357126898,9478430.597145291,0.0830663454451458,False,26
39,0.10414128188426619,9516672.075040413,0.08303487931015198,False,26
40,0.10376593133767575,9554915.506732518,0.08298751453477851,False,26
41,0.10339262944443971,9593160.415529551,0.08295170593052195,False,26
42,0.10302135846100197,9631406.599318424,0.08292079703744949,False,26
43,0.10265210943324325,9669654.379919868,0.08288208642962161,False,26
44,0.10228434877766739,9707872.331477119,0.08284628001458033,False,26
45,0.10191399741900714,9745812.59442557,0.08280897151585738,False,26
46,0.10154567501817255,9783754.144101715,0.08278037756715773,False,26
47,0.10116726309969637,9820952.305588504,0.08275009592360769,False,26
48,0.10079400022121084,9816671.724462973,0.0827165434885561,False,26
49,0.1004254390152051,10312555.334551841,0.08315939214409064,False,26
50,0.10006191592781044,10308627.835117117,0.08312168115820483,False,26
51,0.11483434590546485,10305636.619820664,0.08308931379039815,False,26
52,0.11440813999795538,10302638.751570107,0.08327411807098632,False,26
53,0.11398432854189576,10299642.17508438,0.08323823571462709,False,26
54,0.11356288930102439,10296646.66635775,0.08320857573976502,False,26
55,0.11314381157606417,10293652.588425979,0.08316883143802625,False,26
56,0.11272707916684392,10290660.016355038,0.08312700197054482,False,26
57,0.1123126684989657,10287668.63057013,0.08309404958070833,False,26
58,0.11190056291146343,10284678.461751087,0.08306024497345108,False,26
59,0.1114907501137055,10281689.765405212,0.08301934294094762,False,26
60,0.11108320398798754,10278702.054817038,0.08299196078260881,False,26
61,0.11067791682136785,10275715.813988121,0.08295113413661044,False,26
62,0.11027486178332507,10272730.49555539,0.08292551202033648,False,26
63,0.10987402750421449,10269746.372458948,0.08289230823451268,False,26
64,0.1094753963150733,10266763.371085914,0.08286114925100273,False,26
65,0.10907895318225959,10263781.55288334,0.08282828340481721,False,26
66,0.10868467707520837,10260800.641078014,0.08280310570348336,False,26
67,0.10829255805574274,10257820.961129745,0.0827688874519033,False,26
68,0.10790258707234397,10254842.887094874,0.08272427874645469,False,26
69,0.1075144368818202,10751848.919923449,0.08316575476180949,False,26
70,0.10712840095276162,10748856.228447367,0.08313031878006671,False,26
71,0.10674446900185343,10745865.101428645,0.08308686163120278,False,26
72,0.1063626226375517,10742875.363030745,0.08304828883054424,False,26
73,0.10598284512745337,10739886.920873724,0.08301228213947993,False,26
74,0.10560511538290897,10736899.4213292,0.08298609845898958,False,26
75,0.10522942158565582,10733913.033139074,0.08295522750349797,False,26
76,0.10485575503106868,10730928.102542168,0.08291473880298252,False,26
77,0.10447985255420329,10727695.512781534,0.08288691693926929,False,26
78,0.10410599056471746,10724464.203139264,0.08285409339155941,False,26
79,0.10373415243852131,10721234.06444295,0.082824069136256,False,26
80,0.10336770978470373,10718206.875817586,0.08279490257404087,False,26
81,0.10300659202469827,10715382.494586337,0.08276575036623904,False,26
82,0.1026507291558267,10712760.72639629,0.08273824662870935,False,26
83,0.1022998402214468,11210328.523493636,0.08315223598815685,False,26
84,0.10195076344097562,11207897.243718803,0.08312067606274649,False,26
85,0.10160348466733575,11205466.785437537,0.0830925908125142,False,26
86,0.10125799409530825,11203037.305178296,0.08305915416216351,False,26
87,0.10091428073130608,11200608.882715939,0.08302299016608523,False,26
88,0.10057232916312887,11198181.318560332,0.08299364634556342,False,26
89,0.1002321322614396,11195754.919525838,0.08295381314514091,False,26
90,0.11342671588309236,11193329.272844007,0.08292809168643173,False,26
91,0.1130192925716166,11190899.409830188,0.0830722397886474,False,26
92,0.11261407458700631,11188470.228325741,0.08304894032293998,False,26
93,0.11221105037515783,11186041.958059182,0.08301778689082745,False,26
94,0.1118102076916898,11183614.789544873,0.08298012014725929,False,26
95,0.11141152721189115,11181188.532697933,0.08294895203212148,False,26
96,0.11101498909881269,11178762.958316281,0.0829256198854898,False,26
97,0.11062058595257138,11176338.494262878,0.08288765994540413,False,26
98,0.11022829588500054,11173914.786031598,0.08286181987280321,False,26
99,0.10983810782378448,11171492.052525198,0.08282849594523053,False,26
100,0.10945000433366472,11169070.161908342,0.0827996792088022,False,26
0,0.1,5000000.0,0.1047,False,27
1,0.10249121400750336,5583333.333333333,0.08303551763364257,False,27
2,0.10229878521862326,5625000.0,0.08302564276773153,False,27
3,0.10206796774368701,5666666.666666667,0.08293212924711571,False,27
4,0.10179420576929983,5707090.486664671,0.08285644457753323,False,27
5,0.10148652598330198,5746273.48003887,0.08278910974893577,False,27
6,0.10114972612240342,6284184.259734174,0.08346415491918471,False,27
7,0.10078763170115379,6320852.298577092,0.08331046372917247,False,27
8,0.10042262233117298,6357529.222826452,0.08316237362176722,False,27
9,0.10005598451897078,6394214.580765013,0.08302181213509302,False,27
10,0.10512768308977649,6430907.969453385,0.0828879663048991,False,27
11,0.10472967610785798,6467601.439699529,0.0828866070087149,False,27
12,0.10433217126679518,6504302.249225148,0.0827642856841323,False,27
13,0.10393483803713958,7040967.110122072,0.08336342949572827,False,27
14,0.1035387422415484,7077640.303728643,0.08322455100158017,False,27
15,0.10314409770386264,7114320.458974469,0.0831085236806802,False,27
16,0.10275109162927874,7151007.841336428,0.08298807174515067,False,27
17,0.10235985795513758,7187702.05507657,0.08287421544208871,False,27
18,0.10197049123060777,7224402.310625012,0.08277351863709558,False,27
19,0.10158243702958158,7761069.710535786,0.08332111259822673,False,27
20,0.10118830019780113,7797245.036078456,0.0832021382423882,False,27
21,0.10079634888926349,7833428.281713058,0.08308213684947287,False,27
22,0.10040659554029684,7869618.324818635,0.0829791448650032,False,27
23,0.10002726321347498,7906328.469726371,0.08286765741160036,False,27
24,0.11058074926319864,7943556.529975399,0.08277121524734588,False,27
25,0.1101611053691297,7981291.793937306,0.0828754193361425,False,27
26,0.10975324858135105,8019543.729715402,0.0827813548744231,False,27
27,0.10934722012729059,8557775.699336693,0.08326538291824076,False,27
28,0.10894345497443106,8596011.418580897,0.08317448296875687,False,27
29,0.10854195454443197,8634251.292795217,0.08307375642049435,False,27
30,0.1081426829339629,8672493.784027958,0.08301031354966673,False,27
31,0.10774562435799455,8710738.545019325,0.08295528909819179,False,27
32,0.1073507774410253,8748986.109272039,0.08288733124733118,False,27
33,0.10695812412429985,8787236.137991412,0.08282758660100954,False,27
34,0.10656764684930226,8825488.359665455,0.08277442406355214,False,27
35,0.10617932961329507,8863742.621184522,0.0827249732751011,False,27
36,0.10579276083424151,9401976.032278966,0.08323043811446203,False,27
37,0.10540831829751293,9440210.887396293,0.08319543149912877,False,27
38,0.10502598890021522,9478447.250657832,0.08315887042732661,False,27
39,0.10464576401539581,9516685.459002206,0.08311414114645221,False,27
40,0.10426762278861372,9554925.143722853,0.08307835020653336,False,27
41,0.1038915460508519,9593166.030860161,0.08304920071171935,False,27
42,0.10351752336105814,9631408.3602788,0.0830142363158598,False,27
43,0.10314553874534724,9669652.045550892,0.0829813671412033,False,27
44,0.10277505508817261,9707865.680261917,0.0829499808537717,False,27
45,0.10240196145401738,9745801.250989627,0.08291324308790077,False,27
46,0.10203092122782635,9783738.36299856,0.08287899239407466,False,27
47,0.10164971218879593,9820931.312344033,0.08284661705911714,False,27
48,0.10127370351140368,9816646.040682085,0.08280718187342975,False,27
49,0.10090282779121568,9812549.17215708,0.08276502070716643,False,27
50,0.10053700630876711,9808639.880693046,0.08273632728110712,False,27
51,0.10018782031300746,10305645.295490524,0.08318292229224461,False,27
52,0.1148659573278315,10302652.15360679,0.08314283010372903,False,27
53,0.11443953364149924,10299652.034216058,0.08333664974258165,False,27
54,0.11401550647038204,10296653.218981981,0.08330042316881829,False,27
55,0.11359385360036132,10293655.48673944,0.08327034007060143,False,27
56,0.11317456139375637,10290659.049098989,0.08323437890140108,False,27
57,0.11275761503168226,10287664.052271461,0.08319435632022269,False,27
58,0.11234299082384938,10284670.170788717,0.08316337452066457,False,27
59,0.11193067709197682,10281677.698721653,0.08312422408514573,False,27
60,0.11152064939833545,10278686.249863338,0.08309580161983685,False,27
61,0.11111288819378277,10275695.682448654,0.08307131707454389,False,27
62,0.11070737860916492,10272706.094890563,0.08304409883585083,False,27
63,0.11030411408410594,10269718.028651299,0.08300183997958807,False,27
64,0.10990307715392163,10266731.436200788,0.08296090140309918,False,27
65,0.1095042459380131,10263746.019333646,0.08292824630958515,False,27
66,0.10910760248870074,10260761.6811535,0.08289828278179459,False,27
67,0.10871312937437759,10257778.342999471,0.08287050427857735,False,27
68,0.10832081652060076,10254796.325053444,0.08283383183412175,False,27
69,0.1079306537188552,10251815.938922733,0.0827885036308341,False,27
70,0.10754261998887465,10248836.890065331,0.08275135715009192,False,27
71,0.10715669295342363,10245858.79059299,0.08272498534279674,False,27
72,0.10677256460765855,10742865.024549313,0.08316016787994263,False,27
73,0.10639051937140846,10739872.415971577,0.08312801604823494,False,27
74,0.10601053975578856,10736880.826252364,0.08309971442264677,False,27
75,0.10563261588210769,10733890.544907996,0.08306337067688425,False,27
76,0.10525673318417827,10730901.588063916,0.0830265790022475,False,27
77,0.10487859910300214,10727664.550376512,0.08300096634367954,False,27
78,0.10450252368735308,10724428.898506943,0.08296543255305758,False,27
79,0.10412848662979424,10721194.317341791,0.08293797859362888,False,27
80,0.10375988833046944,10718163.156680021,0.08290353946723089,False,27
81,0.10339665735183146,10715335.264564432,0.08286863342387488,False,27
82,0.10303872481999664,10712710.555437554,0.08283105725847502,False,27
83,0.10268602169861074,10710288.849740312,0.08279335717063481,False,27
84,0.10233514385544444,10707868.14276941,0.08275921268037167,False,27
85,0.10198608160634866,10705448.612007413,0.08271900041011479,False,27
86,0.10163860975659524,11203017.261066856,0.08312310907889349,False,27
87,0.1012929228789906,11200586.605960304,0.08309931988214808,False,27
88,0.1009490138841143,11198156.963878099,0.0830646865710623,False,27
89,0.10060686913065518,11195728.245405186,0.08303311018505898,False,27
90,0.10026647839713096,11193300.566088928,0.08299758346184018,False,27
91,0.11336367524350446,11190873.816924015,0.08296578341580009,False,27
92,0.11295657041016535,11188442.767580573,0.08311279806635066,False,27
93,0.11255167116745099,11186012.529961143,0.08308504681818175,False,27
94,0.11214896356330742,11183583.20860762,0.08305372148798626,False,27
95,0.11174843478490754,11181154.963090947,0.08301694074093773,False,27
96,0.11135006038281588,11178727.328543866,0.08299605289165965,False,27
97,0.11095383084734639,11176300.623127695,0.08296428773237823,False,27
98,0.11055973005750551,11173874.808179121,0.08293384439576851,False,27
99,0.11016774098820775,11171449.787756499,0.0829066811152951,False,27
100,0.10977785442808292,11169025.881914733,0.08286857578685607,False,27
0,0.1,5000000.0,0.1047,False,28
1,0.10249072160868798,5583333.333333333,0.08303608991906904,False,28
2,0.10229829420519969,5625000.0,0.08301933519132373,False,28
3,0.10206747839031752,5666666.666666667,0.08294323950274475,False,28
4,0.1017937160352841,5707090.343611205,0.08286598147532603,False,28
5,0.10148603948947953,5746273.3995940685,0.08278702279344452,False,28
6,0.10114924805564547,6284184.549005082,0.08345593901454054,False,28
7,0.10078712976751429,6320850.952760261,0.0833377151914925,False,28
8,0.10042208634784502,6357525.589683159,0.08320049572945365,False,28
9,0.10005539973088029,6394207.711819753,0.08307574216787236,False,28
10,0.10506208651693916,6430897.308743532,0.08295116238148992,False,28
11,0.10466437729366108,6467586.443058532,0.08295887252778808,False,28
12,0.10426718204785176,6504283.631955517,0.08282462949467076,False,28
13,0.10387015820823989,7040944.869690043,0.08342381553569003,False,28
14,0.10347436012130092,7077613.814278079,0.08329536797717066,False,28
15,0.10308001933651073,7114290.156030506,0.08317208190402808,False,28
16,0.10268732084802706,7150974.045424491,0.08304628787803045,False,28
17,0.10229640080812602,7187665.233742362,0.08292463914660991,False,28
18,0.10190735854329658,7224363.235402069,0.08281108344934258,False,28
19,0.10151964246107371,7761029.30801937,0.08334323415610673,False,28
20,0.10112585317779274,7797203.567252802,0.08321829444295883,False,28
21,0.10073423222307526,7833384.838286619,0.08311205504317541,False,28
22,0.10034480707499059,7869572.919602166,0.08300886895635798,False,28
23,0.11037341230830434,7906282.189388137,0.08288228849647414,False,28
24,0.10994551273187099,7943499.398534827,0.08297356680609423,False,28
25,0.10952947747101632,7981234.817866136,0.08287214409184018,False,28
26,0.10912512857123177,8019487.29903049,0.08276813338941943,False,28
27,0.10872258184229187,8557719.595229784,0.08325746587573939,False,28
28,0.10832227570659916,8595955.812462915,0.08316241050995327,False,28
29,0.10792420787157916,8634196.146866007,0.0830626003291106,False,28
30,0.10752834340300406,8672439.091753837,0.08299931585057989,False,28
31,0.10713466487410793,8710684.194214044,0.0829470110657085,False,28
32,0.10674316626808426,8748931.716488926,0.08288834889174787,False,28
33,0.10635383796025867,8787181.780913854,0.08282672101184105,False,28
34,0.10596666134641308,8825434.04355348,0.08277343095847432,False,28
35,0.10558162222516872,8863688.44240442,0.08272164401766884,False,28
36,0.10519831599338511,9401922.287692076,0.08321991221845564,False,28
37,0.10481711390005566,9440157.67841868,0.08318244703184097,False,28
38,0.10443799217403425,9478394.043006461,0.08315883827602123,False,28
39,0.10406094523994888,9516631.880291702,0.08312313651935958,False,28
40,0.10368595858617757,9554871.176271008,0.0830877742389868,False,28
41,0.10331302301965718,9593112.237009138,0.08304499220695037,False,28
42,0.10294211846592036,9631354.723923624,0.08301041823463777,False,28
43,0.10257323119758835,9669598.672767784,0.08297497751528894,False,28
44,0.10220583140471835,9707812.84671343,0.082937027165018,False,28
45,0.10183583081056007,9745748.540704902,0.08291050389321218,False,28
46,0.10146786524643564,9783686.033385858,0.08287053301575976,False,28
47,0.10108981224693725,9820879.555791827,0.08283600482774672,False,28
48,0.10071691118751348,9816594.878789943,0.08279569085767895,False,28
49,0.10034908345474773,9812497.88001747,0.082767651969136,False,28
50,0.11606946260890237,9808588.543868905,0.08273727298552343,False,28
51,0.11563661278015866,9805602.908612385,0.08293431268115871,False,28
52,0.11520620655272058,9802618.584458351,0.08289789316762892,False,28
53,0.11477822456001976,9799635.519782472,0.08286290766325334,False,28
54,0.11435264936516328,9796653.752383213,0.08282687220160569,False,28
55,0.11392946250726503,9793673.259875217,0.08279145855543656,False,28
56,0.11350864733714407,9790694.104823176,0.08275430700114306,False,28
57,0.11309018177813504,9787716.060202468,0.08272346168630264,False,28
58,0.11267372419285238,10284722.15454449,0.08316404605497081,False,28
59,0.11225958353944336,10281729.283373183,0.08313531031408851,False,28
60,0.11184774590245013,10278737.619639767,0.08310177037264754,False,28
61,0.11143819240685635,10275747.067768581,0.08307088531075028,False,28
62,0.11103090587652326,10272757.612636356,0.08304042033957319,False,28
63,0.11062587047815643,10269769.302735317,0.08300860836215912,False,28
64,0.1102230701448182,10266782.166692913,0.08297600117792849,False,28
65,0.10982248873192299,10263796.22127443,0.08294292829113321,False,28
66,0.10942411057592608,10260811.501692412,0.08290887727829024,False,28
67,0.10902791829383998,10257827.941147126,0.08287668181347942,False,28
68,0.10863389586397618,10254845.53849891,0.08284451800602434,False,28
69,0.10824202637904187,10251864.23522344,0.08281397987417372,False,28
70,0.10785229462974931,10248884.05838402,0.08278268998388646,False,28
71,0.10746469137918391,10245905.36332425,0.08274152943801845,False,28
72,0.10707890435690014,10742911.379183162,0.0831662261412838,False,28
73,0.10669521212183551,10739918.535807867,0.08313453820267971,False,28
74,0.10631360023125817,10736926.87510507,0.08310168618884763,False,28
75,0.10593405129803338,10733936.262892185,0.08307256146908232,False,28
76,0.10555655273567195,10730946.831455706,0.08303976212443286,False,28
77,0.10517680214164382,10727709.667057393,0.0830042153413343,False,28
78,0.10479911744353199,10724473.627455896,0.08297537439735728,False,28
79,0.10442348274047254,10721238.659466464,0.08294789716493375,False,28
80,0.10405331357237078,10718207.157576824,0.0829128721952657,False,28
81,0.10368853892007512,10715379.02042345,0.08287581401829236,False,28
82,0.10332908854007387,10712754.106615035,0.08283751663633872,False,28
83,0.1029748895730549,10710332.032366658,0.08280595720950303,False,28
84,0.1026225260764247,10707910.949508047,0.08277206354228524,False,28
85,0.10227198350300876,10705490.745603804,0.08274201382030243,False,28
86,0.10192303988785485,11203058.675946917,0.0831476805773485,False,28
87,0.10157589753145602,11200627.68059034,0.0831109523616597,False,28
88,0.10123053969696685,11198197.493368216,0.08308332383330823,False,28
89,0.10088695438107044,11195768.128601242,0.08305520570850179,False,28
90,0.10054512862784862,11193339.535224006,0.08302883340977249,False,28
91,0.10020505182229592,11190911.800801031,0.08299946745202084,False,28
92,0.11325124958589797,11188485.072299438,0.08296507697758763,False,28
93,0.11284475679003572,11186054.289445778,0.08310368730455696,False,28
94,0.11244047132838125,11183624.642799526,0.08306484260686942,False,28
95,0.11203837533293923,11181196.03337932,0.08302938188740833,False,28
96,0.1116384489018827,11178768.244398078,0.08300133269207208,False,28
97,0.11124067811942324,11176341.366335988,0.08297019015687408,False,28
98,0.11084504717905144,11173915.38261454,0.08293961440848187,False,28
99,0.11045154042480734,11171490.27691555,0.08290959654664228,False,28
100,0.11006014115345047,11169065.968301408,0.08288234578266296,False,28
0,0.1,5000000.0,0.1047,False,29
1,0.10248093946931978,5583333.333333333,0.08304747334220974,False,29
2,0.10228853958774409,5625000.0,0.0830424151117177,False,29
3,0.10205775675116247,5666666.666666667,0.0829622716245711,False,29
4,0.10178403081719477,5707090.182378541,0.08287673031960649,False,29
5,0.10147639198449447,5746272.862263124,0.08279955940279614,False,29
6,0.1011396356712942,6284183.221566157,0.08347349696965307,False,29
7,0.10077758639197688,6320850.705799212,0.08331970722687505,False,29
8,0.10041260728407765,6357526.122711223,0.08318749591093083,False,29
9,0.10004599624036459,6394209.729203762,0.08305100290214379,False,29
10,0.10507559388759663,6430900.722635068,0.08292788725601391,False,29
11,0.10467784171765662,6467591.823499476,0.08292609670432595,False,29
12,0.10428060676465643,6504291.17753868,0.08278854379105186,False,29
13,0.10388354290481597,7040954.576216709,0.08338779981063994,False,29
14,0.10348769731889224,7077625.239174345,0.08326672848384359,False,29
15,0.10309330035596477,7114302.774501503,0.0831521889917925,False,29
16,0.10270054658096196,7150987.8970471015,0.08302573535115133,False,29
17,0.10230956766994025,7187680.086375036,0.08290795564553029,False,29
18,0.10192046633677906,7224379.057794643,0.08279492078433265,False,29
19,0.10153269538267355,7761046.343723105,0.08332301230340483,False,29
20,0.10113883328601632,7797220.789271491,0.08321547148913207,False,29
21,0.10074714765284566,7833402.717489109,0.08310209771284688,False,29
22,0.10035766815287467,7869592.071340041,0.08298958811719685,False,29
23,0.1103854846366947,7906301.204976658,0.08288456476572122,False,29
24,0.10995752433067682,7943518.923146867,0.08296407452603047,False,29
25,0.10954142830951612,7981254.742356235,0.08286371451487405,False,29
26,0.10913701471305186,8019507.29989057,0.08276628199592653,False,29
27,0.10873440704571116,8557739.85785734,0.08325111999752138,False,29
28,0.10833404133031496,8595976.388219383,0.08315481950600534,False,29
29,0.10793591836637804,8634217.260688476,0.08304955630477108,False,29
30,0.10754000087778114,8672460.841218919,0.08298390633273063,False,29
31,0.10714627978858325,8710707.150104688,0.08291776438536959,False,29
32,0.10675473449083439,8748955.630900526,0.0828651120200573,False,29
33,0.10636535694145977,8787206.492157668,0.08280740386732949,False,29
34,0.10597813599755682,8825459.815605244,0.0827477144022152,False,29
35,0.10559268231127723,9363693.897704858,0.08321417132245876,False,29
36,0.10520933988897403,9401929.132743483,0.08318622128581164,False,29
37,0.1048281008724623,9440165.86007704,0.08315004443904493,False,29
38,0.10444895771441479,9478404.458948584,0.08310467382111301,False,29
39,0.10407189385089541,9516644.794836415,0.08306256433538008,False,29
40,0.10369689468213315,9554886.852779398,0.08302081754383576,False,29
41,0.10332393868591908,9593130.208041066,0.0829893673938721,False,29
42,0.1029530144028996,9631375.030749185,0.08295379293444795,False,29
43,0.10258410116304223,9669620.938924272,0.08292747858372382,False,29
44,0.10221667392912233,9707836.983718017,0.08289208497616686,False,29
45,0.1018466482006315,9745774.728194958,0.08286493754949187,False,29
46,0.10147865472921193,9783714.097581692,0.08282882844290944,False,29
47,0.1011005760097875,9820909.744555961,0.08279666097031779,False,29
48,0.10072763932046046,9816626.544357924,0.08276715358525633,False,29
49,0.10035977962932809,9812531.210195225,0.0827340234888426,False,29
50,0.11506658017974941,10308600.782939926,0.08318364561475064,False,29
51,0.11463901412992167,10305599.522066657,0.08336835759084511,False,29
52,0.1142138531970294,10302599.569165165,0.08333202504150372,False,29
53,0.11379108077831408,10299600.996249206,0.08329369210990044,False,29
54,0.11337067552234234,10296603.622460643,0.08326038301563196,False,29
55,0.11295261672938006,10293607.288671143,0.08323149415276619,False,29
56,0.11253689576803681,10290612.45697089,0.08318976945146289,False,29
57,0.1121234883082334,10287618.76346944,0.08315815281798049,False,29
58,0.11171237633101368,10284626.16255707,0.08312780312139656,False,29
59,0.11130355015809454,10281635.044105332,0.08308662365934744,False,29
60,0.11089699019982158,10278645.266862106,0.08304936786742845,False,29
61,0.11049268014260497,10275656.854746928,0.08301144764376225,False,29
62,0.11009059879218158,10272669.559329154,0.08298042827147356,False,29
63,0.10969072786964523,10269683.277370615,0.08295227662612649,False,29
64,0.10929305376331079,10266698.150979264,0.08292017753756006,False,29
65,0.10889756355365421,10263714.355379175,0.08288321111356077,False,29
66,0.10850424047149684,10260731.848200355,0.08284742163383751,False,29
67,0.10811306814654242,10257750.60024175,0.08281244329459386,False,29
68,0.10772403074715023,10254770.603756394,0.08277768014880876,False,29
69,0.1073371128439316,10251791.865446359,0.0827427308343537,False,29
70,0.10695200700665448,10748797.852583006,0.08316702398203192,False,29
71,0.10656899755589695,10745805.350284467,0.08312506384830877,False,29
72,0.10618806465587559,10742814.095339302,0.083090415143463,False,29
73,0.10580919377813701,10739824.116279295,0.08305497388909014,False,29
74,0.10543236939114105,10736835.376378365,0.08302055280359961,False,29
75,0.10505757553500268,10733847.805400634,0.08298808271475729,False,29
76,0.10468479503745617,10730861.252963489,0.08295978992068785,False,29
77,0.10430978117105658,10727626.94883043,0.08293087520662959,False,29
78,0.10393680166409759,10724393.935114024,0.08289778760016538,False,29
79,0.10356584281186819,10721162.272652373,0.08286314004236703,False,29
80,0.10320027202729366,10718133.980577795,0.08282508238161981,False,29
81,0.10284001149403181,10715308.474375615,0.0827987165474458,False,29
82,0.10248499860844919,10712685.99209269,0.0827607821041374,False,29
83,0.10213516075527312,10710266.087465081,0.08273178214042369,False,29
84,0.10178691161011665,11207833.961419642,0.08314960839105606,False,29
85,0.10144045550983379,11205402.697102418,0.08312014759738702,False,29
86,0.10109578171487779,11202972.391525932,0.08308737013629677,False,29
87,0.1007528779499836,11200543.042050634,0.08305468291612546,False,29
88,0.1004117296653524,11198114.49789308,0.08302715068555941,False,29
89,0.10007232516284115,11195686.77709201,0.08299900174600099,False,29
90,0.11316695154344153,11193260.087123144,0.0829637596193113,False,29
91,0.11276090237054262,11190829.03123841,0.08311302170028054,False,29
92,0.11235705493740084,11188398.98385586,0.08307854299313341,False,29
93,0.11195539778488313,11185970.181158494,0.08303598965358322,False,29
94,0.11155590873224445,11183542.2868569,0.0830049333878267,False,29
95,0.1111585706341796,11181115.218873663,0.08297668318761316,False,29
96,0.11076337199122956,11178689.189163918,0.08294118665790276,False,29
97,0.11037029118117639,11176263.859966168,0.08291723752991792,False,29
98,0.10997931576687865,11173839.377589349,0.08288828638702518,False,29
99,0.10959043130782974,11171415.774724344,0.08285821760701255,False,29
100,0.1092036261222957,11168993.228802796,0.08282208278789803,False,29
0,0.1,5000000.0,0.1047,False,30
1,0.102486657478565,5583333.333333333,0.08304081603281363,False,30
2,0.10229424150960913,5625000.0,0.08303143879421841,False,30
3,0.10206343939622475,5666666.666666667,0.0829667321708807,False,30
4,0.10178968976473238,5707090.129837674,0.08288023304399994,False,30
5,0.10148203216798933,5746273.229764374,0.08278555799890289,False,30
6,0.1011452444024807,6284183.379034804,0.08347816436082575,False,30
7,0.10078314454478661,6320849.594754965,0.08334084910843823,False,30
8,0.10041812727384748,6357524.513346688,0.083195801249082,False,30
9,0.10005147671871571,6394207.53668129,0.08306072220108471,False,30
10,0.10507279076164189,6430898.014245124,0.08293648504721689,False,30
11,0.10467505323694268,6467589.042093551,0.08292731363733598,False,30
12,0.10427782179018776,6504287.670437753,0.08280063870774786,False,30
13,0.10388075489173292,7040949.950310764,0.08340644656094232,False,30
14,0.10348491334496715,7077619.907173018,0.0832784967402223,False,30
15,0.1030905452397144,7114298.21787556,0.08313926606876465,False,30
16,0.10269780742805079,7150983.35491425,0.08302549379962545,False,30
17,0.10230685412748805,7187676.148604567,0.08289788293916638,False,30
18,0.10191778178399859,7224375.943279701,0.08278119985887326,False,30
19,0.10153004244765595,7761044.227752684,0.08330636989476,False,30
20,0.10113623332213872,7797220.984847682,0.08318044805558311,False,30
21,0.10074459282713417,7833404.773799446,0.0830739047712637,False,30
22,0.10035515258882868,7869595.651252568,0.0829665032355319,False,30
23,0.11041005936319503,7906306.040038408,0.08286358003471686,False,30
24,0.10998198157806838,7943525.12797185,0.08293853115570206,False,30
25,0.10956576547483432,7981261.95998738,0.08284236418733175,False,30
26,0.10916124033378789,8019515.782754069,0.0827356096964298,False,30
27,0.10875853079201764,8557750.106969982,0.08320830183642819,False,30
28,0.1083580657450286,8595988.509328399,0.08310943777573812,False,30
29,0.1079598366216608,8634230.83827166,0.08301424784010149,False,30
30,0.10756381307566723,8672475.842436668,0.08294939397962664,False,30
31,0.10716998519418725,8710723.494538361,0.082885201575024,False,30
32,0.1067783391366637,8748973.621208519,0.08282521203656865,False,30
33,0.10638885931699504,8787226.005823577,0.08277047397837828,False,30
34,0.10600153273606046,8825480.621821184,0.08271637985598924,False,30
35,0.10561597417936615,9363716.007727258,0.08318256389315402,False,30
36,0.10523253060228098,9401952.722478414,0.08315034946692691,False,30
37,0.10485119120888514,9440190.937194277,0.08311398668617685,False,30
38,0.10447194711379369,9478430.952955386,0.08307032498321983,False,30
39,0.10409478259665546,9516672.684158986,0.08302873849857155,False,30
40,0.10371968160415414,9554916.029650291,0.0829896042512119,False,30
41,0.10334663203570786,9593161.12484865,0.08294718711045895,False,30
42,0.1029756115159229,9631407.493458804,0.08291631652150015,False,30
43,0.10260660482259762,9669655.07892321,0.08288681702448956,False,30
44,0.10223908088144674,9707872.579354161,0.08285711713348758,False,30
45,0.10186896130228053,9745812.007964242,0.08282751236857305,False,30
46,0.10150087053152143,9783752.814437948,0.0827968931768667,False,30
47,0.10112269715085224,9820950.266836848,0.08276322718086125,False,30
48,0.10074967407154509,9816669.285798116,0.08272427127987515,False,30
49,0.10038134571858119,10312552.280045858,0.08317183337899627,False,30
50,0.10001804981710206,10308624.038285764,0.08313739174800043,False,30
51,0.11475508994291134,10305632.283104433,0.08310431059257462,False,30
52,0.11432931073646754,10302633.706711087,0.08329378870406813,False,30
53,0.11390592565937911,10299636.566881422,0.08325388415742918,False,30
54,0.11348491275286707,10296640.654673003,0.08321978356718321,False,30
55,0.1130662575576642,10293646.138826216,0.08318099574409686,False,30
56,0.11264993520442691,10290652.638361963,0.08315279067369152,False,30
57,0.1122359331774421,10287660.406089738,0.08311756311725979,False,30
58,0.11182423657651135,10284669.565881781,0.08307889466554443,False,30
59,0.11141482587785898,10281679.989829572,0.08304377922803613,False,30
60,0.11100768053348688,10278691.48401738,0.0830140503386706,False,30
61,0.11060279107584993,10275704.438461162,0.08297348767267754,False,30
62,0.11020013889254969,10272718.74849744,0.08293583232563077,False,30
63,0.10979970121676436,10269734.072754804,0.08290765951764476,False,30
64,0.10940146810432436,10266750.755843688,0.08286991419769263,False,30
65,0.10900541641517154,10263768.415697163,0.08284278184790919,False,30
66,0.10861153090828898,10260787.090728976,0.08281458244961569,False,30
67,0.10821979607912982,10257806.797475634,0.0827859237039447,False,30
68,0.10783019883492517,10254827.679684421,0.08275327197815502,False,30
69,0.1074427268261049,10251849.918015223,0.08271560192210767,False,30
70,0.10705706836318504,10748856.766901935,0.08314308648016618,False,30
71,0.10667350344114092,10745864.740586,0.08311184210935346,False,30
72,0.10629202116097812,10742874.082704648,0.08307383003752551,False,30
73,0.1059125998325803,10739884.414307594,0.08304634436255025,False,30
74,0.10553522633047871,10736895.83510559,0.08301608894450908,False,30
75,0.10515988627309351,10733908.36624975,0.08298524599558546,False,30
76,0.104786564757816,10730921.991188072,0.08295486282433626,False,30
77,0.10441101482618387,10727688.29098042,0.08291538993983708,False,30
78,0.10403750206329604,10724455.821095295,0.08288384320829276,False,30
79,0.10366601338025906,10721224.67988613,0.08284977459402601,False,30
80,0.10329991479873553,10718196.513014326,0.08282165803228363,False,30
81,0.10293913914993495,10715371.377125919,0.08278786486172572,False,30
82,0.10258361649965587,10712749.080020301,0.08275493824436346,False,30
83,0.10223327919034723,10710329.481456874,0.08272131840782616,False,30
84,0.1018845385524061,11207897.957764847,0.08312901511202793,False,30
85,0.10153759608937372,11205467.405874351,0.08309579112814929,False,30
86,0.10119244054634541,11203037.8943914,0.08306022163930606,False,30
87,0.10084905708131321,11200609.264948756,0.08303006641524083,False,30
88,0.10050743131315484,11198181.378036685,0.0830046807545801,False,30
89,0.10016755421148679,11195754.41905763,0.0829729565488957,False,30
90,0.11330900575200566,11193328.150521528,0.08294935166162733,False,30
91,0.11290220330153398,11190897.64655209,0.08309415280131514,False,30
92,0.11249760983442006,11188468.248239143,0.08305635257942368,False,30
93,0.11209520609504373,11186039.78401861,0.08302441779596213,False,30
94,0.1116949792185864,11183612.410016738,0.08298714536312272,False,30
95,0.11129691403946858,11181186.155388795,0.08294887616890924,False,30
96,0.1109009900095685,11178760.75367087,0.0829197168520578,False,30
97,0.11050719128149414,11176336.178566843,0.08289145654788502,False,30
98,0.11011550338082912,11173912.47017825,0.08286182525101331,False,30
99,0.10972590876888541,11171489.495075574,0.08283675564708731,False,30
100,0.10933839850496176,11169067.580614349,0.08280049440087281,False,30
0,0.1,5000000.0,0.1047,False,31
1,0.10248862878820313,5583333.333333333,0.08303852304347104,False,31
2,0.10229620727294618,5625000.0,0.08300456595820069,False,31
3,0.10206539851367279,5666666.666666667,0.08290073169658617,False,31
4,0.10179165618132763,5707091.054571103,0.082818584148737,False,31
5,0.10148400650588775,5746275.184679521,0.08275121860827976,False,31
6,0.10114724552633186,6284187.586176509,0.08342811488178369,False,31
7,0.10078519192413017,6320857.327444056,0.08328208998535357,False,31
8,0.10042020234465596,6357534.6594973225,0.08315557689001124,False,31
9,0.10005357234701415,6394219.678500762,0.08302746105378797,False,31
10,0.10512218736043723,6430912.901651672,0.08289072526262885,False,31
11,0.10472422283801386,6467607.031693068,0.08287561042118272,False,31
12,0.10432675194066265,6504308.014077441,0.08276140470491664,False,31
13,0.10392946159749762,7040973.582456937,0.08335163811950927,False,31
14,0.10353339781243773,7077646.854610419,0.08322324188642966,False,31
15,0.10313879658027654,7114327.774543787,0.08309577888830441,False,31
16,0.10274582612842098,7151015.479682306,0.08298269213582082,False,31
17,0.10235463474871791,7187710.43494314,0.08286185676388975,False,31
18,0.10196531976178914,7224412.026826282,0.08275124639207855,False,31
19,0.10157733022180919,7761081.578236731,0.08328525427031329,False,31
20,0.1011832549625774,7797258.865616301,0.08317241344085734,False,31
21,0.10079135729395816,7833443.618973635,0.08305929256566856,False,31
22,0.10040166383744058,7869635.590171963,0.08294993133846827,False,31
23,0.10002237876368637,7906346.945897323,0.08284741385674824,False,31
24,0.1106038734530249,7943576.157041792,0.08274975332770393,False,31
25,0.11018412982281402,7981313.137912086,0.0828392262739771,False,31
26,0.10977618197428037,8019567.067962939,0.08273300886823087,False,31
27,0.10937006403683447,8557801.096225498,0.08321547646321989,False,31
28,0.10896621680521291,8596039.25273181,0.0831153978267734,False,31
29,0.10856463887575583,8634281.792679919,0.08300913257104561,False,31
30,0.10816529495515473,8672527.216384202,0.08293922333050856,False,31
31,0.10776816638324745,8710775.020255378,0.08288152231491798,False,31
32,0.1073732410614754,8749025.136084385,0.08282547485231835,False,31
33,0.1069804947528715,8787276.867515087,0.08278630875060142,False,31
34,0.10658993110206316,8825531.135509165,0.08272481630518183,False,31
35,0.10620114951970894,9363765.792532172,0.08320023378567888,False,31
36,0.10581450836663406,9402001.885657689,0.08316541917937338,False,31
37,0.10542999931104192,9440239.74051228,0.08312271059577968,False,31
38,0.1050476075823032,9478479.329543345,0.08308066995397004,False,31
39,0.10466731818014109,9516720.620731642,0.08303940553615818,False,31
40,0.10428911106712131,9554963.29123754,0.083005967533733,False,31
41,0.1039129724767522,9593207.385004304,0.08297146424006777,False,31
42,0.10353888701100716,9631452.850931738,0.08293819973896274,False,31
43,0.10316683541427865,9669699.405468537,0.08291180920888756,False,31
44,0.1027962933612879,9707916.416007977,0.08286888548425739,False,31
45,0.10242314037413486,9745855.377867939,0.082837884593442,False,31
46,0.10205204076361478,9783795.864892857,0.08280399203884266,False,31
47,0.10167078211406559,9820993.003332408,0.0827690412428519,False,31
48,0.10129471850592787,9816711.528408727,0.08273381495038168,False,31
49,0.10092339643563211,10312594.215704944,0.08317803441985619,False,31
50,0.10055715481896563,10308665.77379994,0.08314162761918771,False,31
51,0.10020791103599164,10305674.124991478,0.08310135579058871,False,31
52,0.11502049478698176,10302683.797842627,0.08306464302362626,False,31
53,0.11459327013106646,10299686.67293614,0.08325346962460088,False,31
54,0.11416844452805962,10296690.686422626,0.0832218475975797,False,31
55,0.11374600501849887,10293696.095222875,0.08318308888197397,False,31
56,0.11332593086029626,10290702.749703769,0.08314848664185853,False,31
57,0.11290819948907731,10287710.39337724,0.08312100907021691,False,31
58,0.11249279815072283,10284719.270536149,0.08308674558586802,False,31
59,0.11207970536510486,10281729.16204906,0.08305856908578681,False,31
60,0.11166891157084712,10278740.46801803,0.08301927863974065,False,31
61,0.1112603980102243,10275753.098358404,0.0829824905451642,False,31
62,0.11085414803156587,10272767.065597437,0.0829453544712855,False,31
63,0.11045014337484492,10269782.287425555,0.08291050477453149,False,31
64,0.11004836474894208,10266798.61547909,0.08287977629075159,False,31
65,0.10964880012827144,10263816.286132338,0.08284248185426067,False,31
66,0.10925142951544836,10260835.095583526,0.08281084857810127,False,31
67,0.10885623783236405,10257855.098599153,0.08277769401030899,False,31
68,0.10846320849569138,10254876.259569207,0.08274552860961097,False,31
69,0.10807232017020824,10251898.269154435,0.08272195596590944,False,31
70,0.10768326487256308,10748904.739667285,0.08315359686529425,False,31
71,0.1072963237019107,10745912.111115154,0.08312857089252064,False,31
72,0.10691148698294231,10742920.703293934,0.08309466170052801,False,31
73,0.10652874358961366,10739930.75239046,0.08305419176324702,False,31
74,0.10614806913790371,10736941.732604295,0.08302832739349161,False,31
75,0.10576945422216781,10733953.961169146,0.08299365097636228,False,31
76,0.10539287763217729,10730967.071145248,0.08296916733054871,False,31
77,0.1050140527068044,10727732.477849005,0.08293828964730922,False,31
78,0.10463729111713355,10724499.259963872,0.0829030226957035,False,31
79,0.10426257524051069,10721267.263273088,0.08287171002009078,False,31
80,0.10389330383153578,10718238.355749557,0.08284191517348247,False,31
81,0.10352940557723765,10715412.398272524,0.08281194071898579,False,31
82,0.10317081481846276,10712789.502847165,0.08277382012969313,False,31
83,0.10281745851834907,10710369.258265873,0.0827434044885788,False,31
84,0.102465717621806,11207937.074694509,0.08315157508942421,False,31
85,0.10211579514171212,11205505.839715574,0.08311914457900003,False,31
86,0.10176767790172332,11203075.51460665,0.08308803791188007,False,31
87,0.1014213520144099,11200646.009629317,0.0830599992251351,False,31
88,0.10107680517972237,11198217.324449396,0.08303197196316522,False,31
89,0.10073402617697501,11195789.519054577,0.083001893839971,False,31
90,0.10039300395499945,11193362.65871695,0.08296958419237307,False,31
91,0.1000537235897393,11190936.561225938,0.08294350396625629,False,31
92,0.11316559661805689,11188511.331446627,0.08291383860888904,False,31
93,0.11275958729249672,11186081.767346783,0.0830620205074791,False,31
94,0.11235577452331937,11183652.960324144,0.08303613752610718,False,31
95,0.11195414599356508,11181225.096923936,0.08300387693012998,False,31
96,0.11155468212056789,11178797.973899905,0.08297856492413735,False,31
97,0.11115736668138138,11176371.555601202,0.08295447175051919,False,31
98,0.11076218684216493,11173945.980202915,0.0829256546423079,False,31
99,0.11036912740625032,11171521.253756572,0.082896630644244,False,31
100,0.10997817306203297,11169097.368759435,0.08286786314996557,False,31
0,0.1,5000000.0,0.1047,False,32
1,0.10248886947094733,5583333.333333333,0.08303824316132635,False,32
2,0.10229644727852324,5625000.0,0.08302857159957883,False,32
3,0.1020656377078302,5666666.666666667,0.08294845043015547,False,32
4,0.1017918841695381,5707090.4301525755,0.08286021205060602,False,32
5,0.10148422244222648,5746273.885557789,0.08277370871510142,False,32
6,0.1011474396162696,6284185.008810609,0.08345652030771772,False,32
7,0.10078536257225881,6320853.3642016435,0.08330518792719648,False,32
8,0.1004203720027318,6357530.692229584,0.08315564397877977,False,32
9,0.10005374179779496,6394215.756276088,0.08302671033603523,False,32
10,0.10511762419918422,6430908.703940821,0.08289531669890157,False,32
11,0.1047196681116865,6467601.815196614,0.08289259018123367,False,32
12,0.10432222609677783,6504302.973179452,0.08275847806382186,False,32
13,0.10392495985387201,7040968.440213381,0.08335332721229481,False,32
14,0.10352892276282719,7077641.771644763,0.08322225392142647,False,32
15,0.10313435527411881,7114323.181455905,0.08308761425875198,False,32
16,0.10274142365228012,7151011.697122616,0.08296918333259823,False,32
17,0.10235026677726781,7187707.220568229,0.08285238701756402,False,32
18,0.10196098497965383,7224409.317388894,0.08274283076670119,False,32
19,0.10157303240520939,7761079.618521346,0.08327275890358377,False,32
20,0.10117900263798686,7797258.167986769,0.0831532909279455,False,32
21,0.10078714243695655,7833443.713227568,0.0830472943313423,False,32
22,0.10039747512159151,7869635.792291799,0.08294829700661226,False,32
23,0.10001821655706547,7906347.323789265,0.08284447513814404,False,32
24,0.11060043313635969,7943576.59324405,0.08274866595584056,False,32
25,0.11018070213362861,7981313.199107537,0.08284713155582141,False,32
26,0.10977276402700338,8019566.624743034,0.08274523711928085,False,32
27,0.10936666230389974,8557800.503839694,0.08321909260623502,False,32
28,0.10896283366190478,8596038.648007976,0.08311569693051216,False,32
29,0.10856128190180127,8634281.602774346,0.08299907637080746,False,32
30,0.10816195255491062,8672526.808215016,0.08294451456960258,False,32
31,0.10776484701337813,8710774.872310553,0.0828752138455996,False,32
32,0.10736994930850506,8749025.516963933,0.08281265486756209,False,32
33,0.10697723884681787,8787278.256301504,0.08276187464474512,False,32
34,0.10658631909355258,9325511.250809047,0.08324053719082536,False,32
35,0.10619756890788158,9363746.574977761,0.0831840605564435,False,32
36,0.10581095877500031,9401983.329223534,0.08314939202167929,False,32
37,0.10542647953949039,9440221.791301986,0.083107990017339,False,32
38,0.1050441173860991,9478461.988181531,0.08306593423323813,False,32
39,0.10466385535227596,9516703.77296998,0.08302743947193922,False,32
40,0.10428567710580305,9554947.03862701,0.08299153962754681,False,32
41,0.10390956486805882,9593191.593470076,0.08296028663268928,False,32
42,0.10353551146554281,9631437.872853465,0.08291847959460877,False,32
43,0.10316350227935656,9669685.875863662,0.08287669470227874,False,32
44,0.10279299569720483,9707903.940038737,0.08284357466848388,False,32
45,0.10241988158956004,9745844.167301236,0.08280976453705481,False,32
46,0.10204882114209081,9783785.958729697,0.08277500529342417,False,32
47,0.10166760728008031,9820984.732261099,0.08273876176417175,False,32
48,0.10129118784843472,10316680.323523266,0.08317698044122857,False,32
49,0.1009199190091609,10312565.100858368,0.08313581141209138,False,32
50,0.10055372004914921,10308638.133890599,0.08311041201628579,False,32
51,0.1002045095052941,10305647.444387088,0.08307470843084216,False,32
52,0.11505164982907597,10302657.877892455,0.0830435137398267,False,32
53,0.1146242678092912,10299661.568654142,0.08323081217536044,False,32
54,0.11419928342799768,10296666.267984767,0.0832027963715658,False,32
55,0.11377668503021408,10293672.298354663,0.08316582305840312,False,32
56,0.1133564482050481,10290679.319302022,0.08313830701774604,False,32
57,0.11293855714974836,10287687.423495872,0.08310821683754649,False,32
58,0.11252299818129592,10284696.808530934,0.08307263791492961,False,32
59,0.11210975617547296,10281707.591990832,0.08303379278061275,False,32
60,0.11169880652340303,10278719.382555827,0.0830058176389815,False,32
61,0.111290140041565,10275732.594583245,0.08296633257177517,False,32
62,0.11088373233830731,10272746.827648656,0.08293797040527191,False,32
63,0.11047956675327764,10269762.081057817,0.08290962752335823,False,32
64,0.1100776387883662,10266779.005294453,0.0828632156490129,False,32
65,0.10967792201122771,10263797.061084807,0.08283178360127282,False,32
66,0.10928039967443111,10260816.21991193,0.08280114369105693,False,32
67,0.10888506068786759,10257836.756267862,0.08276287900185163,False,32
68,0.10849188628991879,10254858.517393624,0.08272885761775288,False,32
69,0.1081005595335963,10751864.725643292,0.08316088195370296,False,32
70,0.10771136858491563,10748872.128029788,0.08312771148618726,False,32
71,0.10732429649847793,10745880.646185398,0.08309671789970587,False,32
72,0.10693933298963328,10742890.569214992,0.08305769362238444,False,32
73,0.10655645757850334,10739901.604097476,0.0830268088198727,False,32
74,0.10617565939798047,10736913.993746448,0.08298917641745152,False,32
75,0.10579691908541147,10733927.489563342,0.08295844953072468,False,32
76,0.10542022270579962,10730942.14375815,0.08292627236641609,False,32
77,0.1050412817499023,10727709.365607198,0.08289174746030308,False,32
78,0.10466440527112233,10724477.986970423,0.0828558624814275,False,32
79,0.10428957862427758,10721248.029505372,0.08281942218079748,False,32
80,0.10392019717125801,10718221.085886894,0.08278820153102806,False,32
81,0.1035561896871513,10715397.022777047,0.08275642812737022,False,32
82,0.10319748585616098,10712775.674561806,0.08272499298588105,False,32
83,0.10284379849228091,11210343.768276278,0.08314209523175319,False,32
84,0.10249194209491799,11207912.7607341,0.0831113689633496,False,32
85,0.10214189876469612,11205482.333119309,0.08309154238604846,False,32
86,0.10179365989948759,11203052.720316483,0.08306368556670889,False,32
87,0.10144721451192465,11200624.00929606,0.08303285539908778,False,32
88,0.10110254942682002,11198196.147473626,0.08300382298919183,False,32
89,0.10075965091448215,11195769.040310118,0.08297802268399622,False,32
90,0.10041851176886349,11193342.990820032,0.0829418629088741,False,32
91,0.10007911450366902,11190917.658717554,0.08291733683686434,False,32
92,0.11325041361854596,11188493.27954406,0.08288475806814084,False,32
93,0.1128439698550838,11186064.836986968,0.08302367716550914,False,32
94,0.1124397258354193,11183637.158752264,0.08299754648566425,False,32
95,0.11203767013319954,11181210.479756724,0.08296338446289628,False,32
96,0.11163778154369668,11178784.513175242,0.08293902842684277,False,32
97,0.11124004604635622,11176359.341918996,0.08291183782031933,False,32
98,0.11084445153931918,11173935.146150036,0.08287848782768759,False,32
99,0.11045098355162074,11171511.974581916,0.08284347241438654,False,32
100,0.11005962060496831,11169089.489386598,0.08282000667758538,False,32
0,0.1,5000000.0,0.1047,False,33
1,0.10247881076435947,5583333.333333333,0.08304995410069581,False,33
2,0.10228641687169196,5625000.0,0.08303330488207618,False,33
3,0.10205564121135717,5666666.666666667,0.08294546526988138,False,33
4,0.10178193078623653,5707090.609565013,0.0828482512213609,False,33
5,0.1014743186954291,5746274.344735975,0.08276438319018052,False,33
6,0.10113758856060348,6284185.680827016,0.08345179056946057,False,33
7,0.10077556603637987,6320854.141359274,0.0833034355734727,False,33
8,0.10041061915091105,6357530.881081586,0.08316544907260462,False,33
9,0.10004404778584097,6394216.289556374,0.08302096986464921,False,33
10,0.10511907056555184,6430909.938284812,0.08288363230381601,False,33
11,0.10472111998842035,6467603.850596738,0.0828792392456766,False,33
12,0.10432367864157195,6504305.532792025,0.08274974118965839,False,33
13,0.10392640985482435,7040971.339138444,0.08334767200415324,False,33
14,0.10353036276989706,7077644.568603038,0.08322395336789566,False,33
15,0.10313578019442546,7114325.56811506,0.08309445257741005,False,33
16,0.10274283046309143,7151013.484084244,0.08297917829137721,False,33
17,0.10235165098809962,7187708.126320185,0.08286707384541676,False,33
18,0.10196234450144874,7224409.201541246,0.08275985742677258,False,33
19,0.10157436761003553,7761078.489541373,0.08328964444231876,False,33
20,0.10118031575560989,7797256.157705437,0.08316664397882315,False,33
21,0.10078844549108487,7833441.551660754,0.08304958653561356,False,33
22,0.10039877198775293,7869633.715277831,0.08294701590288137,False,33
23,0.10001951265499079,7906345.6579790255,0.08283760025869574,False,33
24,0.11062914804680749,7943576.007115488,0.0827285320317971,False,33
25,0.11020927491054062,7981313.755045988,0.08282305636189291,False,33
26,0.10980119718924088,8019568.206802919,0.0827203614481387,False,33
27,0.10939494916841264,8557802.702770457,0.08320413816069178,False,33
28,0.1089909771010572,8596041.564249989,0.08309830756691276,False,33
29,0.10858926403319293,8634284.190209791,0.08300704743912408,False,33
30,0.10818977753023963,8672529.230500141,0.0829485182136669,False,33
31,0.10779250874904377,8710776.723476842,0.0828890591506715,False,33
32,0.10739745144150786,8749026.931716692,0.08282323458946386,False,33
33,0.10700459281982326,8787279.813831182,0.08275841338604903,False,33
34,0.10661352595158746,9325512.957440676,0.08323692259807337,False,33
35,0.106224629831412,9363748.43678,0.08318029884466192,False,33
36,0.10583787608283254,9401985.41868177,0.08314387308840858,False,33
37,0.10545325786572662,9440224.316365229,0.08309742989596822,False,33
38,0.10507075843212813,9478464.990234362,0.08305437084930636,False,33
39,0.10469036490871093,9516707.533636846,0.08300904882869861,False,33
40,0.10431205584855807,9554951.544092031,0.08297348391469803,False,33
41,0.1039358212797975,9593197.291499743,0.08293137597461232,False,33
42,0.10356164174585185,9631444.489095537,0.08289621989995717,False,33
43,0.10318950732138119,9669693.412261691,0.08285438789120568,False,33
44,0.10281887617228318,9707912.397639606,0.0828214452011676,False,33
45,0.10244563461342152,9745853.426117077,0.0827919597598886,False,33
46,0.10207445472025202,9783796.4510988,0.08274759299873573,False,33
47,0.10169310543932329,9820995.714220468,0.08272969527775337,False,33
48,0.10131654061172489,10316691.061076175,0.08318170327137955,False,33
49,0.1009451298986647,10312575.673413444,0.08313914470160799,False,33
50,0.10057879757885058,10308648.934574634,0.08310558389011878,False,33
51,0.10022945651912721,10305658.241888193,0.0830747968455834,False,33
52,0.11508389353387376,10302668.703699557,0.08304272746206644,False,33
53,0.11465633605576353,10299672.596412295,0.08322520242396271,False,33
54,0.1142311881151826,10296678.041621568,0.08318207752017807,False,33
55,0.11380842669933293,10293684.78560903,0.0831460003482395,False,33
56,0.11338802656575832,10290692.444938406,0.08312057418396943,False,33
57,0.11296997733810633,10287701.394520937,0.08308473381856256,False,33
58,0.11255426449270517,10284711.791785473,0.0830445204295791,False,33
59,0.11214086576865585,10281723.38124859,0.08301140380229101,False,33
60,0.11172976152995955,10278736.032508038,0.0829819094597893,False,33
61,0.11132093932980591,10275749.987200068,0.0829457029992333,False,33
62,0.11091437753967452,10272764.9917596,0.08291654001306682,False,33
63,0.11051006220564756,10269781.19237734,0.08288331617393765,False,33
64,0.11010797793250343,10266798.652080972,0.08284834156578569,False,33
65,0.10970810303486718,10263817.084242154,0.08282132885607515,False,33
66,0.10931042905302715,10260836.912395163,0.08278255130536967,False,33
67,0.1089149332780996,10257857.776181098,0.0827537837239882,False,33
68,0.10852160020983823,10254879.698495109,0.08272438016638375,False,33
69,0.10813012011385038,10751886.308102945,0.08314973311564598,False,33
70,0.10774077439670299,10748893.971015686,0.08312047464607566,False,33
71,0.10735354697822101,10745902.655866174,0.08309208748646199,False,33
72,0.10696842511329796,10742912.511411263,0.08305956819195172,False,33
73,0.10658539348732012,10739923.535472758,0.08302710940293101,False,33
74,0.10620443581690273,10736935.662483403,0.08299647192654465,False,33
75,0.10582554435108964,10733949.308399905,0.08295428009715285,False,33
76,0.10544869779235552,10730964.106882976,0.08292226435910455,False,33
77,0.10506960621731838,10727731.485911962,0.08288771720548044,False,33
78,0.10469257648330199,10724500.04720485,0.08285740274643713,False,33
79,0.10431758928066538,10721269.535311034,0.08283363830299027,False,33
80,0.10394805048260196,10718242.075658929,0.08280231527125333,False,33
81,0.10358388575689133,10715417.353451211,0.0827757423507277,False,33
82,0.10322502697106509,10712795.333668035,0.08274618645133411,False,33
83,0.10287119554695795,11210363.267479438,0.08314756200329122,False,33
84,0.10251919624871329,11207932.109630741,0.08311650764768878,False,33
85,0.10216901745050373,11205501.922530722,0.08308331965879374,False,33
86,0.101820641539482,11203072.398301547,0.08306065740773966,False,33
87,0.1014740588960971,11200643.705814743,0.08303222177106998,False,33
88,0.10112925843359041,11198215.920521632,0.08300120660206983,False,33
89,0.10078622930834477,11195789.127930952,0.08296726805744926,False,33
90,0.10044495781253157,11193363.230603747,0.08293666075913599,False,33
91,0.1001054311227587,11190938.17791527,0.0829077842214306,False,33
92,0.11329091092339882,11188513.932619778,0.0828801810423783,False,33
93,0.11288424571095733,11186085.2950912,0.08303034285738731,False,33
94,0.11247978595096536,11183657.637233984,0.0829968498193925,False,33
95,0.11207751770424469,11181231.06545128,0.08295971906679757,False,33
96,0.11167741970127465,11178805.291774502,0.08293243339410694,False,33
97,0.11127947868827014,11176380.44208483,0.08290084409138697,False,33
98,0.11088367506875774,11173956.297218382,0.08287674757092052,False,33
99,0.1104899980973226,11171533.103118194,0.08284424274148366,False,33
100,0.11009843190467404,11169110.825771485,0.08281290074228094,False,33
0,0.1,5000000.0,0.1047,False,34
1,0.10249140326063656,5583333.333333333,0.0830352976943927,False,34
2,0.10229897393928121,5625000.0,0.08302502652601261,False,34
3,0.10206815582630333,5666666.666666667,0.08295057411241352,False,34
4,0.10179438872177744,5707090.220059971,0.0828742182241837,False,34
5,0.10148670643706054,5746273.111169833,0.08279251856018427,False,34
6,0.10114989946871437,6284183.508732334,0.08347264675924256,False,34
7,0.10078778504823727,6320850.367852996,0.08333012576674827,False,34
8,0.10042274983985668,6357525.736654366,0.08318829775494054,False,34
9,0.10005607189309158,6394208.628023933,0.08306292161835462,False,34
10,0.10509272785059949,6430899.977067732,0.0829219603811297,False,34
11,0.10469488944759144,6467591.715947992,0.0829154631067769,False,34
12,0.10429755518791202,6504290.92872833,0.08279089810547645,False,34
13,0.10390039967844128,7040954.623761204,0.08338286056321902,False,34
14,0.10350447254612166,7077626.158542468,0.08325219809005208,False,34
15,0.10311000916364824,7114305.448155953,0.08312295088637303,False,34
16,0.10271719562513115,7150992.710465907,0.08299007261187036,False,34
17,0.10232615639988553,7187686.993825004,0.08287305512616448,False,34
18,0.1019370049444116,7224388.664541553,0.08274993250198542,False,34
19,0.10154917976221313,7761058.398845449,0.08328220604616117,False,34
20,0.10115527957666574,7797236.394258565,0.08316168565985524,False,34
21,0.1007635569519557,7833421.937532235,0.08304732413633446,False,34
22,0.10037403885142537,7869614.803544236,0.08293637355554012,False,34
23,0.11047510010961976,7906327.138502483,0.08283104214705321,False,34
24,0.11004667281349216,7943547.758754759,0.08290995644551427,False,34
25,0.10963012327451169,7981286.408016311,0.08280405597080458,False,34
26,0.10922482282640904,8519517.232380327,0.0832931467308926,False,34
27,0.10882177739933056,8557752.412129423,0.08318756163806323,False,34
28,0.10842098861403444,8595992.208790934,0.08307563648864531,False,34
29,0.10802244062037034,8634236.074708305,0.08297698786170561,False,34
30,0.10762609357235424,8672482.230056293,0.08292148651341383,False,34
31,0.10723194086015621,8710730.828214917,0.08286226686164044,False,34
32,0.10683997006262537,8748981.773960479,0.08280535566317959,False,34
33,0.10645017415292847,8787235.33766692,0.08274188994484837,False,34
34,0.10606215335408613,9325469.330689171,0.08321633077364511,False,34
35,0.10567627626566282,9363705.39591629,0.08316609550421278,False,34
36,0.10529252067677863,9401943.035620557,0.08312792636119411,False,34
37,0.10491086993067046,9440182.084438354,0.08309376603317441,False,34
38,0.10453130943354824,9478422.508397125,0.08306042928232457,False,34
39,0.10415382794381729,9516664.47993712,0.0830229121617469,False,34
40,0.10377841641764078,9554908.31153921,0.08297781974725596,False,34
41,0.10340505213554502,9593153.511437088,0.08294464894030389,False,34
42,0.10303371947655099,9631400.00306705,0.0829133342231895,False,34
43,0.10266440836794109,9669648.041363114,0.08287583928728165,False,34
44,0.10229658315780342,9707866.080351384,0.08284417971501044,False,34
45,0.10192616489419784,9745806.309683213,0.08280971855195914,False,34
46,0.10155777658725339,9783747.856937766,0.08278043138031821,False,34
47,0.10117930353770964,9820946.41308381,0.08274278741893083,False,34
48,0.10080558387566783,10316641.691084564,0.08318303380186319,False,34
49,0.10043696903753613,10312525.911284305,0.08314706667188193,False,34
50,0.10007338871723191,10308598.742062682,0.08311469252111703,False,34
51,0.1148589791837418,10305607.7520779,0.08308305513277206,False,34
52,0.11443264532935483,10302610.344122766,0.08326133208709424,False,34
53,0.1140087056605232,10299614.16682863,0.08322714705927786,False,34
54,0.11358714267108043,10296619.240340037,0.08319240246097469,False,34
55,0.11316793409982716,10293625.329700818,0.0831641844226937,False,34
56,0.11275106463431046,10290632.549885409,0.08313277265027558,False,34
57,0.11233651608573199,10287640.858889012,0.08310252767773721,False,34
58,0.11192427284313332,10284650.341799304,0.08306991915851993,False,34
59,0.11151432156015006,10281661.197708264,0.08303178030667933,False,34
60,0.11110664133189135,10278673.217649413,0.08299944607922881,False,34
61,0.11070121023141241,10275686.124766978,0.0829748022898422,False,34
62,0.11029801652513004,10272700.178878743,0.0829429413398386,False,34
63,0.10989704469330953,10269715.43152976,0.0829096485828386,False,34
64,0.10949827244282645,10266731.557009747,0.08288540333368001,False,34
65,0.1091016869523767,10263748.734773392,0.08285617323210195,False,34
66,0.10870727295513391,10260767.004997808,0.0828258270995531,False,34
67,0.10831501790436014,10257786.551749365,0.08279036801233006,False,34
68,0.1079249072151091,10254807.441201022,0.0827530707873339,False,34
69,0.10753691824944965,10251829.280696709,0.08272668067535849,False,34
70,0.10715074723193173,10748835.78873446,0.08315255450690968,False,34
71,0.10676667816112777,10745843.687615054,0.08311391998350286,False,34
72,0.10638468985176412,10742852.63985951,0.08308465987616527,False,34
73,0.10600476774728593,10739862.673106253,0.08305463203493514,False,34
74,0.10562689513432404,10736873.683349522,0.083027493242544,False,34
75,0.10525106347574799,10733886.0307344,0.08299035042011513,False,34
76,0.10487725856842248,10730899.745043768,0.08295238029528398,False,34
77,0.10450122154421769,10727666.03687256,0.08291559413352485,False,34
78,0.10412722489407594,10724433.541007703,0.08288450935532513,False,34
79,0.10375525289121404,10721202.20095905,0.08285487304239762,False,34
80,0.10338868157147009,10718173.998540185,0.08282263025955855,False,34
81,0.10302744193788119,10715348.890849086,0.08278703856702321,False,34
82,0.10267145921965162,10712726.403040668,0.08276095647863536,False,34
83,0.10232066792099485,10710306.529566072,0.08273071708020173,False,34
84,0.10197147365977532,11207874.579342758,0.08314359737831774,False,34
85,0.10162407951975759,11205443.528416615,0.0831128521758127,False,34
86,0.10127847477799588,11203013.478533674,0.08307862847653939,False,34
87,0.10093464539411988,11200584.322088055,0.08304808361088446,False,34
88,0.10059257925846146,11198156.062562663,0.08301741967159545,False,34
89,0.10025226309630625,11195728.624331476,0.08298934123717648,False,34
90,0.11338290264755987,11193301.89794609,0.08296500462863231,False,34
91,0.11297569643955463,11190871.063222151,0.08310546064747838,False,34
92,0.11257070069135613,11188441.257639304,0.08307027633659642,False,34
93,0.11216789500752634,11186012.249874407,0.08304300050924948,False,34
94,0.11176726761905277,11183584.253185192,0.08300843381925342,False,34
95,0.11136879636513565,11181156.92406677,0.0829856108861705,False,34
96,0.11097246846832791,11178730.40677024,0.08295785629170678,False,34
97,0.11057827071341839,11176304.817592787,0.08292612572485235,False,34
98,0.11018618872599038,11173880.205089936,0.08289273514019664,False,34
99,0.10979620423054079,11171456.399040105,0.08286516409671332,False,34
100,0.10940830354217437,11169033.469419174,0.08283520071551735,False,34
0,0.1,5000000.0,0.1047,False,35
1,0.10248593923001331,5583333.333333333,0.08304165175928857,False,35
2,0.10229352528184431,5625000.0,0.08302046141481063,False,35
3,0.1020627255898802,5666666.666666667,0.08294199650139637,False,35
4,0.10178898438700137,5707090.468743662,0.08285763931148295,False,35
5,0.10148133593572078,5746273.933081692,0.08277341095460547,False,35
6,0.10114455904101717,6284184.538311222,0.08346803193641021,False,35
7,0.10078248122166075,6320851.8901317,0.08332191410314922,False,35
8,0.10041746876452849,6357526.884331441,0.0831945411154514,False,35
9,0.1000508346582454,6394210.711265785,0.08304732887205869,False,35
10,0.10508564747100141,6430901.9821476815,0.08292326307950418,False,35
11,0.10468784772755849,6467593.634156679,0.08291691096114748,False,35
12,0.10429056312394291,6504293.412862088,0.08278146602096992,False,35
13,0.10389344740586258,7040957.102743257,0.08338294642494956,False,35
14,0.10349755289413479,7077628.217821968,0.08325919313259997,False,35
15,0.10310311463162267,7114306.64768622,0.08313728004025914,False,35
16,0.10271032710025546,7150993.10816645,0.08300343644061373,False,35
17,0.10231930585034754,7187686.109955394,0.08289441462870935,False,35
18,0.10193016202925054,7224385.871368931,0.08278175421884404,False,35
19,0.10154234103839455,7761053.476481608,0.08331769256650016,False,35
20,0.10114843776916732,7797228.8372016875,0.08320160525132628,False,35
21,0.10075671115863293,7833411.677504987,0.08308827823283688,False,35
22,0.10036718412818486,7869601.519881337,0.08298218621691714,False,35
23,0.11040105980244573,7906310.8555343,0.08288118727195326,False,35
24,0.10997300587781339,7943528.401526817,0.08296728529882089,False,35
25,0.10955681178680507,7981263.657478773,0.08287558818890285,False,35
26,0.10915231464595507,8019516.298909184,0.08276424815166356,False,35
27,0.10874962074908733,8557748.763868196,0.08325337473105443,False,35
28,0.10834917211695336,8595985.349347806,0.08315348332254073,False,35
29,0.107950959656512,8634225.875461113,0.08305795280872338,False,35
30,0.10755495148749755,8672469.004917284,0.08299484146647383,False,35
31,0.10716113104676776,8710714.33399359,0.0829415173420634,False,35
32,0.10676948553548594,8748961.74108587,0.08289114119722729,False,35
33,0.10638001028165088,8787211.625892833,0.08283107538671025,False,35
34,0.10599269007579346,8825463.83881957,0.08277463611945136,False,35
35,0.10560750767120063,8863718.14486408,0.08272389387046958,False,35
36,0.10522406721153835,9401952.369732343,0.08321071026432791,False,35
37,0.10484273323424644,9440188.221001888,0.08317128235440656,False,35
38,0.10446349152991415,9478425.689792393,0.0831320697251683,False,35
39,0.1040863231885821,9516664.499551391,0.08309956139796311,False,35
40,0.10371121283947626,9554904.583598359,0.08306866956845642,False,35
41,0.10333815218023222,9593146.298383458,0.08302913652289359,False,35
42,0.10296712364771875,9631389.454193264,0.08299420259050942,False,35
43,0.10259810960014897,9669633.851631064,0.0829641025179976,False,35
44,0.10223057464614757,9707847.924014013,0.08293946694069071,False,35
45,0.10186044685087606,9745784.042914562,0.08290106146925401,False,35
46,0.10149234689413736,9783721.464795614,0.0828721063469832,False,35
47,0.10111416601469841,9820915.526084445,0.08282602551545502,False,35
48,0.10074113522606899,9816631.148681788,0.08278990150062113,False,35
49,0.10037318164161083,9812534.565063326,0.08275926501943333,False,35
50,0.1000102398592568,9808625.720761836,0.08272686352364375,False,35
51,0.11463914505204953,10305631.635929402,0.08316902312313644,False,35
52,0.11421396394722574,10302630.69322462,0.08335951957727138,False,35
53,0.11379116801502137,10299630.946713196,0.08332629198396305,False,35
54,0.11337073428793133,10296632.128762476,0.08330049863109412,False,35
55,0.11295265301974526,10293634.647235705,0.08326337574366137,False,35
56,0.11253690846327158,10290638.596107585,0.08322364244772225,False,35
57,0.11212348158403981,10287643.889740614,0.08318628797138826,False,35
58,0.11171234661950723,10284650.075435143,0.08316150848528982,False,35
59,0.11130349346000996,10281657.516865335,0.08312662693914082,False,35
60,0.11089689981292963,10278665.924250878,0.08309979484606222,False,35
61,0.11049254811946521,10275675.248364551,0.08307433017582981,False,35
62,0.11009042818964461,10272685.830159687,0.08303939457953656,False,35
63,0.10969052224349472,10269697.59618266,0.08300649936188827,False,35
64,0.10929281711071849,10266710.715786567,0.0829688998914697,False,35
65,0.10889729284598408,10263724.980519155,0.08293709076144902,False,35
66,0.10850393426968029,10260740.43325268,0.08290409073541549,False,35
67,0.10811272369107033,10257756.969820816,0.08287398421845389,False,35
68,0.10772364673063885,10254774.661189897,0.08284190641444293,False,35
69,0.1073366855027203,10251793.374434067,0.08281352099532319,False,35
70,0.10695182431072722,10248813.089716135,0.08278568660922833,False,35
71,0.10656905039145068,10245833.94584014,0.0827539965553708,False,35
72,0.10618834858737779,10242855.939726502,0.08272239204552798,False,35
73,0.10580942150193069,10739862.821814787,0.08314216421436073,False,35
74,0.10543254191568835,10736870.966977017,0.08310707882695258,False,35
75,0.10505769588702757,10733880.423102504,0.0830706631809356,False,35
76,0.10468486689623921,10730891.080605537,0.08303729158234661,False,35
77,0.10430980360174318,10727653.901487144,0.08300459277928846,False,35
78,0.10393677673622947,10724418.103845777,0.08296917029150831,False,35
79,0.10356576836485477,10721183.498992426,0.08293858598342445,False,35
80,0.10320014975793337,10718152.334540185,0.08290364313821444,False,35
81,0.10283984620391737,10715324.214279544,0.08287531899313455,False,35
82,0.10248479182851289,10712699.183616886,0.08284120434418277,False,35
83,0.1021349148334366,10710276.847528225,0.08281490901402604,False,35
84,0.10178683996862718,10707855.280042915,0.08278863197636074,False,35
85,0.10144055886885002,10705434.72718098,0.08275394399781585,False,35
86,0.10109605763180426,10703015.092334175,0.08272255886517774,False,35
87,0.1007531171362456,11200583.562774861,0.08312921570302137,False,35
88,0.10041193327617769,11198152.887509754,0.08310000906361159,False,35
89,0.10007249234251932,11195722.959765194,0.08307445280546726,False,35
90,0.11301962707791864,11193293.895830542,0.08304492084288373,False,35
91,0.11261432512851108,11190860.52328177,0.08319222388963808,False,35
92,0.11221121637082822,11188427.984201794,0.08316372922991844,False,35
93,0.11181028606830555,11185996.336337548,0.0831332603161211,False,35
94,0.1114115230720241,11183565.82215344,0.08309450202077641,False,35
95,0.11101490848543727,11181136.266912075,0.08306171765347528,False,35
96,0.11062042619494375,11178707.634358045,0.08303017278736528,False,35
97,0.11022805507452765,11176279.608695427,0.08300942436300009,False,35
98,0.10983778294174672,11173852.346532974,0.08298332179326887,False,35
99,0.10944959852698705,11171426.050408212,0.08295029486356559,False,35
100,0.1090634848051481,11169000.603349322,0.08292126697061857,False,35
0,0.1,5000000.0,0.1047,False,36
1,0.10248515764708156,5583333.333333333,0.0830425613453259,False,36
2,0.10229274589788219,5625000.0,0.08302983016629059,False,36
3,0.10206194884084696,5666666.666666667,0.08294121254893112,False,36
4,0.10178821129195333,5707090.501211748,0.08285547477231363,False,36
5,0.10148056526817212,5746273.8998479275,0.0827756010162415,False,36
6,0.10114380607346934,6284185.358520254,0.08344906654090888,False,36
7,0.10078174368993026,6320853.415543828,0.0833101607182002,False,36
8,0.10041676361464069,6357530.175226093,0.08316511640669248,False,36
9,0.10005014884531814,6394214.970476773,0.08303119026647107,False,36
10,0.10510156622997703,6430907.213564498,0.08290705964902714,False,36
11,0.10470369484450584,6467599.953665656,0.0828987760918239,False,36
12,0.10430633115653265,6504300.378669972,0.08277069437253412,False,36
13,0.10390913824339998,7040964.8215465825,0.08337039650093306,False,36
14,0.10351317974823479,7077637.456976124,0.08323385395209594,False,36
15,0.10311869630275142,7114318.518721367,0.08309341535706982,False,36
16,0.10272585223661676,7151006.9261669535,0.0829709870180141,False,36
17,0.10233478680735852,7187702.610031792,0.08284971336380943,False,36
18,0.10194559640159526,7224404.901948089,0.08273957917283914,False,36
19,0.10155773193852846,7761075.228407181,0.08327233679292624,False,36
20,0.10116379462277386,7797253.996525087,0.0831499780115208,False,36
21,0.10077202604389969,7833439.752548671,0.08304410065277092,False,36
22,0.10038245831246469,7869632.581718095,0.08293693177642193,False,36
23,0.1000032909229243,7906344.502040218,0.08283797441244138,False,36
24,0.11059041506241549,7943574.073329442,0.08274303734158654,False,36
25,0.1101707541829043,7981311.392832059,0.08283208777970799,False,36
26,0.10976287866180562,8019565.22245316,0.08273544352889196,False,36
27,0.10935684069622932,8557799.593364112,0.0832071698355219,False,36
28,0.10895307967316671,8596038.46981566,0.08309794460891956,False,36
29,0.10855158127629964,8634281.398324782,0.0829997129101348,False,36
30,0.10815231121662229,8672526.929039901,0.08293662912839299,False,36
31,0.10775525481968216,8710774.776436752,0.0828804671470538,False,36
32,0.10736040351897302,8749025.069795715,0.08282117109583258,False,36
33,0.10696773792170014,8787277.388754567,0.08277206564395276,False,36
34,0.10657724525429357,8825531.726711992,0.08272312022404417,False,36
35,0.10618853660792162,9363766.591645783,0.0831951935242508,False,36
36,0.10580197239605632,9402003.154558633,0.08315403039553777,False,36
37,0.1054175351264307,9440241.215278052,0.08311771993326209,False,36
38,0.10503521064563767,9478480.777504714,0.08308131975764847,False,36
39,0.10465498713801248,9516721.991354952,0.08304128039827965,False,36
40,0.10427685128045526,9554964.927635293,0.08299952451695938,False,36
41,0.1039007833016335,9593209.280660765,0.0829651791804632,False,36
42,0.10352677491150852,9631455.42140857,0.08292184045726252,False,36
43,0.103154804170315,9669702.912340496,0.08288910872099825,False,36
44,0.10278433790566427,9707920.58786121,0.08285291106391791,False,36
45,0.10241125954637868,9745860.131433662,0.08282495764921742,False,36
46,0.10204023393461903,9783801.19715881,0.08279113203373756,False,36
47,0.1016590538057014,9820999.096665867,0.08275494740018267,False,36
48,0.10128306595242725,9816718.284143807,0.08272101491899565,False,36
49,0.10091182544865154,10312602.058004258,0.08315608362727563,False,36
50,0.1005456629579423,10308674.624492945,0.08312028595373053,False,36
51,0.10019648937079605,10305683.626011,0.083083291165209,False,36
52,0.11504689649793166,10302694.171456361,0.08304040429548887,False,36
53,0.11461954122159503,10299697.877829384,0.0832303785271001,False,36
54,0.1141945888935269,10296702.875520466,0.0831945085810524,False,36
55,0.11377202509379947,10293709.348985747,0.08315351485333299,False,36
56,0.11335182709221087,10290717.047234131,0.08311949310043804,False,36
57,0.11293398249072356,10287726.244338293,0.08307785821774634,False,36
58,0.11251846572212638,10284736.521144249,0.08304786650118477,False,36
59,0.11210525859554518,10281747.829892073,0.08301920144929534,False,36
60,0.11169434337450594,10278760.137519076,0.082991454805399,False,36
61,0.11128570385312075,10275773.48354855,0.08296261029239178,False,36
62,0.11087932606452229,10272788.020163588,0.08292953847115715,False,36
63,0.11047519349276344,10269803.757147048,0.08289619490383628,False,36
64,0.11007329220832783,10266820.836455097,0.08285890810970516,False,36
65,0.10967360359673077,10263839.139471501,0.08282491621094776,False,36
66,0.10927611057875158,10260858.620894158,0.08279218270394534,False,36
67,0.1088808036762423,10257879.645194538,0.08274932498948386,False,36
68,0.10848766120121367,10254901.90000879,0.08271514404848725,False,36
69,0.10809637240059046,10751908.951780537,0.0831374507847842,False,36
70,0.10770721919963999,10748917.20446013,0.0831040922335748,False,36
71,0.10732018346891242,10745926.512910021,0.08307476528073984,False,36
72,0.10693524516460644,10742936.612444835,0.08305279069963338,False,36
73,0.10655239583783886,10739947.884890882,0.08302020983203807,False,36
74,0.1061716189524597,10736960.249556767,0.08298987039206442,False,36
75,0.10579289884936746,10733973.66662049,0.08296063711881609,False,36
76,0.10541621974226661,10730988.080238765,0.08293295504785428,False,36
77,0.10503728950306791,10727754.672356654,0.0829078944131142,False,36
78,0.10466041757572887,10724522.305707518,0.08288119613166485,False,36
79,0.10428559011564369,10721291.043213816,0.08285288445387401,False,36
80,0.10391620938657725,10718262.892081413,0.08282122755288279,False,36
81,0.10355220153582398,10715437.564360643,0.08279348632290431,False,36
82,0.10319350054178945,10712815.150052186,0.08275863695321904,False,36
83,0.10284003539748263,10710395.359339373,0.08272788761747896,False,36
84,0.1024881866447666,11207963.649854325,0.0831353670102764,False,36
85,0.10213815635523597,11205532.848443642,0.08310432173270992,False,36
86,0.1017899354370283,11203103.165205618,0.08306609360773183,False,36
87,0.10144350774056206,11200674.375354635,0.08303555046101276,False,36
88,0.10109885912464507,11198246.36660191,0.08300884624701103,False,36
89,0.10075597758509795,11195819.150142707,0.08298175928895656,False,36
90,0.10041485655815145,11193393.069504369,0.08294292780641989,False,36
91,0.10007547992419853,11190967.871010646,0.08291276901614456,False,36
92,0.11324814610786281,11188543.526045859,0.0828835885397384,False,36
93,0.11284170952247188,11186114.82231895,0.08303260604813335,False,36
94,0.11243747802373753,11183687.165361082,0.0829968190724299,False,36
95,0.11203543211957954,11181260.368665947,0.08296740838069631,False,36
96,0.1116355553098588,11178834.392919412,0.08293934176185475,False,36
97,0.11123783291412176,11176409.287528425,0.0829095860166085,False,36
98,0.11084225089117522,11173985.12974313,0.08287718924084923,False,36
99,0.11044879029611009,11171561.726381285,0.08285139698617021,False,36
100,0.11005743555669614,11169139.05561302,0.0828263510518302,False,36
0,0.1,5000000.0,0.1047,False,37
1,0.10245891492068372,5583333.333333333,0.08307320278560745,False,37
2,0.10226657700007405,5625000.0,0.08305615317317304,False,37
3,0.10203586840862375,5666666.666666667,0.08298213170278686,False,37
4,0.10176222465217999,5707089.830291961,0.0829002027581593,False,37
5,0.10145467295481646,5746271.799740122,0.08282324061688141,False,37
6,0.10111800890206879,6284181.192273736,0.08349498073448565,False,37
7,0.10075605100798798,6320847.1556389015,0.08334505502503109,False,37
8,0.10039117683384406,6357521.832912398,0.08319982321953913,False,37
9,0.10002467630494785,6394205.021516997,0.08305796770112657,False,37
10,0.10505632485949187,6430896.255881359,0.08292387170510278,False,37
11,0.10465868824304018,6467587.725450672,0.08291995162255592,False,37
12,0.10426156855876374,6504287.456183482,0.08278226556428925,False,37
13,0.10386463063911763,7040951.881979562,0.083370681176445,False,37
14,0.10346894034197118,7077625.3615308115,0.08321978525697145,False,37
15,0.10307470209572384,7114305.986764204,0.0831006905545693,False,37
16,0.1026820963540132,7150993.631023792,0.08298370678463887,False,37
17,0.10229125534373944,7187687.799099024,0.082874976523899,False,37
18,0.10190228570462798,7224388.437114098,0.0827671441932296,False,37
19,0.10151463623390333,7761056.817749084,0.08330476719469188,False,37
20,0.10112089928162105,7797232.508455432,0.08319660545937578,False,37
21,0.10072933659511166,7833415.60871098,0.08308433956242044,False,37
22,0.10033997678768873,7869605.994544009,0.08297395202481032,False,37
23,0.11039299589944497,7906316.417536199,0.08286300814171683,False,37
24,0.10996501362994633,7943535.311875793,0.08294214129741785,False,37
25,0.10954889758662191,7981272.356196692,0.08283788871182676,False,37
26,0.10914446035137108,8019525.884217123,0.08274275506029283,False,37
27,0.10874182637495669,8557759.261656918,0.08323125398470732,False,37
28,0.10834144377631293,8595997.126974637,0.0831224569441824,False,37
29,0.10794329548762195,8634238.86096406,0.08302867096349487,False,37
30,0.10754735188631438,8672483.251458347,0.08296427084556086,False,37
31,0.10715359925958845,8710730.056185748,0.08290574398212269,False,37
32,0.10676203127040823,8748979.523529775,0.08284119570033448,False,37
33,0.10637262532438521,8787231.03979164,0.08279152496486569,False,37
34,0.10598537672846259,8825485.051338939,0.08273103319680607,False,37
35,0.10559988578487059,9363719.260327939,0.08321109521614577,False,37
36,0.10521651985873101,9401955.40480982,0.08316417417663316,False,37
37,0.10483525654036682,9440192.988312166,0.08312928883196512,False,37
38,0.10445608173024486,9478432.004948428,0.08309454619165389,False,37
39,0.10407898549459084,9516672.704039603,0.0830537594058195,False,37
40,0.1037039498507357,9554914.869280752,0.08301821637623234,False,37
41,0.10333096418388803,9593158.722068608,0.082977306152965,False,37
42,0.10296001473998337,9631404.301464917,0.08293544897839654,False,37
43,0.10259107705765708,9669651.001381133,0.08290828485938549,False,37
44,0.10222362589013657,9707867.864056151,0.0828724375368316,False,37
45,0.10185358285692822,9745806.851082535,0.0828373253396013,False,37
46,0.10148557145048662,9783747.421117457,0.08280214737212772,False,37
47,0.10110748030152265,9820944.680277366,0.08276680568067621,False,37
48,0.10073453616530786,9816663.381863365,0.08273040413528497,False,37
49,0.10036629566600296,10312546.685453234,0.08316558404304786,False,37
50,0.1000030897748573,10308618.971645277,0.08312621815782291,False,37
51,0.11477236011409069,10305627.996716209,0.08308263691859469,False,37
52,0.11434650116433567,10302630.252783459,0.08327066479864195,False,37
53,0.11392303757833039,10299633.981361145,0.08322976173095972,False,37
54,0.11350195147236412,10296639.185417939,0.08318877620014081,False,37
55,0.11308322112888694,10293645.66007831,0.08315348165640149,False,37
56,0.11266682648289632,10290653.274116477,0.08312183227314396,False,37
57,0.11225275352867567,10287662.204113971,0.0830852778473833,False,37
58,0.111840982637013,10284672.32454702,0.08305221019308376,False,37
59,0.11143149788369598,10281683.69601211,0.08301745930310629,False,37
60,0.1110242768000496,10278696.021830274,0.08299094949541862,False,37
61,0.11061931416126097,10275709.91858832,0.08294731227651589,False,37
62,0.11021658614523269,10272725.001768082,0.08291435611770819,False,37
63,0.10981607810291766,10269741.369230162,0.08287868160890811,False,37
64,0.10941777314063507,10266758.989958605,0.08284386865440901,False,37
65,0.10902165305116983,10263777.75180198,0.08281217101729031,False,37
66,0.1086276969146552,10260797.381971601,0.08278805084394127,False,37
67,0.10823589121341927,10257818.005288927,0.08276046340766402,False,37
68,0.10784622549861247,10254839.912878398,0.08272478918132477,False,37
69,0.10745839130709953,10751846.641315931,0.08314643229070749,False,37
70,0.10707266897775827,10748854.641504522,0.08311110587249054,False,37
71,0.10668904437434734,10745863.982213888,0.08307386918427805,False,37
72,0.10630750332837295,10742874.723905781,0.08303495300296394,False,37
73,0.10592802636775167,10739886.615791397,0.08300300317731715,False,37
74,0.10555060129622668,10736899.813955724,0.08296671765760961,False,37
75,0.10517521050426282,10733914.155761516,0.08293494983908711,False,37
76,0.10480183539022692,10730929.409396308,0.08290962125578881,False,37
77,0.10442622753575598,10727697.121698434,0.0828791717403542,False,37
78,0.1040526569479173,10724466.050471988,0.08284798016526211,False,37
79,0.10368111189768545,10721236.374638775,0.08281220085155315,False,37
80,0.10331495555167833,10718209.526809685,0.08278558165034511,False,37
81,0.10295412309464763,10715385.703256227,0.08274940815991347,False,37
82,0.10259854290462378,10712764.61089782,0.08271691860851675,False,37
83,0.10224792909826234,11210332.891105251,0.08313571940411188,False,37
84,0.10189912687233522,11207902.17611022,0.08310136735149999,False,37
85,0.10155212520336014,11205472.55558491,0.08306394958322866,False,37
86,0.101206911348482,11203044.008673074,0.08302724484907432,False,37
87,0.10086347235365956,11200616.494437603,0.08299193967420945,False,37
88,0.10052179705421722,11198190.075730387,0.08295448571681772,False,37
89,0.10018186922536539,11195764.494149113,0.08292586602649221,False,37
90,0.1134105114063241,11193339.555558274,0.08290388344752805,False,37
91,0.11300318663307825,11190910.287132364,0.08305191199693865,False,37
92,0.1125980722227916,11188482.00349346,0.08301824406503827,False,37
93,0.11219515123619175,11186054.65515519,0.082986267975094,False,37
94,0.11179440157080967,11183627.91032918,0.08296563507728541,False,37
95,0.11139581009991287,11181201.900618404,0.08294050293253559,False,37
96,0.11099936387935702,11178776.76273675,0.08291069680862033,False,37
97,0.11060504734161948,11176352.487596417,0.08288120137890514,False,37
98,0.11021284825274258,11173929.238889446,0.08284610963998888,False,37
99,0.1098227479398919,11171506.825975513,0.08281753551908269,False,37
100,0.1094347324291134,11169085.303796772,0.08278708303393936,False,37
0,0.1,5000000.0,0.1047,False,38
1,0.10249872761030655,5583333.333333333,0.08302679352659506,False,38
2,0.10230627768106984,5625000.0,0.08301007933506638,False,38
3,0.10207543487457632,5666666.666666667,0.08291925369979658,False,38
4,0.1018016447999512,5707090.602895147,0.0828486958791,False,38
5,0.10149394252672672,5746274.281831958,0.08276625766184913,False,38
6,0.10115712460659196,6284186.218932042,0.0834384348129731,False,38
7,0.10079499962580069,6320854.821501551,0.08330106828597462,False,38
8,0.10042994285184247,6357531.2833844675,0.08317007972918276,False,38
9,0.100063247217921,6394215.528957334,0.08304035156333633,False,38
10,0.10510906203962732,6430907.371484002,0.08291373566665924,False,38
11,0.1047111389223202,6467599.5723711755,0.08290776299156771,False,38
12,0.10431370911759111,6504298.598864394,0.08279400289080974,False,38
13,0.10391645314642753,7040961.802092762,0.08339105730499623,False,38
14,0.10352042991209824,7077633.07118722,0.08325662620348272,False,38
15,0.1031258647307248,7114311.720872686,0.0831336163533276,False,38
16,0.10273294725511316,7150998.174054747,0.08300355807676016,False,38
17,0.10234179726928241,7187691.19133399,0.0828941564570878,False,38
18,0.10195253309935864,7224391.425916055,0.08277386807669987,False,38
19,0.1015645877400173,7761059.222284447,0.08331450497123685,False,38
20,0.10117054727208105,7797234.094909951,0.08320900062369002,False,38
21,0.100778690223438,7833416.80011651,0.08309032515313508,False,38
22,0.10038903826042435,7869606.788284252,0.08297997725641433,False,38
23,0.10000980313474074,7906316.798754778,0.08286990505567013,False,38
24,0.11058707235375663,7943545.93180755,0.0827512095831256,False,38
25,0.11016742597185969,7981283.007218729,0.08283723331725239,False,38
26,0.10975956689588859,8019536.727001964,0.08273810626498879,False,38
27,0.10935353889594242,8557770.638525316,0.08321830650457199,False,38
28,0.10894979251988203,8596009.315725274,0.08310277495047538,False,38
29,0.10854830896237944,8634252.06094095,0.08300415638765098,False,38
30,0.10814904865087326,8672497.130382176,0.08294781152577847,False,38
31,0.10775200501573051,8710744.68752731,0.08288750355235214,False,38
32,0.10735715925884899,8748994.288629683,0.08283795307375673,False,38
33,0.10696450601558831,8787246.3005416,0.0827795092060167,False,38
34,0.10657402872851054,8825500.507724607,0.08272629051297875,False,38
35,0.10618532917330467,9363734.88705199,0.0832069658008322,False,38
36,0.10579877346841689,9401970.932832047,0.08316656694806057,False,38
37,0.1054143420028904,9440208.321799608,0.08313400482672727,False,38
38,0.10503202729134503,9478447.442953879,0.0830920124216969,False,38
39,0.10465181044691753,9516688.03667943,0.08305631372401343,False,38
40,0.10427368084455915,9554930.329491604,0.08301512374528554,False,38
41,0.10389762091441117,9593174.145468378,0.08297819854282276,False,38
42,0.10352361513084049,9631419.427262414,0.08294266357891875,False,38
43,0.10315164934045151,9669666.197411444,0.08290658224570488,False,38
44,0.10278118664707982,9707883.067419529,0.08287226137925978,False,38
45,0.10240811786218686,9745822.153973157,0.08283511362305424,False,38
46,0.10203709933633281,9783762.614133244,0.0828045890351045,False,38
47,0.10165592207280498,9820959.61689434,0.08277155380686375,False,38
48,0.10127993919263051,9816678.043754661,0.08273571284405402,False,38
49,0.10090869936832508,10312560.798873829,0.08317666425922918,False,38
50,0.1005425385678628,10308632.414757848,0.08314040457100486,False,38
51,0.10019336790251825,10305640.583635364,0.08310642006903698,False,38
52,0.11498983967496042,10302649.985538866,0.08307216934715364,False,38
53,0.11456278436475818,10299652.799562784,0.08325516600231257,False,38
54,0.11413812616837522,10296656.717060085,0.08322451396384736,False,38
55,0.11371585162579041,10293661.968016574,0.08318747343086921,False,38
56,0.1132959385259592,10290668.324831085,0.08315675515247808,False,38
57,0.11287837669780494,10287676.175096406,0.08311527040775027,False,38
58,0.11246313778852088,10284684.952044271,0.08308952922591634,False,38
59,0.11205020981877457,10281694.932320615,0.0830561034348779,False,38
60,0.11163957882757075,10278706.285177913,0.08301797618621042,False,38
61,0.11123122508919198,10275718.867527176,0.0829838236315467,False,38
62,0.11082513411336198,10272732.805743832,0.08294616064849991,False,38
63,0.11042128576101755,10269747.915810438,0.08291360926100229,False,38
64,0.11001966739747308,10266764.408561986,0.08287520134584807,False,38
65,0.10962025690171578,10263781.973631773,0.08284541472813173,False,38
66,0.10922303693555149,10260800.547988998,0.08281737896599956,False,38
67,0.10882799719419467,10257820.447025402,0.08278058232210793,False,38
68,0.10843511937747649,10254841.54150387,0.0827473755980859,False,38
69,0.1080443847484495,10251863.66689755,0.08271873906445563,False,38
70,0.10765548814921178,10748870.589988595,0.08314102524874048,False,38
71,0.10726870744603452,10745878.579951236,0.08311138992666922,False,38
72,0.10688403313538218,10742887.968519712,0.08307253976454085,False,38
73,0.10650144512649551,10739898.483454274,0.08304125181775829,False,38
74,0.10612092599797313,10736909.991597377,0.08301366269159093,False,38
75,0.10574246501625695,10733922.734229075,0.08297937134166328,False,38
76,0.10536604404331323,10730936.521315638,0.08295035870657795,False,38
77,0.10498737987378069,10727702.876665842,0.0829139653793466,False,38
78,0.10461077710052795,10724470.565327793,0.08287977789867539,False,38
79,0.10423621518825743,10721239.260285562,0.08285397544182914,False,38
80,0.10386709871494709,10718211.246254545,0.08281747777143841,False,38
81,0.10350335542023799,10715386.328559415,0.08278147091953096,False,38
82,0.10314491368975306,10712764.263165545,0.08274762584206928,False,38
83,0.1027917040763043,10710344.848798709,0.08271502108836908,False,38
84,0.10244010753981471,11207913.41383794,0.08312598156470116,False,38
85,0.10209032657714812,11205482.817639206,0.08309730593960088,False,38
86,0.10174234744009132,11203052.984321378,0.0830712245411674,False,38
87,0.10139615780915412,11200623.917479428,0.08304502023764858,False,38
88,0.10105174269795933,11198195.449826112,0.08302453515610546,False,38
89,0.10070909633409574,11195767.975070035,0.0829905899513177,False,38
90,0.10036820553231686,11193341.426841866,0.08295891378347602,False,38
91,0.1000290556381368,11190915.638957627,0.08293291911922483,False,38
92,0.11316140706373598,11188490.814692419,0.08289997487896189,False,38
93,0.11275542782916004,11186061.647651432,0.08304844584563159,False,38
94,0.11235164931569819,11183633.469513064,0.08301463720912991,False,38
95,0.11195005307712248,11181206.146373078,0.0829854064953201,False,38
96,0.11155062170983271,11178779.589231519,0.0829592185148529,False,38
97,0.11115333909201318,11176353.768114723,0.08293405527506392,False,38
98,0.11075819372653131,11173928.893390566,0.08290169997118192,False,38
99,0.11036516625300667,11171504.74771104,0.08287677536845224,False,38
100,0.10997424172836735,11169081.341511594,0.08285149399815026,False,38
0,0.1,5000000.0,0.1047,False,39
1,0.10247384666619475,5583333.333333333,0.08305574418463117,False,39
2,0.10228146673930257,5625000.0,0.0830507930262081,False,39
3,0.1020507078135469,5666666.666666667,0.08296610519107606,False,39
4,0.10177700484363995,5707089.85555565,0.0828985185122139,False,39
5,0.10146938931392299,5746272.014265732,0.08281693188616772,False,39
6,0.10113265058297445,6284181.3131628055,0.08349706154654218,False,39
7,0.10077059753831534,6320846.246777018,0.08336221754091021,False,39
8,0.10040560777437951,6357518.641871102,0.08323785954304205,False,39
9,0.10003898943696067,6394199.397352189,0.08309851975967357,False,39
10,0.10503912124839458,6430888.702289452,0.08295602882339236,False,39
11,0.10464155250442976,6467578.437378559,0.08294885962600747,False,39
12,0.10424447900579377,6504275.156585128,0.08283245766829345,False,39
13,0.10384757891320352,7040936.055427394,0.08342946374001127,False,39
14,0.10345189943693159,7077604.390063656,0.08330553384009416,False,39
15,0.1030576940735964,7114281.163750693,0.08316488299383429,False,39
16,0.10266512537591063,7150965.197969176,0.08304387413640814,False,39
17,0.10227433231709102,7187656.412252838,0.08292420638341168,False,39
18,0.10188542038543565,7224354.695811378,0.08280638513545473,False,39
19,0.10149783582202006,7761021.166967985,0.08333659183431828,False,39
20,0.10110417121000129,7797195.302187785,0.08322017343739059,False,39
21,0.10071268579878194,7833377.1794903185,0.08310286915353385,False,39
22,0.10032340464255761,7869566.459465452,0.08299070744749183,False,39
23,0.11033733505755491,7906275.226126163,0.08289070020405309,False,39
24,0.10990963892252924,7943492.107626934,0.08297967675331108,False,39
25,0.10949380646079107,7981227.499158888,0.0828727301124906,False,39
26,0.10908964622590826,8019479.509672941,0.08277954309368087,False,39
27,0.1086872865144144,8557711.307550441,0.08326954640401259,False,39
28,0.10828716704833409,8595947.082187485,0.08317314011203757,False,39
29,0.10788928605326888,8634187.059295535,0.08307126202702778,False,39
30,0.10749360407635981,8672429.47857158,0.08301205795444302,False,39
31,0.10710011329410939,8710674.426036956,0.08295076851615202,False,39
32,0.10670879402294887,8748921.39343432,0.08290180046795825,False,39
33,0.10631963898041383,8787170.629725456,0.08284679698255559,False,39
34,0.1059326322472362,8825421.93991393,0.08279652068343983,False,39
35,0.10554776112269422,8863675.346012866,0.08274571073282373,False,39
36,0.1051646232951088,9401908.279160956,0.08324202469276003,False,39
37,0.10478358734670443,9440142.694287194,0.08320609794978479,False,39
38,0.10440464376809702,9478378.854931513,0.08316378235996108,False,39
39,0.10402777512587044,9516616.572486285,0.08312603907625511,False,39
40,0.10365296654307897,9554855.811975889,0.08308914368631969,False,39
41,0.10328020786814998,9593096.822789097,0.08304620250807396,False,39
42,0.10290947608427266,9631339.0891421,0.083015765179712,False,39
43,0.10254076301470214,9669582.978041515,0.08297643072126663,False,39
44,0.1021735326201067,9707796.862152958,0.08294398966684556,False,39
45,0.10180370619728023,9745732.49817456,0.08291179211256024,False,39
46,0.10143590996490887,9783669.713990975,0.08287668556116062,False,39
47,0.10105803131082608,9820862.991887407,0.08284053278210136,False,39
48,0.10068529475379161,9816577.62846037,0.08280895511184753,False,39
49,0.10031763391219005,9812480.253213508,0.08277525751235568,False,39
50,0.11602370513869306,9808570.745879412,0.08274089595973322,False,39
51,0.1155911087375373,9805585.003176639,0.08293729729919265,False,39
52,0.11516094714197249,9802600.221790722,0.08291059405324228,False,39
53,0.1147332061529967,9799616.606588354,0.08287820006577189,False,39
54,0.11430786670281123,9796634.109411541,0.0828471438003109,False,39
55,0.11388491216519678,9793652.798553383,0.08281419050441943,False,39
56,0.11346431910674029,9790672.382837696,0.08278932543582217,False,39
57,0.11304607808868304,9787693.285344454,0.082752708145619,False,39
58,0.11262984513041226,10284698.404663716,0.08319113002051527,False,39
59,0.11221592990281003,10281704.684465962,0.083158894382049,False,39
60,0.11180431637778068,10278712.187229924,0.08312492322326986,False,39
61,0.11139498511515403,10275720.786706949,0.0830944589715675,False,39
62,0.11098792261800078,10272730.663781557,0.08305897014977424,False,39
63,0.11058311132627317,10269741.776209837,0.08302465477001501,False,39
64,0.11018053622882029,10266754.210501835,0.08298793633335957,False,39
65,0.10978017714914459,10263767.765574174,0.08295680354616364,False,39
66,0.10938202113871758,10260782.623326696,0.08292061798553527,False,39
67,0.10898604853232204,10257798.591780392,0.08288976517514376,False,39
68,0.10859224392711377,10254815.702454936,0.08285803681825214,False,39
69,0.10820058994900864,10251833.86978032,0.08282868540603253,False,39
70,0.10781107146196534,10248853.123459019,0.08279850892506484,False,39
71,0.10742367293214186,10245873.463459415,0.08276833332230743,False,39
72,0.10703837918464598,10242894.902077256,0.08273781617110391,False,39
73,0.10665488667610225,10739901.049508478,0.08316257135498503,False,39
74,0.10627346990916066,10736908.195160888,0.08313484298858265,False,39
75,0.10589412260055928,10733916.839206522,0.08309322095463041,False,39
76,0.10551682816515053,10730926.889565792,0.08305415668694306,False,39
77,0.10513728223291569,10727689.180855373,0.08301817206205159,False,39
78,0.10475980283435923,10724452.71863809,0.08298621069953194,False,39
79,0.10438436992775234,10721217.207769096,0.08296181715373305,False,39
80,0.1040144052390096,10718185.518724136,0.08291799097320508,False,39
81,0.10364983059733153,10715357.128226329,0.08288323803105282,False,39
82,0.10329057743657026,10712731.990706174,0.08284457657288676,False,39
83,0.1029365678136855,10710309.414742902,0.08282310985541806,False,39
84,0.10258439478918653,10707887.975028094,0.08278426375411789,False,39
85,0.10223404248498466,10705467.480014702,0.08275196626981846,False,39
86,0.10188549707505475,10703047.852477813,0.08272230895345827,False,39
87,0.10153853592440928,11200616.226749655,0.08313250352680855,False,39
88,0.10119336004242208,11198185.529136302,0.08310077310606519,False,39
89,0.1008499561944263,11195755.699043125,0.08307111429668862,False,39
90,0.10050831244161834,11193326.74864524,0.08304103924396833,False,39
91,0.10016841770269107,11190898.737447409,0.08300892984044426,False,39
92,0.11318790532418918,11188471.708819177,0.08297533771731867,False,39
93,0.11278174768582183,11186040.646795869,0.08311323156612592,False,39
94,0.11237778995834101,11183610.456816413,0.0830834181010156,False,39
95,0.11197601584631132,11181181.117526267,0.0830543347058841,False,39
96,0.11157640980983476,11178752.639643045,0.08302488489642189,False,39
97,0.11117895776756734,11176325.104468174,0.08299265555109711,False,39
98,0.11078364219650397,11173898.40265359,0.08296416460123028,False,39
99,0.1103904490011899,11171472.600088647,0.08293342102368295,False,39
100,0.10999935950087512,11169047.507698916,0.08290914152921422,False,39
0,0.1,5000000.0,0.1047,False,40
1,0.10249064263069022,5583333.333333333,0.08303618171681228,False,40
2,0.10229821544941067,5625000.0,0.08303291290987586,False,40
3,0.10206739990079144,5666666.666666667,0.0829381400090729,False,40
4,0.1017936411807084,5707090.545931399,0.08285249346232693,False,40
5,0.10148597455432203,5746274.188487391,0.08276747035583396,False,40
6,0.10114919137310374,6284185.825839404,0.08344509588119281,False,40
7,0.10078710492759761,6320854.180712413,0.08330519656098366,False,40
8,0.10042209279823439,6357530.755586047,0.08316819655054913,False,40
9,0.10005545645091253,6394216.02403517,0.08302330362571629,False,40
10,0.1051335452886929,6430909.785958439,0.08288174572328369,False,40
11,0.10473552099771506,6467604.186827528,0.08287109662629812,False,40
12,0.10433799798039604,6504305.880531098,0.0827495493849604,False,40
13,0.10394065691585115,7040972.2420819765,0.08333841859646429,False,40
14,0.1035445583179406,7077647.242687705,0.08319443434897904,False,40
15,0.10314992099801482,7114329.813404889,0.08306826582472392,False,40
16,0.10275692838842294,7151020.002364384,0.08294129511953977,False,40
17,0.10236570835132273,7187717.052458351,0.08282694287833575,False,40
18,0.1019763622692941,7224420.589264169,0.0827188310141379,False,40
19,0.10158833840273392,7761091.889901927,0.08325610048183679,False,40
20,0.10119423265907523,7797271.236405317,0.08314121459510883,False,40
21,0.10080230311184173,7833457.957208165,0.08302948278513508,False,40
22,0.10041257758259696,7869651.876804731,0.08292041015304044,False,40
23,0.10003326836531742,7906365.585938384,0.08280806742760288,False,40
24,0.10962705600460232,8443565.20760904,0.08330153838711032,False,40
25,0.10921238501065171,8481276.528402144,0.08338015016728222,False,40
26,0.10880941426451128,8519508.383740133,0.0832681534225046,False,40
27,0.10840867724117957,8557744.372373201,0.08316795232967977,False,40
28,0.10801016980650775,8595984.428039564,0.08306935758311965,False,40
29,0.10761388222941905,8634228.328460934,0.08297615140112527,False,40
30,0.10721978483681527,8672474.847506965,0.08291266959112044,False,40
31,0.10682786580959752,8710723.843058841,0.08285263308576492,False,40
32,0.1064381158783133,8748975.392659463,0.0827907167525901,False,40
33,0.10605051923342515,8787229.260854673,0.08273450839897327,False,40
34,0.10566468146903894,9325463.430825822,0.08321204110343158,False,40
35,0.1052809801664549,9363700.180845307,0.08314949447713814,False,40
36,0.10489937805765909,9401938.133427663,0.08312034143784336,False,40
37,0.10451986587403828,9440177.541109892,0.0830850662893566,False,40
38,0.10414243528243457,9478418.73131417,0.08304185363371029,False,40
39,0.10376706559945348,9516661.316810073,0.08300802838205308,False,40
40,0.10339374279504819,9554905.304269059,0.08297404139834268,False,40
41,0.10302244956891496,9593150.508033456,0.08294455520651114,False,40
42,0.10265317187302277,9631396.935268437,0.08291489531360677,False,40
43,0.10228589936926748,9669644.81712021,0.08287963187623008,False,40
44,0.10192010656065106,9707863.04113411,0.08283973496250699,False,40
45,0.10155173023884058,9745803.390329322,0.08280705492122839,False,40
46,0.10118537224821164,9783745.256286843,0.08277334909209291,False,40
47,0.10080897230246098,9820943.587529702,0.08274695229274197,False,40
48,0.10043768732779738,9816662.987286933,0.08271691290374761,False,40
49,0.10007107566656569,10312546.586457457,0.08315961271670583,False,40
50,0.11480627595914916,10308618.946668638,0.08312465161520312,False,40
51,0.11438019501787519,10305619.594844077,0.08331532846004003,False,40
52,0.11395650709057681,10302621.50580776,0.0832802510088511,False,40
53,0.11353519568919258,10299624.751536941,0.08324317418941667,False,40
54,0.11311623706595551,10296629.019651622,0.08321477459219118,False,40
55,0.11269962043015007,10293634.660773212,0.08317663551140564,False,40
56,0.11228532366508437,10290641.429065142,0.08314532522416812,False,40
57,0.1118733348128668,10287649.602547728,0.08310629215042678,False,40
58,0.11146363020632362,10284658.834072579,0.08307690208742192,False,40
59,0.11105619588585408,10281669.279912408,0.08304317111584415,False,40
60,0.11065101473525722,10278680.921729116,0.08300994953589726,False,40
61,0.11024806843172744,10275693.667258807,0.08297929084191459,False,40
62,0.10984734675528303,10272707.854700448,0.08293923773214898,False,40
63,0.10944882977057936,10269723.290161787,0.08290457051838705,False,40
64,0.10905249930974957,10266739.864470877,0.08287293585862623,False,40
65,0.10865833772649704,10263757.486758858,0.08284382533381075,False,40
66,0.10826632528460571,10260775.93991717,0.0828207456023709,False,40
67,0.10787645417483696,10257795.660666917,0.08278553472927618,False,40
68,0.1074887093089741,10254816.678237557,0.0827495119266757,False,40
69,0.10710307339672126,10251838.890075956,0.08271633782228575,False,40
70,0.10671924158610627,10748845.84992054,0.08314000431709737,False,40
71,0.1063374924017371,10745854.063425649,0.08310518041366907,False,40
72,0.10595781113233758,10742863.55176147,0.08306976844937422,False,40
73,0.10558018444679129,10739874.40835418,0.08303176131365085,False,40
74,0.10520459520552743,10736886.499794241,0.08299745999828646,False,40
75,0.10483102844499138,10733899.808961973,0.08296363422967858,False,40
76,0.10445947266362947,10730914.51369758,0.08292486845540653,False,40
77,0.10408568835894311,10727681.467910789,0.08289860991769761,False,40
78,0.10371392785484082,10724449.615895974,0.08286800037993017,False,40
79,0.103344174610217,10721218.843237935,0.08284032456506012,False,40
80,0.10297978400327608,10718191.087432055,0.08281041520352271,False,40
81,0.10262068460848664,10715366.122871362,0.08278284426941289,False,40
82,0.1022668118222529,10712744.04919015,0.08274788737550892,False,40
83,0.10191809375715011,10710324.443093514,0.08272157595338316,False,40
84,0.10157096033000684,11207892.794952603,0.0831332697746982,False,40
85,0.10122561468660483,11205462.155884009,0.08309877157591666,False,40
86,0.10088204233989201,11203032.389803348,0.08306892583452417,False,40
87,0.10054023243865266,11200603.577150343,0.08303633001733104,False,40
88,0.10020017282737928,11198175.712083384,0.083003933913184,False,40
89,0.11333218494187894,11195748.615647184,0.08297765593848193,False,40
90,0.11292523767900761,11193317.173763268,0.08312621825356031,False,40
91,0.11252049688817117,11190886.647196023,0.0830949253758699,False,40
92,0.11211794366035989,11188456.88019241,0.08306895738852235,False,40
93,0.11171756431924802,11186027.983539917,0.083039201794622,False,40
94,0.11131934071653503,11183599.824377038,0.08301398847451362,False,40
95,0.11092326019311075,11181172.553719591,0.08298361222047257,False,40
96,0.11052930679834908,11178746.140936036,0.08295428319847295,False,40
97,0.110137467719214,11176320.717280142,0.08292046686815932,False,40
98,0.10974772740352548,11173896.26016945,0.0828874225878312,False,40
99,0.10936006893668851,11171472.664515497,0.08285797107532315,False,40
100,0.10897447814810608,11169049.966700487,0.08282727572692535,False,40
0,0.1,5000000.0,0.1047,False,41
1,0.1024907087508407,5583333.333333333,0.08303610486388784,False,41
2,0.10229828138352863,5625000.0,0.08303077609789407,False,41
3,0.10206746561199483,5666666.666666667,0.08293729190441475,False,41
4,0.10179370704001577,5707090.571052171,0.08285081874418924,False,41
5,0.10148603674422596,5746274.007204361,0.08277435048259692,False,41
6,0.10114925479013046,6284185.739085774,0.08344299522787402,False,41
7,0.10078718447425629,6320855.1128389705,0.08328821522450792,False,41
8,0.1004221850128897,6357532.502531094,0.0831546162423981,False,41
9,0.10005554318075459,6394217.459487379,0.08302849517303715,False,41
10,0.10510716695771384,6430909.6839389065,0.08290737025231656,False,41
11,0.10470925425844074,6467601.865723488,0.08290808136809372,False,41
12,0.10431184880866522,6504301.693782364,0.08278064346317213,False,41
13,0.10391462911180378,7040966.41364394,0.0833657800848417,False,41
14,0.10351863492639256,7077638.79051459,0.08323816326694404,False,41
15,0.10312409366587681,7114318.257643485,0.08311999229619335,False,41
16,0.10273119191476951,7151005.04863642,0.08299792789556541,False,41
17,0.1023400736976712,7187699.381633172,0.08287222783191107,False,41
18,0.1019508319476495,7224400.382589342,0.08276109517495743,False,41
19,0.10156291895890006,7761069.565893988,0.0832913893670265,False,41
20,0.1011689229923962,7797246.57975474,0.08317655766537245,False,41
21,0.10077710961565643,7833431.404360204,0.08305821304853497,False,41
22,0.1003874938958134,7869623.078711859,0.08295442901533051,False,41
23,0.10000829109429267,7906334.56564931,0.08284522013316954,False,41
24,0.11058359886513337,7943563.631355425,0.08275246546484512,False,41
25,0.1101639589991916,7981299.990755237,0.08285232710102951,False,41
26,0.1097561111844887,8019553.277050736,0.08274861505860363,False,41
27,0.10935008792878309,8557786.400100984,0.08323742100411276,False,41
28,0.10894634222126405,8596024.063518811,0.08312735148695768,False,41
29,0.10854485493233587,8634265.547956126,0.0830347207115823,False,41
30,0.10814558973031922,8672509.285921546,0.082980089727189,False,41
31,0.10774854276359504,8710755.591974763,0.08291783305331803,False,41
32,0.10735369747719978,8749004.15004343,0.08286323873939448,False,41
33,0.10696104846352877,8787255.32810032,0.08279972387331827,False,41
34,0.10657058366794778,8825509.170359626,0.08273513714813639,False,41
35,0.10618190124544002,9363743.45321349,0.08320930455274858,False,41
36,0.10579536119441522,9401979.324310228,0.08317080169523168,False,41
37,0.10541095088733804,9440216.86301899,0.08313037473712548,False,41
38,0.10502865489347891,9478456.001479069,0.0830915928869268,False,41
39,0.10464846315428475,9516696.994120339,0.08304664303993253,False,41
40,0.10427035588663475,9554939.53511651,0.08300910716354082,False,41
41,0.10389431841589576,9593183.617132902,0.08297174909753681,False,41
42,0.10352033342538158,9631429.076545464,0.0829383576752362,False,41
43,0.10314838937940005,9669676.090802006,0.0829006644878821,False,41
44,0.10277794088204298,9707892.76017594,0.08287708108532243,False,41
45,0.10240488287639807,9745831.431941375,0.0828443311384352,False,41
46,0.10203387588581435,9783771.526532177,0.08281271279703957,False,41
47,0.1016526990088419,9820967.451203087,0.08279151843992077,False,41
48,0.1012767157695281,9816684.759269323,0.08275733205339605,False,41
49,0.1009058529387627,9812589.708016677,0.0827283081342299,False,41
50,0.10053968237800863,10308659.757104537,0.0831735642781187,False,41
51,0.10019050942671415,10305666.855863983,0.08313614557093701,False,41
52,0.11493465404292003,10302675.14033542,0.0831032091266959,False,41
53,0.1145078851780363,10299676.906186637,0.08328428191068016,False,41
54,0.1140835165525461,10296680.042054413,0.08324622589511385,False,41
55,0.11366153168737096,10293684.625568816,0.08320601348878663,False,41
56,0.1132419095475148,10290690.49098003,0.08317040524410142,False,41
57,0.11282463187757083,10287697.605668666,0.08313570309345746,False,41
58,0.1124096799771352,10284705.904514717,0.08310280983199082,False,41
59,0.11199703648100379,10281715.383105855,0.08307003913505247,False,41
60,0.11158668431688668,10278726.044124724,0.08303719392029117,False,41
61,0.11117860625322812,10275737.873453684,0.08300474086225884,False,41
62,0.11077278692203786,10272750.948425574,0.08297013966972099,False,41
63,0.11036921300589811,10269765.450512461,0.08293049758647908,False,41
64,0.1099678637892697,10266781.155147847,0.08289709346152135,False,41
65,0.1095687210345112,10263797.9598389,0.08286653635958818,False,41
66,0.10917176992406176,10260815.939394692,0.08283390122803298,False,41
67,0.10877699412104308,10257835.078247555,0.08280169853157153,False,41
68,0.10838437329339137,10254855.130646035,0.08277632226440586,False,41
69,0.1079938965778323,10251876.365753397,0.08274346923992762,False,41
70,0.10760554460839633,10248898.573582549,0.08271644919025553,False,41
71,0.10721901240607624,10745905.421909798,0.08314310202086357,False,41
72,0.10683458282795923,10742913.553000905,0.08310746969145494,False,41
73,0.10645224292934011,10739923.09911455,0.0830681635098196,False,41
74,0.10607197754082469,10736934.059906667,0.08302886688565338,False,41
75,0.10569376902856642,10733946.285082886,0.08299374510497558,False,41
76,0.10531760120724296,10730959.697176045,0.08296077518999766,False,41
77,0.10493918822962107,10727725.4963897,0.08292822529087361,False,41
78,0.10456282843320881,10724492.252157472,0.08290369826231558,False,41
79,0.10418851320794059,10721260.332405252,0.08286973723636754,False,41
80,0.1038196388209235,10718231.672743898,0.08283513603705629,False,41
81,0.1034561319176228,10715406.008982467,0.08280333366831179,False,41
82,0.10309792035918855,10712783.060272826,0.08277550168495929,False,41
83,0.10274493671624495,10710362.740805008,0.08274596471178482,False,41
84,0.10239377626656097,10707943.182135781,0.08271995450353212,False,41
85,0.10204421279452136,11205511.4044559,0.08313769845752898,False,41
86,0.10169645035790827,11203080.428346436,0.0831102943406118,False,41
87,0.10135047993394838,11200650.459610714,0.08307585421271887,False,41
88,0.10100628862697882,11198221.46279537,0.08304262616559914,False,41
89,0.10066386186499916,11195793.291219914,0.08301441283607991,False,41
90,0.10032319195272998,11193366.217259072,0.08297688755015156,False,41
91,0.11347179250924887,11190940.09426652,0.08294437581363968,False,41
92,0.11306412391547489,11188509.980800658,0.08308080225175134,False,41
93,0.11265866647382225,11186080.760960992,0.08305025092871704,False,41
94,0.11225540255890329,11183652.348911276,0.08302263417840403,False,41
95,0.11185432085957017,11181224.983608337,0.08298684796373439,False,41
96,0.11145540421047875,11178798.589956418,0.08295362912545112,False,41
97,0.11105863967308126,11176373.309833994,0.08291555974093893,False,41
98,0.11066400445338073,11173948.750397464,0.08289092090699705,False,41
99,0.11027148441325645,11171524.971039776,0.08286425154490405,False,41
100,0.10988106240846866,11169101.86155879,0.08284134977732131,False,41
0,0.1,5000000.0,0.1047,False,42
1,0.1024832215513563,5583333.333333333,0.08304481526943594,False,42
2,0.10229081524929179,5625000.0,0.08303338045812725,False,42
3,0.10206002471931946,5666666.666666667,0.08294394390422669,False,42
4,0.1017862903197942,5707090.221884702,0.08287409657537943,False,42
5,0.10147864215076341,5746272.956560225,0.0827977330381415,False,42
6,0.10114186775266316,6284182.891325222,0.08348293114821384,False,42
7,0.10077977984111566,6320848.725856296,0.0833472022598973,False,42
8,0.10041476889332647,6357522.902266824,0.08320817093563948,False,42
9,0.10004812490792908,6394205.18765052,0.08307302138282162,False,42
10,0.10504837602179933,6430894.447458638,0.08295678097582623,False,42
11,0.10465075567895975,6467584.233407279,0.08294801196710427,False,42
12,0.10425365817626181,6504282.61714888,0.08280471541774921,False,42
13,0.10385672737518796,7040944.795874778,0.0834081323461621,False,42
14,0.10346102806131297,7077615.056263118,0.0832734379721154,False,42
15,0.10306679622712937,7114293.363419083,0.08313932517836424,False,42
16,0.10267419932749935,7150978.825596221,0.08302007482547274,False,42
17,0.10228336859829021,7187670.891067178,0.08291001992850074,False,42
18,0.10189441941318611,7224370.039829555,0.08279196507150145,False,42
19,0.10150678107464366,7761036.35806808,0.08333914046902265,False,42
20,0.1011130658791474,7797210.578453693,0.08321888304628608,False,42
21,0.10072151973017146,7833391.889048289,0.08311145563743327,False,42
22,0.1003321690229721,7869580.022452535,0.08300807973363794,False,42
23,0.11033737480959589,7906288.319177064,0.08289855702635351,False,42
24,0.10990967418636355,7943504.969260912,0.08298399222040483,False,42
25,0.10949383601068112,7981240.059387921,0.0828790838399513,False,42
26,0.10908967133504047,8019491.834774947,0.08278524314281314,False,42
27,0.10868730606517596,8557723.333103796,0.08327680818947136,False,42
28,0.10828718388872491,8595958.963043166,0.08317664793441908,False,42
29,0.10788930120382573,8634198.850820953,0.0830734276091911,False,42
30,0.10749361591556854,8672441.088651974,0.08301645662172046,False,42
31,0.10710011717030035,8710685.589882996,0.08296158631860027,False,42
32,0.10670879824128685,8748932.577811629,0.08290130274020013,False,42
33,0.10631963799540081,8787181.518153144,0.08285397151884502,False,42
34,0.10593262683507647,8825432.573706923,0.08280269364575002,False,42
35,0.1055477556415587,8863685.974013438,0.08274585115516338,False,42
36,0.10516499318498912,8901940.69671333,0.0827137931339159,False,42
37,0.10478394658992507,9440174.607580462,0.08321832241296703,False,42
38,0.10440498828892479,9478410.018410731,0.08318195967024158,False,42
39,0.10402811267867391,9516647.434721436,0.0831333419626565,False,42
40,0.10365329037360084,9554885.968175279,0.08310625970481526,False,42
41,0.10328051707161415,9593126.210538672,0.08306483159447732,False,42
42,0.1029097767330469,9631368.063544162,0.08302578572552415,False,42
43,0.10254105393631589,9669611.463210486,0.08298829091738791,False,42
44,0.10217382297021814,9707825.407272175,0.0829425495204218,False,42
45,0.1018039958234788,9745761.095108368,0.08291064067720427,False,42
46,0.10143620173405717,9783698.538295636,0.08287163287546703,False,42
47,0.10105831949764146,9820891.69573954,0.08284276338450866,False,42
48,0.1006855796082976,9816606.224457452,0.0828110392673407,False,42
49,0.1003179116204598,9812508.500981024,0.08278229245308828,False,42
50,0.11601046716024206,9808598.61625537,0.08274888308260642,False,42
51,0.115577933795585,9805612.324482245,0.08295254925343874,False,42
52,0.1151478407121905,9802627.293385008,0.08291753047878073,False,42
53,0.11472016908461034,9799643.496932695,0.08288323478654155,False,42
54,0.11429490287879207,9796661.043342259,0.0828459330676439,False,42
55,0.11387201883007794,9793679.66235303,0.08281613858970162,False,42
56,0.11345149830534548,9790699.309318306,0.08278758429789179,False,42
57,0.11303332982231934,9787720.302874297,0.08275017900024578,False,42
58,0.11261749482309506,9784742.589660065,0.08271425595085603,False,42
59,0.11220364273349288,10281748.61420606,0.0831659848334823,False,42
60,0.1117920929310416,10278755.916464293,0.08313049282679566,False,42
61,0.11138283172307308,10275764.677023092,0.08308998447782152,False,42
62,0.11097584519139249,10272775.059987174,0.08304491766441569,False,42
63,0.11057111673950483,10269787.080423394,0.08299943232718231,False,42
64,0.11016862036997646,10266800.236230193,0.08296789425559924,False,42
65,0.10976833343602445,10263814.188368516,0.08294577393543584,False,42
66,0.10937025154340162,10260829.58144399,0.08290574790352678,False,42
67,0.10897435078426494,10257845.991883272,0.08287748779773937,False,42
68,0.1085806215804139,10254863.771756034,0.08283944797880295,False,42
69,0.1081890472616176,10251882.878063787,0.08280260256251273,False,42
70,0.10779960759477111,10248903.059417782,0.08277274016675563,False,42
71,0.10741229063025476,10245924.516878905,0.0827372927465787,False,42
72,0.10702678542806253,10742930.53814373,0.08316607597712074,False,42
73,0.1066433743411324,10739937.777572906,0.08313223807846386,False,42
74,0.10626204089227029,10736946.160999218,0.08310046038027424,False,42
75,0.10588276990815969,10733955.679705963,0.08306892481268222,False,42
76,0.1055055498562242,10730966.527332678,0.08303201036899586,False,42
77,0.10512607684388518,10727729.524839632,0.08300006392428093,False,42
78,0.10474867295962996,10724493.953698955,0.08296336258142313,False,42
79,0.10437331950852309,10721259.60049196,0.08293213351272304,False,42
80,0.10400342532168827,10718228.610416032,0.08289887387150538,False,42
81,0.10363891325430574,10715400.512517324,0.08287466369836959,False,42
82,0.10327972048301694,10712775.596407745,0.08283758925692716,False,42
83,0.10292577763322074,10710353.682363978,0.08280048012880087,False,42
84,0.1025736694605089,10707932.818731112,0.0827645686449135,False,42
85,0.10222338044414522,10705512.833987484,0.08273452114967846,False,42
86,0.10187468502350072,11203080.7544419,0.0831480186524235,False,42
87,0.10152778629276088,11200649.573663337,0.08311729157477238,False,42
88,0.10118267288114867,11198219.351868767,0.08308450579727772,False,42
89,0.10083932823589377,11195789.823477935,0.08306079968651969,False,42
90,0.1004977411441999,11193361.042880973,0.08303523408418309,False,42
91,0.10015790707613857,11190933.476650706,0.08299371727408986,False,42
92,0.11320883767512545,11188506.982120585,0.08295707795286385,False,42
93,0.11280256996756599,11186076.048468867,0.08310884279373298,False,42
94,0.11239850306991302,11183645.99291377,0.08307882239658818,False,42
95,0.11199661780654689,11181216.642380778,0.08305471907664061,False,42
96,0.11159690252499734,11178788.212125337,0.08302325659618631,False,42
97,0.11119934193655111,11176360.72027039,0.08299117452812331,False,42
98,0.110803917231108,11173933.988688758,0.08296518227801807,False,42
99,0.11041061384374616,11171508.05710648,0.08293783187273084,False,42
100,0.11001941593756327,11169082.889634863,0.08291170843135132,False,42
0,0.1,5000000.0,0.1047,False,43
1,0.10248557595593853,5583333.333333333,0.08304207450674232,False,43
2,0.10229316302983571,5625000.0,0.0830058267741807,False,43
3,0.10206236456256865,5666666.666666667,0.08291422838306557,False,43
4,0.10178862795549978,5707090.6604431085,0.08284485934840544,False,43
5,0.10148098608501083,5746274.428906623,0.08276327343840131,False,43
6,0.10114422005220441,6284185.595517449,0.08345555679647029,False,43
7,0.10078214191821881,6320852.815417468,0.08332411277746708,False,43
8,0.10041713061602213,6357527.766961431,0.08319525204506177,False,43
9,0.10005049212960855,6394211.20425703,0.08305382285114819,False,43
10,0.1050944120163365,6430903.008700335,0.08291437038938027,False,43
11,0.10469657630100929,6467595.46272101,0.08290354409986538,False,43
12,0.10429924500231735,6504295.413114382,0.08277860455490753,False,43
13,0.10390208599472467,7040959.471124148,0.08337681094834777,False,43
14,0.10350615065224979,7077631.0900813565,0.08325079515763267,False,43
15,0.10311167332058994,7114310.118494339,0.08312730422805911,False,43
16,0.10271882282987174,7150995.729903527,0.08301758762465458,False,43
17,0.10232775872294846,7187689.069703453,0.08288878111233021,False,43
18,0.10193856773411102,7224388.891083073,0.08278075478412392,False,43
19,0.10155069704492078,7761056.386448269,0.08331952169119314,False,43
20,0.10115675083361256,7797232.092321825,0.08319637565320144,False,43
21,0.10076498244669978,7833415.3315563,0.08308223382110173,False,43
22,0.100375430285191,7869606.59105557,0.08296071465753085,False,43
23,0.11043718509675571,7906317.133632889,0.08286100880833179,False,43
24,0.11000894061500632,7943535.72443979,0.08294780158071344,False,43
25,0.10959256785961777,7981272.347547502,0.08284676804120118,False,43
26,0.1091878865067727,8019525.732451568,0.08274622454790606,False,43
27,0.10878501965537381,8557759.501612257,0.0832217577207092,False,43
28,0.10838440314338088,8595997.606519246,0.08311664871945461,False,43
29,0.10798602913722478,8634239.941517219,0.08301410105925006,False,43
30,0.10758985343012854,8672484.483577555,0.08296059651711035,False,43
31,0.10719587833822176,8710731.887924036,0.08289120776206961,False,43
32,0.10680407974608724,8748981.40249383,0.08284005083325043,False,43
33,0.10641444720752448,8787233.098366782,0.08278717075668982,False,43
34,0.10602696641138183,8825486.87304082,0.08273677557893512,False,43
35,0.10564124703158564,9363720.976070007,0.08321366393892556,False,43
36,0.10525764746123378,9401956.615317589,0.08317642228079776,False,43
37,0.10487615860269033,9440194.064895004,0.08313253549696284,False,43
38,0.10449676197069428,9478433.068832653,0.08309485403678411,False,43
39,0.10411943750403256,9516673.28232732,0.08306553144238057,False,43
40,0.10374417433213871,9554914.903727317,0.08303140040411218,False,43
41,0.10337096023112982,9593158.058395557,0.08299423026485465,False,43
42,0.10299977964018062,9631402.675559929,0.08295877581315968,False,43
43,0.10263062136323146,9669648.944930812,0.08291872232202084,False,43
44,0.10226295472004975,9707865.607189432,0.08287725201194873,False,43
45,0.10189269707183582,9745804.51166938,0.08283915970481708,False,43
46,0.10152446917602,9783744.788388306,0.08280866550530325,False,43
47,0.10114615745182758,9820941.831761003,0.08277080174018564,False,43
48,0.10077299921070111,9816660.508146757,0.08273089109654116,False,43
49,0.10040454767122195,10312543.785130762,0.08316612153528845,False,43
50,0.10004113284206954,10308615.972132934,0.08312831741432217,False,43
51,0.11480601321525738,10305624.70046912,0.08309087955036824,False,43
52,0.1143799604027239,10302626.606729588,0.08328038165363329,False,43
53,0.11395630153028043,10299629.836409844,0.08324361999289194,False,43
54,0.11353502096841726,10296634.507382838,0.08320358408351448,False,43
55,0.11311609610403463,10293640.368413491,0.08317052692629842,False,43
56,0.11269950710015651,10290647.299657885,0.08314079876683902,False,43
57,0.11228524203564391,10287655.586914564,0.08310313175894082,False,43
58,0.11187327895887315,10284664.983222004,0.08307232479331349,False,43
59,0.11146359566878643,10281675.214537062,0.08304913013728674,False,43
60,0.11105618424840877,10278686.756748963,0.0830127163361155,False,43
61,0.11065102618354901,10275699.51789497,0.08297885705541148,False,43
62,0.11024810192900508,10272713.33991949,0.08294938820779475,False,43
63,0.10984739818249195,10269728.392603831,0.08291520321278956,False,43
64,0.10944889493371797,10266744.474411767,0.08288661644621699,False,43
65,0.10905258279366137,10263761.955238014,0.08284775482640502,False,43
66,0.10865843527340044,10260780.259544322,0.08282488038032548,False,43
67,0.1082664433657532,10257799.762862258,0.08279157450175374,False,43
68,0.1078765908177326,10254820.435935589,0.08275908129637294,False,43
69,0.10748886095563795,10251842.217197916,0.08272829826874376,False,43
70,0.10710294355698961,10748848.45164973,0.08316015411628998,False,43
71,0.10671912261361152,10745855.868167289,0.08312731895667637,False,43
72,0.10633738318391445,10742864.481293146,0.08309407983737924,False,43
73,0.10595771345374042,10739874.477550797,0.0830556595096962,False,43
74,0.10558009419807503,10736885.61184479,0.08302404738911502,False,43
75,0.10520451224471913,10733897.977226697,0.0829898505025541,False,43
76,0.10483095107259034,10730911.46560206,0.08295865623988075,False,43
77,0.10445515337044142,10727677.209524428,0.08292964301622231,False,43
78,0.10408139353785043,10724444.117830222,0.08289978703093015,False,43
79,0.10370965900854215,10721212.319716541,0.08286661829951189,False,43
80,0.1033433194356247,10718183.55078539,0.0828381246126862,False,43
81,0.10298230197343282,10715357.532123249,0.08281373368910853,False,43
82,0.1026265423050898,10712734.409314647,0.08278099593216581,False,43
83,0.10227597048761113,10710313.908420956,0.08275216730571698,False,43
84,0.10192721043656933,10707894.479115235,0.08271553181949272,False,43
85,0.10158003337739806,11205462.892148118,0.08313117836300424,False,43
86,0.1012346456709655,11203032.392956411,0.08309398946015466,False,43
87,0.10089102985270837,11200602.662834918,0.08306769646132897,False,43
88,0.10054917456850698,11198173.74952593,0.0830397712474016,False,43
89,0.10020907086223863,11195745.844980026,0.08300528362069302,False,43
90,0.11330648254528403,11193318.735648327,0.0829780968102249,False,43
91,0.11289967217750344,11190887.108291863,0.08313255919539192,False,43
92,0.1124950634686325,11188456.195146957,0.0831081417061502,False,43
93,0.11209264326760104,11186026.140554192,0.0830787894962903,False,43
94,0.11169239261671889,11183596.776282875,0.08305518876292056,False,43
95,0.11129430449338157,11181168.559549047,0.08301595671207875,False,43
96,0.11089836159031427,11178741.398318268,0.08297987113771296,False,43
97,0.11050454604630773,11176315.16114939,0.08294827927793329,False,43
98,0.11011284059640541,11173889.738603754,0.08292042891059932,False,43
99,0.10972323215343226,11171465.23913151,0.08288887084592896,False,43
100,0.10933570099097265,11169041.402404025,0.08286621290545432,False,43
0,0.1,5000000.0,0.1047,False,44
1,0.10247967488941673,5583333.333333333,0.08304894690807837,False,44
2,0.10228727856562335,5625000.0,0.08303865455098569,False,44
3,0.10205649999217668,5666666.666666667,0.08295085412113709,False,44
4,0.10178277955267749,5707090.209462835,0.08287492469992237,False,44
5,0.10147515184578362,5746273.223698623,0.08278841436266451,False,44
6,0.1011383993216171,6284183.436781532,0.0834767463057143,False,44
7,0.10077633137611196,6320849.355879661,0.08334579280897429,False,44
8,0.10041135620871507,6357524.594380422,0.0831904694317559,False,44
9,0.10004474729964764,6394207.906407405,0.08305591066137756,False,44
10,0.10508501514245795,6430899.530472696,0.0829173766896002,False,44
11,0.10468722753919443,6467591.682475248,0.08290857773523415,False,44
12,0.10428994258126509,6504291.233182765,0.08278526598583227,False,44
13,0.10389283911674542,7040955.438236906,0.08337436020875517,False,44
14,0.10349696867688132,7077627.778099412,0.08323878006935219,False,44
15,0.10310255164013017,7114307.277797798,0.08311944947134682,False,44
16,0.10270976913719376,7150993.847531561,0.08300161554838618,False,44
17,0.10231876730813441,7187687.831584999,0.08287804355379344,False,44
18,0.10192964194323989,7224388.529144153,0.08276615179189668,False,44
19,0.10154184682072227,7761057.535612823,0.08329433663328294,False,44
20,0.10114796370191108,7797233.959711097,0.08318549346049808,False,44
21,0.10075625430206765,7833417.695176124,0.08307471517637144,False,44
22,0.10036675311012465,7869608.981594184,0.08296030679707019,False,44
23,0.1104573997300096,7906320.903253301,0.08283795205935775,False,44
24,0.1100290669361012,7943541.072918664,0.08291835899866876,False,44
25,0.10961261015912029,7981279.3374587735,0.08281216604074908,False,44
26,0.10920784004374502,8019533.934844581,0.08271683105115464,False,44
27,0.10880487701794334,8557768.48245238,0.08320288627557014,False,44
28,0.1084041630445994,8596007.257674485,0.08310039865599467,False,44
29,0.10800569499263829,8634250.415538028,0.08299415280300942,False,44
30,0.10760942607641652,8672495.791671341,0.08294037656609977,False,44
31,0.1072153493608207,8710743.519791052,0.08288335871406988,False,44
32,0.10682345357411202,8748993.568141485,0.08282711069653782,False,44
33,0.10643372056278935,8787245.572104294,0.0827797019116504,False,44
34,0.10604614187901526,8825499.761928722,0.0827267113269331,False,44
35,0.1056603242245957,9363734.2238206,0.0832049642372942,False,44
36,0.1052766305013086,9401970.42051468,0.08316290842629917,False,44
37,0.10489505005173141,9440208.538739689,0.08311632585837055,False,44
38,0.10451556374535122,9478448.286923625,0.08307681170254985,False,44
39,0.10413815518944021,9516689.538022147,0.08304037740951341,False,44
40,0.10376281209118804,9554932.411164058,0.08300105514555818,False,44
41,0.10338951355289497,9593176.518854728,0.08297112669086186,False,44
42,0.10301824582795258,9631421.894362468,0.08294039173150203,False,44
43,0.10264900251954408,9669669.013388906,0.08289812461157611,False,44
44,0.10228124566479796,9707886.185985075,0.08286499249899515,False,44
45,0.10191089652006806,9745825.55958775,0.08282873475530504,False,44
46,0.10154258385173841,9783766.677770535,0.08278996630849648,False,44
47,0.1011641861404104,9820964.651906388,0.08275356538541748,False,44
48,0.10079093648100017,9816683.836686235,0.08272106705610999,False,44
49,0.10042238649561189,10312567.101007022,0.08316637735785277,False,44
50,0.10005887108697473,10308639.046699287,0.0831334245023026,False,44
51,0.11480632507387127,10305647.30497946,0.08310393666187375,False,44
52,0.11438026515267637,10302648.93600904,0.08328802695609692,False,44
53,0.11395660117240816,10299651.989709854,0.08324850831072741,False,44
54,0.1135353072429606,10296656.054559954,0.08322042083053136,False,44
55,0.11311637086592309,10293661.398629598,0.08318488695431989,False,44
56,0.11269977335580446,10290667.963907965,0.08315096448985888,False,44
57,0.11228549819992885,10287675.797131054,0.0831157438030823,False,44
58,0.11187352529748767,10284684.747870335,0.08308470168661862,False,44
59,0.11146383643287903,10281694.754354812,0.08305537543120449,False,44
60,0.11105641208914105,10278705.675533354,0.08302996726272427,False,44
61,0.11065124256386398,10275717.886998562,0.08299412596643484,False,44
62,0.11024831112637515,10272731.384199487,0.0829584110854048,False,44
63,0.10984760018340302,10269746.107296765,0.0829243584089556,False,44
64,0.10944909269162073,10266762.0169766,0.08289139778228018,False,44
65,0.10905277315132625,10263779.149751902,0.08285742290833371,False,44
66,0.10865862402911555,10260797.422348306,0.08282576121098839,False,44
67,0.10826662822042978,10257816.765398178,0.08279602639240376,False,44
68,0.10787676986317186,10254837.169405473,0.08276655535290288,False,44
69,0.10748903777095281,10251858.879396267,0.0827302780335045,False,44
70,0.10710311889207219,10748865.083819654,0.08316098823920814,False,44
71,0.10671929329965614,10745872.289606322,0.08313317259257723,False,44
72,0.10633754627138699,10742880.52090444,0.0831046861633525,False,44
73,0.10595786233929981,10739889.751722388,0.08307692172365995,False,44
74,0.10558022896992729,10736900.11708361,0.08304540663277733,False,44
75,0.10520462882942254,10733911.468566155,0.08301801437369227,False,44
76,0.10483104968965777,10730923.944696764,0.08298677414982039,False,44
77,0.10445523487404333,10727688.715689955,0.08295458991816387,False,44
78,0.1040814571975937,10724454.597272241,0.08292611327466905,False,44
79,0.1037097083255259,10721221.968781399,0.0828879100215753,False,44
80,0.10334335419186888,10718192.347309576,0.08286144196434266,False,44
81,0.10298232445246656,10715365.603709957,0.08283497727818277,False,44
82,0.10262655179933323,10712741.705619171,0.08280546243104424,False,44
83,0.10227597195266143,10710320.721379321,0.08276869196060642,False,44
84,0.10192719930627664,10707900.525867699,0.08274172689302413,False,44
85,0.10158001485711299,11205468.483224198,0.08314675704275262,False,44
86,0.10123461691448099,11203037.348724294,0.08311570939841612,False,44
87,0.10089099529098974,11200607.250649195,0.08308027607177015,False,44
88,0.10054913264796041,11198177.869197058,0.08305577614144244,False,44
89,0.10020902018143392,11195749.404323515,0.08302444012113103,False,44
90,0.11327739951427676,11193321.8314655,0.08299394386375324,False,44
91,0.1128707415889445,11190889.997043138,0.08313963837129894,False,44
92,0.11246628581708398,11188458.959668078,0.08311238889095997,False,44
93,0.11206402063111304,11186028.948163807,0.08307731638536421,False,44
94,0.11166392943511226,11183599.921775935,0.0830436371921919,False,44
95,0.11126599311677109,11181171.696969887,0.08301623268542155,False,44
96,0.1108701984528402,11178744.39464625,0.08298469482518521,False,44
97,0.1104765298128499,11176318.000970723,0.08295362993254857,False,44
98,0.11008497156962972,11173892.494518362,0.08292329751659021,False,44
99,0.10969550785051761,11171467.832594715,0.08289442474000876,False,44
100,0.10930812956560912,11169044.335932625,0.08285458673813749,False,44
0,0.1,5000000.0,0.1047,False,45
1,0.10248706835184711,5583333.333333333,0.08304033802213949,False,45
2,0.10229465122689918,5625000.0,0.08302387808403197,False,45
3,0.10206384772834028,5666666.666666667,0.0829358458361753,False,45
4,0.10179010189124678,5707090.461127347,0.08285814706577622,False,45
5,0.10148245326450533,5746274.224541428,0.08276344175291488,False,45
6,0.10114569322067217,6284186.2084979685,0.0834373935583527,False,45
7,0.10078363730488452,6320855.291702237,0.08329305770663575,False,45
8,0.10041866291673651,6357533.044142061,0.08314857044737653,False,45
9,0.10005204418761096,6394218.241391185,0.08302449029238154,False,45
10,0.10512485963743093,6430911.716888122,0.08288651949550137,False,45
11,0.10472686813777711,6467605.156298435,0.0828871209392295,False,45
12,0.10432937439447218,6504305.680041799,0.08276904872172296,False,45
13,0.10393206934953188,7040971.263584504,0.08335138539936562,False,45
14,0.1035359885498538,7077644.409212981,0.08322535063648408,False,45
15,0.10314136190603664,7114324.6943703145,0.0831063584888969,False,45
16,0.10274836814160766,7151011.878242873,0.08299137990180436,False,45
17,0.102357137992268,7187705.366183593,0.08288631209911825,False,45
18,0.10196778125329585,7224405.286695688,0.08277910257620419,False,45
19,0.10157974059620678,7761072.570296335,0.08332305110034215,False,45
20,0.10118560725672762,7797247.146918936,0.08321348551613504,False,45
21,0.10079364792691507,7833428.9298643125,0.08310429880744827,False,45
22,0.10040389994813866,7869618.333810976,0.08298882909096676,False,45
23,0.10002456784942011,7906327.5384887485,0.08288337703480518,False,45
24,0.11056652130151973,7943555.157196753,0.08277944911260623,False,45
25,0.11014696467553631,7981290.767565413,0.08286811695400104,False,45
26,0.10973919646612453,8019543.25670993,0.08276793993092645,False,45
27,0.1093332545221465,8557775.699767934,0.08325390566459215,False,45
28,0.10892959127144583,8596012.777122749,0.08314155907516889,False,45
29,0.1085281854764856,8634253.653963644,0.08304945032169544,False,45
30,0.10812900267602527,8672496.86605525,0.08299283818325176,False,45
31,0.1077320377880656,8710742.660310648,0.08293024027315528,False,45
32,0.10733727302133964,8748990.650998605,0.08287699342323844,False,45
33,0.10694470378630809,8787241.25133563,0.08281372920343873,False,45
34,0.10655431542443979,8825494.356921544,0.08275299589705919,False,45
35,0.1061657088706758,9363727.895309424,0.08322735221302956,False,45
36,0.10577924677854356,9401963.171514919,0.08318522330113864,False,45
37,0.10539490848644462,9440199.802273722,0.08315238564516549,False,45
38,0.10501268563109285,9478438.12550231,0.08311135607460028,False,45
39,0.10463256205683215,9516678.040324328,0.08307277199150351,False,45
40,0.10425452292635942,9554919.527212188,0.0830346613043916,False,45
41,0.10387854328602648,9593161.971159158,0.08301145987141952,False,45
42,0.10350461439068995,9631405.708425367,0.082980106677735,False,45
43,0.10313272164546314,9669650.732122397,0.08294892047608121,False,45
44,0.10276232793027458,9707865.628167445,0.08291968063235217,False,45
45,0.10238932160551592,9745802.293166293,0.08288892595154307,False,45
46,0.10201836619951589,9783740.390879923,0.08285708784522827,False,45
47,0.10163723806373245,9820933.990747003,0.08283457036271483,False,45
48,0.10126129897618444,9816648.748526374,0.08280661295898695,False,45
49,0.10089049260399545,9812551.960867152,0.08276338705501293,False,45
50,0.1005247489090148,9808643.340619097,0.08272212165196834,False,45
51,0.10017563177037452,10305649.073290518,0.0831740924605581,False,45
52,0.11485566932000774,10302656.036635092,0.08313990709524673,False,45
53,0.11442930432579722,10299655.993482124,0.08333453202683161,False,45
54,0.11400533957627244,10296657.46914927,0.08329234257923195,False,45
55,0.1135837465513797,10293659.919624574,0.08326526457490958,False,45
56,0.11316451429417594,10290663.693940315,0.08322849122942416,False,45
57,0.11274761984967428,10287668.513032082,0.0831994696731017,False,45
58,0.11233305105394355,10284674.650796235,0.08316283988465399,False,45
59,0.11192078038071074,10281681.566409918,0.08314123295328983,False,45
60,0.11151079340391358,10278689.395344885,0.08311586291751417,False,45
61,0.11110307918968136,10275698.454541905,0.08308168897163282,False,45
62,0.11069761993374211,10272708.690269073,0.08304900757862349,False,45
63,0.11029440388853169,10269720.366728611,0.08300898723503344,False,45
64,0.10989341002639309,10266733.241212603,0.08297570877804374,False,45
65,0.10949462485944557,10263747.469480319,0.08293810367453966,False,45
66,0.10909802945223053,10260762.90313115,0.08290462081022976,False,45
67,0.10870360532828388,10257779.407684771,0.0828748735104943,False,45
68,0.10831133863724296,10254797.094595766,0.08284203025020326,False,45
69,0.10792121496230792,10251816.03804391,0.08280712644044146,False,45
70,0.10753321628999576,10248836.103795355,0.08277595134876264,False,45
71,0.10714732747070482,10245857.308388108,0.0827443168679844,False,45
72,0.1067632416605618,10742863.102578875,0.08317238358986474,False,45
73,0.10638123788185179,10739870.008637292,0.08314149837730724,False,45
74,0.1060012964390137,10736877.760448165,0.08311800525352389,False,45
75,0.10562340429431291,10733886.462407839,0.08309161223127397,False,45
76,0.10524755085544708,10730896.355242841,0.08305853236110283,False,45
77,0.1048694497378521,10727658.35879187,0.08302555002491942,False,45
78,0.10449340585345969,10724421.674761048,0.08299189822625568,False,45
79,0.10411939935558126,10721186.013887605,0.08296566342160869,False,45
80,0.10375083312994285,10718153.898905931,0.08292964052441379,False,45
81,0.10338763677528315,10715325.24108904,0.08289107155726075,False,45
82,0.10302973255467868,10712699.426606867,0.08286594026578922,False,45
83,0.10267705598969025,10710276.544430047,0.08283357869464501,False,45
84,0.10232620282969712,10707854.554712148,0.08280306727861039,False,45
85,0.10197716190292241,10705433.54281607,0.0827696374727245,False,45
86,0.10162991900827509,10703013.404076617,0.08273978596424497,False,45
87,0.1012842538381217,11200581.362740409,0.08314671234904578,False,45
88,0.10094036777025117,11198150.414230723,0.08310935075850047,False,45
89,0.10059824624162308,11195720.413121471,0.08307696099999905,False,45
90,0.10025787691006233,11193291.343022233,0.08304513159786261,False,45
91,0.11326332636327248,11190863.15813113,0.08301486807188842,False,45
92,0.11285673961079977,11188430.980259351,0.08315138023173321,False,45
93,0.11245235410256928,11185999.577758463,0.08312487182523785,False,45
94,0.11205015599122321,11183569.058532808,0.08309467438136375,False,45
95,0.1116501300349529,11181139.451176297,0.08306349936791575,False,45
96,0.11125226484500285,11178710.98295837,0.08302455445900894,False,45
97,0.11085653918324866,11176283.349959776,0.08299599995199015,False,45
98,0.11046293495615649,11173856.403829992,0.08297251725763324,False,45
99,0.11007144007258385,11171430.31113338,0.08294334005505187,False,45
100,0.10968204028771295,11169005.117182538,0.08291261370392321,False,45
0,0.1,5000000.0,0.1047,False,46
1,0.10248504192098067,5583333.333333333,0.0830426960390916,False,46
2,0.10229263049737393,5625000.0,0.08300793013565279,False,46
3,0.10206183383048203,5666666.666666667,0.0829166367189972,False,46
4,0.10178810160367294,5707090.797440328,0.08283572620033487,False,46
5,0.1014804700179605,5746275.049721847,0.08274714617159007,False,46
6,0.10114373617781834,6284188.039506598,0.08341504182037193,False,46
7,0.10078170277441177,6320857.8663310995,0.0832806640360879,False,46
8,0.10041675080670474,6357536.360714506,0.08313620472099721,False,46
9,0.1000501618083801,6394222.763573753,0.08300439679034653,False,46
10,0.10512348052999743,6430916.27861285,0.08288586045949502,False,46
11,0.10472550927041238,6467610.4434939325,0.08287502975973199,False,46
12,0.10432804310399763,6504312.13345472,0.08274961176466242,False,46
13,0.10393074849972833,7040977.885252316,0.08334858115118844,False,46
14,0.10353467050370321,7077650.749514281,0.08323004007835845,False,46
15,0.10314004653507912,7114330.744903337,0.08311118796017339,False,46
16,0.10274706322147718,7151018.105772066,0.08298842996563294,False,46
17,0.10235585052229576,7187712.198757663,0.08287622801782409,False,46
18,0.10196652396663584,7224413.508431039,0.08275594988820183,False,46
19,0.10157852070277512,7761082.6403667275,0.08329224551631702,False,46
20,0.10118443548327438,7797259.740640438,0.08317524837813159,False,46
21,0.10079252641441527,7833444.21243341,0.08306355869234623,False,46
22,0.10040281412781026,7869635.433246469,0.08296130081223177,False,46
23,0.10002351712095878,7906346.44953996,0.08285308878872243,False,46
24,0.11060861253458353,7943575.796094315,0.08274722820162966,False,46
25,0.11018883905501466,7981312.6194552295,0.08284254662982836,False,46
26,0.10978085173101564,8019565.822420852,0.08275063517681956,False,46
27,0.10937469752423581,8557799.281919807,0.0832292646717405,False,46
28,0.10897082645049845,8596037.536707737,0.08311301524207854,False,46
29,0.10856921303271018,8634279.520919735,0.08302260496166015,False,46
30,0.1081698263154343,8672523.965542445,0.08296295864135493,False,46
31,0.10777265750121544,8710770.912027648,0.08290230742942511,False,46
32,0.10737769684748115,8749020.426950317,0.08284004227873348,False,46
33,0.10698492516408743,8787272.10396354,0.08278762796228442,False,46
34,0.10659433272105888,8825526.112284005,0.08273111142308223,False,46
35,0.10620552545463631,9363760.675727796,0.08320250237274444,False,46
36,0.10581886512763768,9401997.038560728,0.08315888081777546,False,46
37,0.10543433894142662,9440235.274136957,0.08311348098026435,False,46
38,0.10505192403764861,9478474.886504458,0.08308010422212771,False,46
39,0.10467160514354859,9516715.821907073,0.0830480306436299,False,46
40,0.10429336748631081,9554958.06088541,0.08301642880795783,False,46
41,0.10391720048141688,9593201.834338963,0.08297922940877117,False,46
42,0.10354308602338536,9631446.93223581,0.08294712169258658,False,46
43,0.10317100774337103,9669693.242863523,0.08291772215648845,False,46
44,0.10280043122144829,9707909.53124036,0.08288623353515515,False,46
45,0.10242724281922042,9745847.71297549,0.0828552207007791,False,46
46,0.10205611280376253,9783787.705622492,0.08281497821479024,False,46
47,0.10167482747366423,9820984.606211303,0.08277344588624025,False,46
48,0.10129873329211715,9816702.630089886,0.08274349993074234,False,46
49,0.10092738299628712,10312584.935662597,0.08318574600583749,False,46
50,0.10056111394886685,10308656.136014597,0.0831491988994626,False,46
51,0.10021184251331637,10305664.046815328,0.08311358886858476,False,46
52,0.1150054604068493,10302673.290937625,0.08307655215848253,False,46
53,0.11457831337374508,10299675.858464492,0.08326201314251708,False,46
54,0.11415356216609221,10296679.427287873,0.08323419935053436,False,46
55,0.11373119284512846,10293684.201263845,0.08320072288965787,False,46
56,0.11331118754791605,10290690.176779706,0.08316734678162814,False,46
57,0.11289352646201055,10287697.24000243,0.08313713270211756,False,46
58,0.11247819723611996,10284705.657846058,0.08309950434364902,False,46
59,0.11206518025967546,10281715.311606862,0.08306517331104013,False,46
60,0.11165445736063861,10278726.147889573,0.08303232548021948,False,46
61,0.11124601412326142,10275738.304212607,0.08299565769349203,False,46
62,0.11083983086712026,10272751.630272884,0.0829631649923351,False,46
63,0.1104358935560063,10269766.268659744,0.08292671147611111,False,46
64,0.11003418337935739,10266782.097792026,0.08289363521439068,False,46
65,0.10963468295697294,10263799.063171953,0.08286207277983666,False,46
66,0.10923737684118895,10260817.206890736,0.08282934114492384,False,46
67,0.10884224631217534,10257836.383345993,0.08280065402063194,False,46
68,0.10844927674338242,10254856.662588658,0.08277002103706096,False,46
69,0.10805844969459022,10251877.895528411,0.08274352945127338,False,46
70,0.10766974889630193,10248900.043474061,0.08271811262085198,False,46
71,0.1072828716546592,10745906.917905577,0.08314237690236674,False,46
72,0.10689809833563763,10742915.007495804,0.08310862249370962,False,46
73,0.10651541445818481,10739924.357058268,0.08307362326488917,False,46
74,0.10613479976067537,10736934.673393562,0.08304676846405248,False,46
75,0.10575623957412718,10733945.971127281,0.08301950739672403,False,46
76,0.10537972479264858,10730958.579458132,0.08298310192078905,False,46
77,0.105000964247043,10727723.611625174,0.08294789315280429,False,46
78,0.10462426438357615,10724489.889847528,0.08291594301653489,False,46
79,0.10424960603148793,10721257.166477399,0.08289034282383838,False,46
80,0.10388039033760003,10718227.484797804,0.08286308867269539,False,46
81,0.10351654808725005,10715400.828794258,0.08283241036030524,False,46
82,0.10315800700052988,10712776.915111607,0.08280595448205816,False,46
83,0.1028047007622257,10710355.730480606,0.08277554294024984,False,46
84,0.10245322287046682,10707935.481102807,0.08274356847171747,False,46
85,0.10210355990484886,10705516.11853644,0.08271325013220356,False,46
86,0.10175548829248342,11203084.765402522,0.08312318406561273,False,46
87,0.10140920983499475,11200654.358578267,0.08309083159841243,False,46
88,0.10106471309459039,11198224.952697229,0.08305661131756036,False,46
89,0.10072198403895681,11195796.436221138,0.08302620431083936,False,46
90,0.10038101135207197,11193368.857940989,0.0829941292358878,False,46
91,0.10004178499398998,11190942.341030775,0.08295784308419234,False,46
92,0.11313269033448684,11188516.819508884,0.08292381271416766,False,46
93,0.11272685405030679,11186087.057152843,0.08306879849714738,False,46
94,0.11232321595574506,11183658.202577582,0.08303776325673898,False,46
95,0.1119217570704618,11181230.09180476,0.08301233411364274,False,46
96,0.11152246740868366,11178803.028034216,0.08297653916387442,False,46
97,0.11112532670097922,11176376.763623528,0.08294921062189346,False,46
98,0.11073032328959424,11173951.50094295,0.08291496343854733,False,46
99,0.11033744088778548,11171527.189078074,0.08288245691880748,False,46
100,0.10994666180484211,11169103.692278365,0.08285459144307823,False,46
0,0.1,5000000.0,0.1047,False,47
1,0.10247129879178059,5583333.333333333,0.08305871872799721,False,47
2,0.10227892603283517,5625000.0,0.08304278697105251,False,47
3,0.10204817569611797,5666666.666666667,0.08296247622284543,False,47
4,0.10177448667269146,5707090.085493683,0.08288318931011483,False,47
5,0.10146688855036168,5746272.611982351,0.08280467259997946,False,47
6,0.10113017212761041,6284182.51875467,0.08348355320773167,False,47
7,0.10076815414475623,6320848.799612035,0.0833397634883637,False,47
8,0.1004032056363719,6357522.9368269285,0.08320882419622799,False,47
9,0.1000366232314861,6394205.118405115,0.0830747514746904,False,47
10,0.10504165542055505,6430894.72465611,0.08295100692785842,False,47
11,0.10464407325339635,6467584.514991896,0.0829479388480085,False,47
12,0.10424700322452875,6504282.280951032,0.08281501179216894,False,47
13,0.1038501111034436,7040944.502864813,0.08340741254809164,False,47
14,0.10345444257028007,7077614.348297117,0.08328035390604846,False,47
15,0.10306023286937312,7114291.730999225,0.0831547327426659,False,47
16,0.10266765545566943,7150976.112466788,0.08303808665173762,False,47
17,0.10227684687364531,7187667.260376802,0.08292531261087982,False,47
18,0.10188791909115062,7224365.450967456,0.08280793460020332,False,47
19,0.10150030821799605,7761031.183164814,0.08334890782182486,False,47
20,0.1011066186969709,7797204.669074044,0.0832300114763004,False,47
21,0.1007151113193891,7833386.065096086,0.08311016128219698,False,47
22,0.1003258071465853,7869574.786073881,0.08299917710413166,False,47
23,0.11033459816796372,7906283.298299821,0.08289495407694837,False,47
24,0.10990692247456499,7943500.427130983,0.08297506453154227,False,47
25,0.10949110991242703,7981236.0648986325,0.08286753937324084,False,47
26,0.10908696505841761,8019488.101369774,0.08277891383091858,False,47
27,0.10868462440036786,8557720.133602113,0.08326386507462531,False,47
28,0.10828453077004264,8595956.528118493,0.08315811273418389,False,47
29,0.107886669219587,8634196.78099578,0.08306457671216007,False,47
30,0.10749100570140228,8672439.429698724,0.08300649609028105,False,47
31,0.10709753366369507,8710684.631245097,0.08294460897679323,False,47
32,0.10670623402383517,8748931.911827104,0.08289420811295753,False,47
33,0.10631709744661642,8787181.40407883,0.08284059187733273,False,47
34,0.10593010711012243,8825432.86013474,0.08279298450323455,False,47
35,0.10554524914660021,8863686.232736552,0.08274652278430596,False,47
36,0.10516212899168798,9401919.39898076,0.08323637387778063,False,47
37,0.10478111917808605,9440154.549514784,0.08318826988222636,False,47
38,0.10440219348922526,9478390.975472068,0.08315735053039332,False,47
39,0.10402534374173579,9516629.02626919,0.0831179604737794,False,47
40,0.10365055886174368,9554868.893591514,0.083073923499197,False,47
41,0.10327781873185184,9593110.23705574,0.08303813824095216,False,47
42,0.10290710842886162,9631353.021356078,0.08300320888067485,False,47
43,0.10253842272073403,9669597.79398681,0.08295500693169618,False,47
44,0.10217122713383121,9707813.027266484,0.08291157946036137,False,47
45,0.1018014362742063,9745750.069210289,0.08288054939691272,False,47
46,0.10143367472869305,9783688.65813702,0.08284617199854898,False,47
47,0.10105583376745787,9820883.49050718,0.08281174623160499,False,47
48,0.10068313341203611,9816599.618354024,0.08278013822522697,False,47
49,0.10031550874405595,9812503.760725508,0.08274459855591915,False,47
50,0.11499657956642069,10308572.898462238,0.08319285213266185,False,47
51,0.11456939485018473,10305571.218649771,0.08337999479079407,False,47
52,0.11414461601847856,10302571.030956812,0.08333854702658658,False,47
53,0.11372222020434367,10299572.085756294,0.08330403334771666,False,47
54,0.11330219245670674,10296574.530671053,0.08326541903446985,False,47
55,0.11288451532260352,10293578.377784586,0.08322646906855533,False,47
56,0.11246916532338164,10290583.314819189,0.0831961934832419,False,47
57,0.1120561260380725,10287589.38682691,0.08316466645222532,False,47
58,0.11164538796609698,10284596.998933934,0.0831218859159947,False,47
59,0.11123692516272872,10281605.67924062,0.08309221370315578,False,47
60,0.11083072680821236,10278615.748805778,0.08305362319007449,False,47
61,0.11042677246233927,10275627.00836062,0.08302056792105479,False,47
62,0.11002504585859307,10272639.472424908,0.08298710932536099,False,47
63,0.1096255336639184,10269653.307649229,0.08294902154664105,False,47
64,0.10922821428237017,10266668.222879816,0.08291902137256028,False,47
65,0.10883307674716082,10263684.498634089,0.08288122904795031,False,47
66,0.10844009783004091,10260701.733503481,0.08285458696132188,False,47
67,0.10804926217146166,10257719.947939597,0.08282737677455104,False,47
68,0.10766056148132998,10254739.551132305,0.08278880020255443,False,47
69,0.10727397620592327,10251760.31835105,0.0827564661459386,False,47
70,0.10688949314987578,10248782.372284133,0.08272072408109397,False,47
71,0.10650680239515449,10745788.925956465,0.08315128687969675,False,47
72,0.1061261866544862,10742796.767062794,0.08311552482420045,False,47
73,0.10574762858159197,10739805.761398058,0.08308349068714743,False,47
74,0.10537111298124179,10736815.888557758,0.08305202334162062,False,47
75,0.10499662514192218,10733827.148075942,0.08302056893935779,False,47
76,0.10462415113816964,10730839.577740768,0.08298806486593928,False,47
77,0.1042494465867398,10727604.330693396,0.08295505249671224,False,47
78,0.10387677184625148,10724370.233491955,0.08292556926765439,False,47
79,0.10350611081018751,10721137.200783696,0.08289827457075495,False,47
80,0.10314082771155325,10718107.230415262,0.08287098443582887,False,47
81,0.10278085002089254,10715280.04564901,0.08284790523814728,False,47
82,0.10242611094215394,10712655.62705079,0.08282188870124428,False,47
83,0.10207654489393568,10710233.946759472,0.08279248859198535,False,47
84,0.10172877760495404,10707812.961513009,0.08276872637478339,False,47
85,0.10138279767459987,10705392.729053337,0.08274299007428931,False,47
86,0.10103859449479356,10702973.350651296,0.0827137915227507,False,47
87,0.10069595102564863,11200542.129575586,0.08311866925504867,False,47
88,0.1003550616567506,11198111.73188724,0.08309051925967201,False,47
89,0.10001591782356378,11195682.371248592,0.08305506456916767,False,47
90,0.11297600377472775,11193253.716269273,0.08303093946384074,False,47
91,0.11257094695938796,11190820.906004636,0.08317300050044175,False,47
92,0.1121680837241416,11188389.044662302,0.08314055871214684,False,47
93,0.11176739519207304,11185957.971562872,0.08311361023700117,False,47
94,0.11136886745856146,11183527.779922128,0.08308347489726631,False,47
95,0.11097248804547254,11181098.633841556,0.08304772925029462,False,47
96,0.1105782387962995,11178670.387573015,0.08301696644580053,False,47
97,0.11018610061009983,11176242.833595742,0.08299329836831491,False,47
98,0.10979605914365358,11173816.011522157,0.08296827601999272,False,47
99,0.10940810059638192,11171389.984153932,0.0829411066060018,False,47
100,0.10902221427050528,11168964.97902075,0.08290615839934386,False,47
0,0.1,5000000.0,0.1047,False,48
1,0.10248251267382667,5583333.333333333,0.08304564078180533,False,48
2,0.10229010836615043,5625000.0,0.08303212915687634,False,48
3,0.10205932022596627,5666666.666666667,0.08295349224664568,False,48
4,0.10178558745549064,5707090.148621351,0.08287898079889651,False,48
5,0.10147794708875671,5746273.166174716,0.08278830377674132,False,48
6,0.10114117940808004,6284183.301682159,0.08347847020498825,False,48
7,0.10077911352632316,6320850.270847769,0.0833282916842854,False,48
8,0.10041411532103006,6357525.015090711,0.08319870706207162,False,48
9,0.10004749784750548,6394208.735257759,0.0830491083269804,False,48
10,0.10509544076819151,6430900.791314162,0.0829101768377298,False,48
11,0.10469758581935693,6467592.462312971,0.082916594464307,False,48
12,0.10430023212040072,6504291.433534481,0.08279492408595147,False,48
13,0.10390305682318542,7040954.861507971,0.08338731155294825,False,48
14,0.10350710033571589,7077625.552892878,0.08326625469600965,False,48
15,0.10311260535200573,7114303.850054614,0.08313949174883652,False,48
16,0.10271975886416457,7150990.021963727,0.08300824595925624,False,48
17,0.10232869489300632,7187683.692761155,0.08288326448732582,False,48
18,0.10193951448044426,7224384.481780791,0.08276462745050413,False,48
19,0.10155164980603748,7761052.675132111,0.08330788858911288,False,48
20,0.1011577147528558,7797229.408175867,0.08318081246834483,False,48
21,0.1007659594778116,7833413.8049381375,0.08306469552116165,False,48
22,0.10037640837152206,7869605.482305401,0.08295438332429775,False,48
23,0.11046311075918418,7906317.150342459,0.08284219234455656,False,48
24,0.11003474593956844,7943537.382013004,0.08291720272486768,False,48
25,0.10961826385847688,7981276.022389661,0.08280424326767594,False,48
26,0.109213034265779,8519507.13105995,0.08328625445764143,False,48
27,0.10881005754224084,8557742.506393533,0.08318282019597627,False,48
28,0.10840933431590578,8595982.353257988,0.08307441944759776,False,48
29,0.10801085347111561,8634226.38536794,0.0829729589506618,False,48
30,0.10761457664505103,8672472.907535888,0.08291259390826693,False,48
31,0.10722049275090079,8710721.823826723,0.08285455456559934,False,48
32,0.10682858355791258,8748972.708543649,0.08280683514522329,False,48
33,0.10643884538047255,8787226.016098151,0.08274809968884345,False,48
34,0.10605088484224887,9325459.917817157,0.08321854418572669,False,48
35,0.10566506984742761,9363696.022549845,0.0831651377933779,False,48
36,0.10528138272077085,9401934.097297737,0.08311737984903028,False,48
37,0.10489979948058195,9440173.556079233,0.08308382751921559,False,48
38,0.10452031208090853,9478414.747874182,0.08304181507192736,False,48
39,0.10414290012621698,9516657.311460568,0.08300855952192761,False,48
40,0.10376755605444696,9554901.643949747,0.08296567703002923,False,48
41,0.10339425576711371,9593147.169594219,0.08293675205320043,False,48
42,0.10302299599329832,9631394.548131723,0.08289183343423204,False,48
43,0.10265375729850777,9669643.479814578,0.08285418142576424,False,48
44,0.10228600587625382,9707862.525240269,0.08282000271175424,False,48
45,0.101915662293228,9745803.808109151,0.08278630661741819,False,48
46,0.10154735357392354,9783746.7461664,0.08274952465368392,False,48
47,0.1011689617667505,9820946.72138778,0.08271650824604067,False,48
48,0.10079532019449157,10316643.291019062,0.08315807475782079,False,48
49,0.10042677885441603,10312528.586502781,0.08312534376323069,False,48
50,0.10006327214872024,10308602.565926481,0.08309038256721499,False,48
51,0.11489296146354011,10305612.580156043,0.0830551602899037,False,48
52,0.11446645349543752,10302615.931212736,0.08324024842519821,False,48
53,0.114042342761011,10299620.605645014,0.08320348799229854,False,48
54,0.11362060704149993,10296626.38207142,0.08317287704426565,False,48
55,0.11320121931294191,10293632.776108425,0.08315572119428234,False,48
56,0.1127841739224643,10290640.401619343,0.08312151358558847,False,48
57,0.11236945173729514,10287649.1692992,0.08308978667062648,False,48
58,0.11195703642252887,10284659.127431007,0.08305671856090727,False,48
59,0.11154691835701602,10281670.673900075,0.08301259808146047,False,48
60,0.11113907513099129,10278683.523567138,0.08297639813708317,False,48
61,0.11073348606655418,10275697.46968681,0.08294594112028318,False,48
62,0.11033013529489423,10272712.552517734,0.08291436580769411,False,48
63,0.10992900374362845,10269728.630920619,0.08288671103095234,False,48
64,0.1095300790289672,10266745.917834843,0.08285314127154712,False,48
65,0.10913334287296789,10263764.298968108,0.08282274629818918,False,48
66,0.10873877920810833,10260783.771445878,0.08279243117305823,False,48
67,0.10834637985359538,10257804.76214745,0.08275025828963116,False,48
68,0.10795612552981215,10254827.079556633,0.0827134053004933,False,48
69,0.10756770000827962,10751833.852328153,0.08314520079112095,False,48
70,0.1071813881960117,10748841.759833772,0.08311368039952613,False,48
71,0.10679717143641258,10745850.614236152,0.08308737771165338,False,48
72,0.10641503836160326,10742860.631497642,0.08305507606976333,False,48
73,0.10603497589040305,10739871.926128717,0.08301959358127496,False,48
74,0.10565696780009656,10736884.426110014,0.08298611163065604,False,48
75,0.10528099680968395,10733897.988693215,0.08295659491109734,False,48
76,0.10490704889116235,10730912.649878448,0.0829260781880252,False,48
77,0.10453086456526667,10727679.68638217,0.08289649990453068,False,48
78,0.10415672379441643,10724448.062671043,0.08286214643910528,False,48
79,0.10378460985277843,10721217.665696185,0.08283069166308211,False,48
80,0.10341789848671733,10718190.37614122,0.08279766304181416,False,48
81,0.10305652124489717,10715366.185482569,0.08276016582131063,False,48
82,0.10270040632408199,10712744.799841722,0.08272617407016314,False,48
83,0.10234926978545465,11210313.00748472,0.08313820023937421,False,48
84,0.1019999433536788,11207881.911881505,0.08311437959712982,False,48
85,0.10165241912458926,11205451.79031158,0.08308107931362155,False,48
86,0.10130667851599194,11203022.263386903,0.0830607495615904,False,48
87,0.10096271476040296,11200593.666687516,0.083028946987581,False,48
88,0.10062051867026292,11198166.186028143,0.08299079177346523,False,48
89,0.10028007332840787,11195739.522479871,0.08296285635121074,False,48
90,0.11348890805900237,11193313.940548848,0.08292587798361271,False,48
91,0.11308114962748798,11190884.05312322,0.08307307438038276,False,48
92,0.11267560185980327,11188455.000255307,0.08304454249272879,False,48
93,0.1122722564841812,11186027.18791321,0.08300213135371061,False,48
94,0.1118710877585456,11183600.098461516,0.08297741715190775,False,48
95,0.11147208292746526,11181173.886527266,0.08294741655555501,False,48
96,0.11107522546077134,11178748.50057796,0.08291917775410865,False,48
97,0.11068050173092553,11176324.03657903,0.08288765808309712,False,48
98,0.11028789252712765,11173900.283164728,0.08286336459151793,False,48
99,0.10989738868231239,11171477.563018898,0.08282803917369891,False,48
100,0.10950897263223212,11169055.739407908,0.08279738840989115,False,48
0,0.1,5000000.0,0.1047,False,49
1,0.10247959982128754,5583333.333333333,0.08304903439633561,False,49
2,0.10228720370869093,5625000.0,0.08304274559685838,False,49
3,0.10205642538831212,5666666.666666667,0.08296351240335638,False,49
4,0.10178270292436031,5707090.067781479,0.08288437012369838,False,49
5,0.10147507317535762,5746272.935719919,0.08279329094090976,False,49
6,0.10113831884370396,6284183.013496667,0.08347975310930567,False,49
7,0.10077626184744103,6320849.583364689,0.08333494664409127,False,49
8,0.10041130005046697,6357525.6302008685,0.08317699717476974,False,49
9,0.10004470536575726,6394209.812816819,0.08304140084527725,False,49
10,0.10509441531734348,6430901.9875517795,0.08290819886177184,False,49
11,0.10469656862126633,6467593.801047256,0.08291421951983298,False,49
12,0.10429922073173513,6504292.773881923,0.08279489720000753,False,49
13,0.10390205299814835,7040956.307974608,0.08338554289972093,False,49
14,0.10350611576255465,7077627.803221417,0.08325285699765624,False,49
15,0.10311165197408716,7114307.629465039,0.08311400705074286,False,49
16,0.10271883250793389,7150995.099117811,0.08298661689826142,False,49
17,0.10232778731831074,7187689.5863414565,0.08286965738367541,False,49
18,0.10193861911259601,7224390.803414285,0.0827574932306318,False,49
19,0.10155077053258273,7761059.6692082165,0.08329668121225982,False,49
20,0.10115684012393131,7797236.373752735,0.08318124427498931,False,49
21,0.10076508211971762,7833420.287688538,0.08307201107367695,False,49
22,0.10037553178948773,7869611.697184371,0.08295844198235106,False,49
23,0.11046599185091524,7906323.542238165,0.08283923281708801,False,49
24,0.11003760151543925,7943543.297705569,0.08292608296991112,False,49
25,0.10962108379437617,7981280.877171522,0.0828266076566964,False,49
26,0.10921626140104813,8019535.177902444,0.08272402268470762,False,49
27,0.1088132576043021,8557770.043947313,0.08319516658904531,False,49
28,0.10841250415711952,8596009.193942308,0.0830913132526554,False,49
29,0.10801400129597821,8634252.971711777,0.08297912478055607,False,49
30,0.10761771235480724,8672499.784770513,0.0829055420104032,False,49
31,0.10722361039948138,8710748.652697008,0.08285572703446319,False,49
32,0.10683168960244027,8748999.84747023,0.08279931862894553,False,49
33,0.10644194457990229,8787253.732643312,0.08273409681412716,False,49
34,0.1060539722860851,9325487.930632701,0.0832113618734047,False,49
35,0.10566815529905726,9363724.890470611,0.08314440796983545,False,49
36,0.10528445658207314,9401963.266293228,0.08311008106789523,False,49
37,0.10490286139569918,9440203.001574466,0.08307712449517947,False,49
38,0.1045233619515866,9478444.459995128,0.08303535141831096,False,49
39,0.10414593643108358,9516687.196385015,0.08300437034617848,False,49
40,0.10377057562240294,9554931.508630477,0.0829661677867981,False,49
41,0.103397263227529,9593177.28241911,0.08293073643710633,False,49
42,0.10302597767263733,9631424.086068848,0.0829057701073026,False,49
43,0.1026567116453355,9669672.336223155,0.08287070332990382,False,49
44,0.10228892694170948,9707890.327102387,0.08284533540770506,False,49
45,0.10191854952790398,9745830.515530502,0.08281062752333357,False,49
46,0.10155020085712826,9783771.965676028,0.08278258935871538,False,49
47,0.10117176629644051,9820970.28838411,0.08274711034418195,False,49
48,0.10079808052211273,10316665.083331145,0.08319236817323222,False,49
49,0.10042950012265997,10312548.889558768,0.08315542974504869,False,49
50,0.10006595696946353,10308621.512223948,0.08311909703322345,False,49
51,0.1148549261127716,10305630.633848034,0.0830799548865169,False,49
52,0.1144286093556354,10302632.948069446,0.08326904940525955,False,49
53,0.1140046852126679,10299636.417658608,0.08323695585653701,False,49
54,0.11358313868027281,10296641.190908518,0.08320074305806655,False,49
55,0.11316396146711043,10293647.760349495,0.08315084886176101,False,49
56,0.11274712285965117,10290655.448372448,0.08311977714021099,False,49
57,0.11233260329434916,10287664.140323026,0.08309189026172677,False,49
58,0.11192039180369567,10284674.165318666,0.08305486123225667,False,49
59,0.1115104686241992,10281685.383724641,0.08302171094507517,False,49
60,0.11110281280192107,10278697.58082667,0.0829945249436618,False,49
61,0.11069741060660486,10275710.917267757,0.08296287663650685,False,49
62,0.11029425006408164,10272725.643928468,0.08292425942464345,False,49
63,0.1098933101296774,10269741.515911553,0.08289244491431352,False,49
64,0.10949457916877615,10266758.78898605,0.08285352570849674,False,49
65,0.10909804345045347,10263777.60113352,0.08281077368141644,False,49
66,0.10870368213536007,10260797.692389136,0.08277524289953636,False,49
67,0.10831147762692772,10257818.969076809,0.08274231423131526,False,49
68,0.1079211220989273,10754825.116978947,0.08316255827392215,False,49
69,0.10753289694128035,10751832.548411317,0.08312690465639265,False,49
70,0.10714678423089395,10748841.127451792,0.08309502665346243,False,49
71,0.10676276595808083,10745850.702325115,0.08306736462991413,False,49
72,0.10638082627267981,10742861.233303912,0.08304080614449778,False,49
73,0.1060009503959351,10739872.733432608,0.0830138853139594,False,49
74,0.10562312314591557,10736885.18497947,0.08298745703154801,False,49
75,0.10524733466184767,10733898.870682774,0.08295317490822236,False,49
76,0.1048735695652264,10730913.749896826,0.08292002183186953,False,49
77,0.10449757127823828,10727681.151436431,0.08288714001011468,False,49
78,0.10412361261971441,10724449.741725056,0.08285665926605189,False,49
79,0.10375168176222622,10721219.69474324,0.08282171748238995,False,49
80,0.10338514769014424,10718192.585698837,0.0827927260007287,False,49
81,0.10302394264778571,10715368.44223225,0.08275878290370024,False,49
82,0.10266799360018207,10712746.891376026,0.08273138796757062,False,49
83,0.10231701722667819,11210314.74663904,0.08315024741833302,False,49
84,0.1019678517099537,11207883.40983529,0.08312262576916694,False,49
85,0.1016204857323024,11205452.950855974,0.0830926146774733,False,49
86,0.10127490730567752,11203023.39325692,0.08306179825830014,False,49
87,0.10093110509022417,11200594.79454731,0.08302901571313578,False,49
88,0.10058906496265023,11198167.034101415,0.08300035712464142,False,49
89,0.1002487725759762,11195739.968368713,0.08297660624622664,False,49
90,0.1134136682566324,11193313.797198804,0.08294602290290204,False,49
91,0.11300630356028867,11190883.329564428,0.08309291057696262,False,49
92,0.11260114478532919,11188453.594559252,0.08306786342484596,False,49
93,0.11219818257455035,11186024.938384322,0.08303098033949574,False,49
94,0.11179739842117943,11183597.22232017,0.08299883980006476,False,49
95,0.1113987739204374,11181170.302451344,0.0829716194470027,False,49
96,0.11100229510920719,11178744.262067938,0.08294155156940648,False,49
97,0.11060795159008141,11176319.370725561,0.08290226811541068,False,49
98,0.11021572322948842,11173895.369268976,0.08287184466955598,False,49
99,0.10982559036263788,11171472.011024885,0.08284985449882623,False,49
100,0.10943754106510165,11169049.460118016,0.0828222532263226,False,49
0,0.1,5000000.0,0.1047,False,50
1,0.10248598391514731,5583333.333333333,0.08304159976111554,False,50
2,0.1022935698412572,5625000.0,0.08302351589202706,False,50
3,0.10206276999864702,5666666.666666667,0.08294632316900398,False,50
4,0.10178902131921609,5707090.023906403,0.08288729512871025,False,50
5,0.10148135584919821,5746272.456424093,0.0828078049659391,False,50
6,0.10114455093223523,6284181.343353122,0.08350621639198082,False,50
7,0.10078244078347506,6320846.692298926,0.08335529534770905,False,50
8,0.10041740890980151,6357520.464994368,0.08321489952042534,False,50
9,0.10005075037953921,6394202.743732179,0.08307313214761466,False,50
10,0.1050693768805496,6430893.068171289,0.08293903712595765,False,50
11,0.10467165767959027,6467584.03564626,0.08292831986158203,False,50
12,0.10427444144820847,6504282.423788445,0.08280464207469433,False,50
13,0.1038773875502687,7040944.33238424,0.08341263451453677,False,50
14,0.10348155959901911,7077613.954801655,0.08328407082086911,False,50
15,0.10308720224460821,7114291.763540691,0.08314763212719396,False,50
16,0.10269448095347412,7150976.746855754,0.08302805586004142,False,50
17,0.10230353783489508,7187669.009022116,0.08290674167176419,False,50
18,0.10191447793780821,7224368.411593687,0.08278773491826358,False,50
19,0.10152674350686464,7761035.844154676,0.08332056842794247,False,50
20,0.10113293125872568,7797211.229354084,0.08320123435241213,False,50
21,0.10074129417968812,7833394.044020684,0.08308866666767384,False,50
22,0.1003518523826111,7869583.635038076,0.08298599468599034,False,50
23,0.11037957179617884,7906292.809372035,0.08288388435039029,False,50
24,0.10995164043666772,7943510.234895796,0.08296953180244716,False,50
25,0.10953557071641203,7981245.669116216,0.08287183022389986,False,50
26,0.10913118406071774,8019497.927263176,0.08277353987168891,False,50
27,0.1087286012346239,8557730.077849735,0.08326099588140295,False,50
28,0.10832826658484608,8595966.55517411,0.08315610526765248,False,50
29,0.10793017254064469,8634207.267488826,0.08305343883515659,False,50
30,0.10753428881467521,8672450.971138468,0.08298092162482347,False,50
31,0.10714060620453736,8710697.683898872,0.08290797348509017,False,50
32,0.10674910530385928,8748946.92201572,0.0828467527229011,False,50
33,0.10635977026478624,8787198.454264091,0.08279113741316667,False,50
34,0.10597258942689346,8825452.331060153,0.08273429989348245,False,50
35,0.10558716073117774,9363686.111550344,0.08322148306606263,False,50
36,0.10520384315095427,9401921.045835111,0.08319351228851993,False,50
37,0.10482262850495727,9440157.454390405,0.08315777239692361,False,50
38,0.104443508235506,9478395.656856379,0.08311428365308846,False,50
39,0.10406646120154556,9516635.247424094,0.08308063270185903,False,50
40,0.10369147443005373,9554876.30183836,0.08304514551272726,False,50
41,0.10331853370152984,9593118.826468961,0.08300950390458028,False,50
42,0.1029476282403205,9631363.035250738,0.0829686759973524,False,50
43,0.10257873805211534,9669608.590391919,0.0829360369814449,False,50
44,0.10221133178299584,9707824.162081681,0.08290345005100888,False,50
45,0.10184133262598713,9745761.760628592,0.08286818043899419,False,50
46,0.10147336956073894,9783701.230310839,0.08282659965377993,False,50
47,0.10109532565876143,9820897.205198035,0.08279058850869231,False,50
48,0.10072242408802001,9816614.383398335,0.08275984154011168,False,50
49,0.1003546008350148,9812519.54184669,0.08272407175039595,False,50
50,0.11508670128321263,10308589.880061846,0.08316744518191622,False,50
51,0.11465903676793168,10305589.309432363,0.08334918415231563,False,50
52,0.11423377531464518,10302589.906184161,0.08331675689446431,False,50
53,0.11381090229421804,10299591.842059068,0.08327955903038071,False,50
54,0.11339040264922688,10296595.262302205,0.08323832657950755,False,50
55,0.11297225327847599,10293599.88768764,0.08320485040456323,False,50
56,0.11255644264305197,10290606.030768115,0.08316269220907896,False,50
57,0.11214294281821822,10287613.13874543,0.08313588951900883,False,50
58,0.11173173352458478,10284621.043572735,0.08311375479714292,False,50
59,0.11132280153935989,10281629.941451868,0.08308617002407473,False,50
60,0.11091613486464263,10278640.090371076,0.0830514189108572,False,50
61,0.11051171791574041,10275651.55243066,0.08301494278932392,False,50
62,0.11010952689268473,10272663.937584322,0.08298930128714892,False,50
63,0.10970955374391113,10269677.697154783,0.08295112304275976,False,50
64,0.10931177865323413,10266692.639601648,0.08291826536483156,False,50
65,0.10891618833514634,10263708.920762466,0.082881078866165,False,50
66,0.10852276458820861,10260726.419444058,0.08284725884469761,False,50
67,0.10813149626531278,10257745.39654559,0.08280619162410344,False,50
68,0.1077423605604874,10254765.457748953,0.08277607768430797,False,50
69,0.10735534287544335,10251786.654167075,0.0827445439410394,False,50
70,0.10697013643048309,10748792.49246059,0.08317115851346428,False,50
71,0.10658701822014362,10745799.335522609,0.08314324827720446,False,50
72,0.10620597778407229,10742807.448810311,0.08310796423044016,False,50
73,0.10582699763075094,10739816.691219905,0.0830765997334294,False,50
74,0.1054500633959637,10736827.091611058,0.08304443357911595,False,50
75,0.10507516440078951,10733838.885941459,0.08300571304443849,False,50
76,0.10470228260422741,10730851.877154911,0.08297246629297222,False,50
77,0.1043271668973821,10727617.102982946,0.08294292748630759,False,50
78,0.10395408545061685,10724383.568338444,0.08291114473084112,False,50
79,0.10358302554123171,10721151.391972506,0.0828763170753126,False,50
80,0.10321735284733745,10718122.439829335,0.08284313553979213,False,50
81,0.10285699554645329,10715296.486607209,0.08281181603296597,False,50
82,0.10250188194464163,10712673.226643478,0.08278532429915603,False,50
83,0.10215194583946169,10710252.599128261,0.08275649624673524,False,50
84,0.10180381359809267,10707832.827040967,0.08272725084767935,False,50
85,0.10145726522558775,11205401.189503383,0.08313290726789983,False,50
86,0.10111249889847476,11202970.454582699,0.08310204857043126,False,50
87,0.10076950204982493,11200540.601074621,0.08307191480607784,False,50
88,0.10042826284816353,11198111.646587273,0.0830411790545773,False,50
89,0.10008876872063235,11195683.556242974,0.08301163570257247,False,50
90,0.11315709320402978,11193256.392304335,0.08297996371415366,False,50
91,0.11275109279100856,11190825.115169901,0.08312058579260793,False,50
92,0.11234728958933675,11188394.626064282,0.08309364463656671,False,50
93,0.11194567100568893,11185965.097507635,0.0830608053554406,False,50
94,0.11154621971930748,11183536.446817232,0.08303079283429114,False,50
95,0.11114891999251912,11181108.66655162,0.08300103472178917,False,50
96,0.11075375634019603,11178681.755146483,0.082971330090161,False,50
97,0.11036071688891083,11176255.898621649,0.08293526580631663,False,50
98,0.10996978542116907,11173831.043596376,0.08290102650504677,False,50
99,0.1095809409785616,11171406.869251058,0.08287775539541521,False,50
100,0.10919417432264684,11168983.68384423,0.08284394553257672,False,50
0,0.1,5000000.0,0.1047,False,51
1,0.10249666928246834,5583333.333333333,0.08302918188273316,False,51
2,0.10230422514464263,5625000.0,0.0830045773038658,False,51
3,0.10207338927774119,5666666.666666667,0.08290395680318961,False,51
4,0.10179961447040407,5707091.032346873,0.08282006576407687,False,51
5,0.10149194054682247,5746275.884025476,0.08272716626878211,False,51
6,0.10115516042930997,6284189.5346649,0.08340035616094683,False,51
7,0.10079308328301885,6320860.444710922,0.08326261034406603,False,51
8,0.10042806960967773,6357538.940722786,0.0831361775800647,False,51
9,0.10006141775078793,6394225.283264211,0.08300540208735463,False,51
10,0.10515340414092564,6430919.81471951,0.08286892018946178,False,51
11,0.10475528659678217,6467615.346274188,0.08285225186649314,False,51
12,0.10435767212887309,6504318.268598387,0.08272907237445913,False,51
13,0.10396024746290877,7040986.320772573,0.08331024154135559,False,51
14,0.1035640620266201,7077662.805660342,0.08316969631497644,False,51
15,0.10316932213251592,7114345.90036808,0.08305953264881408,False,51
16,0.10277623003143521,7151036.763967948,0.08293005111331299,False,51
17,0.10238491605609985,7187734.789140568,0.08281069156745403,False,51
18,0.10199484166007348,7724400.714862852,0.08334568240636854,False,51
19,0.10160673961612063,7761073.674560806,0.08322844947856768,False,51
20,0.10121255727717751,7797254.885652716,0.0831129632538909,False,51
21,0.10082055027845646,7833443.390618185,0.08300245001816796,False,51
22,0.10043073535656481,7869638.322547089,0.08290507178427156,False,51
23,0.10005134324391361,7906353.273005783,0.08278731382191341,False,51
24,0.10967635360894763,8443554.081079105,0.08327941432809216,False,51
25,0.10926142106183398,8481266.376569703,0.08335960318454369,False,51
26,0.10885818554317009,8519498.577565905,0.08325977382945249,False,51
27,0.10845718408897811,8557734.823796138,0.08316170754990981,False,51
28,0.10805841066740142,8595974.942287594,0.08306783455051298,False,51
29,0.10766186720229651,8634219.361460956,0.0829635755952578,False,51
30,0.10726751386135557,8672466.291752992,0.08290269999100479,False,51
31,0.10687533943475684,8710715.624579754,0.08284445672496875,False,51
32,0.10648533518966129,8748967.467542788,0.08278360493648396,False,51
33,0.10609748902085643,8787221.797644049,0.08272331067649363,False,51
34,0.10571140401173178,9325456.471640827,0.08319982230031252,False,51
35,0.10532745428453764,9363693.553951964,0.08314143892189625,False,51
36,0.10494561093437409,9401932.1530741,0.08310466774619178,False,51
37,0.10456586299183447,9440172.427813416,0.08306404672365496,False,51
38,0.10418819343116477,9478414.198088266,0.08302779131678042,False,51
39,0.10381258763071984,9516657.431885501,0.08299231198617352,False,51
40,0.10343902948700374,9554902.014459468,0.08295961436840728,False,51
41,0.10306750823073699,9593148.151058752,0.08292194102740465,False,51
42,0.10269801124979054,9631395.94157269,0.08288184612675865,False,51
43,0.10233051960664638,9669645.104681259,0.0828485711054172,False,51
44,0.1019645015200684,9707864.165563026,0.08281963142031469,False,51
45,0.10159590207647012,9745805.569320176,0.0827836202114934,False,51
46,0.10122931838771695,9783748.235427491,0.08275556798557636,False,51
47,0.10085269407962184,9820947.835062265,0.08272346355355754,False,51
48,0.10048078666350761,10316643.537671791,0.0831748288014253,False,51
49,0.10011395059134438,10312527.839873694,0.08314541006255416,False,51
50,0.11488806055435787,10308601.017350214,0.0831073549942836,False,51
51,0.11446153828322271,10305602.349912483,0.08329631771481098,False,51
52,0.11403741382111633,10302605.025001783,0.08325902529719029,False,51
53,0.1136156657070491,10299608.860274978,0.0832267979667933,False,51
54,0.11319627960115301,10296614.031448653,0.0831896896201349,False,51
55,0.11277923881892053,10293620.587398048,0.08315122362788262,False,51
56,0.11236452536901556,10290628.50112049,0.08311350770999709,False,51
57,0.11195211360434958,10287637.332007557,0.08308803091479054,False,51
58,0.11154199051962288,10284647.293375092,0.08305662867957231,False,51
59,0.11113414277029457,10281658.576902758,0.0830199020092773,False,51
60,0.11072854570434222,10278670.762548937,0.08299484316163934,False,51
61,0.11032518724110953,10275684.092076547,0.08296306867747844,False,51
62,0.10992405166614613,10272698.606949298,0.08293014242361485,False,51
63,0.10952512746068711,10269714.570552766,0.0828898999036419,False,51
64,0.10912839690487043,10266731.903228456,0.08285187011973619,False,51
65,0.10873383752720603,10263750.252948137,0.08282361889776545,False,51
66,0.10834143558409506,10260769.736516792,0.0827921230928742,False,51
67,0.10795117207463495,10257790.171726968,0.08276568860622115,False,51
68,0.10756303593072884,10254811.809688715,0.08273227884037729,False,51
69,0.10717671700177797,10751818.019791625,0.08316083047467902,False,51
70,0.10679249251761791,10748825.132961767,0.08313574527386897,False,51
71,0.10641034807677623,10745833.191514455,0.0831094846475128,False,51
72,0.10603027379976386,10742842.490202973,0.08307503643004505,False,51
73,0.10565225528296365,10739853.061440267,0.0830396878529675,False,51
74,0.10527627163387922,10736864.554329287,0.08301408641612697,False,51
75,0.10490231174122262,10733877.172741901,0.08298282187186586,False,51
76,0.10453036860189187,10730891.357954925,0.082939299638222,False,51
77,0.10415619785684962,10727657.93485182,0.08290828469496246,False,51
78,0.10378405284577165,10724425.654042425,0.08287899511271653,False,51
79,0.10341392017363969,10721194.589245362,0.08284781530925589,False,51
80,0.10304915376577656,10718166.39092331,0.08282251820994657,False,51
81,0.10268969064139158,10715341.345353922,0.0827852181505156,False,51
82,0.10233545758831723,10712719.042745596,0.08275511189981512,False,51
83,0.10198638977749375,10710299.492689462,0.08271966003875048,False,51
84,0.10163890631004192,11207867.749393772,0.08313652292952178,False,51
85,0.10129321111050889,11205436.897424342,0.08310605023697835,False,51
86,0.10094928966367453,11203006.79855757,0.08308030313750457,False,51
87,0.10060713045818015,11200577.491623893,0.08305322850175012,False,51
88,0.10026672173529669,11198148.99434751,0.08302554791049055,False,51
89,0.11338723399439184,11195721.488319589,0.0829916590742852,False,51
90,0.1129799848255623,11193289.742692007,0.08313660265237072,False,51
91,0.11257494297907827,11190858.84179452,0.08310772299098196,False,51
92,0.11217209214363486,11188428.766837973,0.08307948569391496,False,51
93,0.11177142056259871,11185999.732397696,0.08304391248814937,False,51
94,0.11137290862345749,11183571.531468127,0.08301541639553707,False,51
95,0.11097653733250593,11181143.978157166,0.08299327558834317,False,51
96,0.11058229911672875,11178717.49018839,0.08295685363338252,False,51
97,0.1101901772546008,11176291.991435546,0.08292303428528748,False,51
98,0.10980015581657353,11173867.43978238,0.08289065480914973,False,51
99,0.10941221947906853,11171443.817958836,0.08285886576220475,False,51
100,0.10902634957829777,11169020.917193353,0.08283421420457875,False,51
0,0.1,5000000.0,0.1047,False,52
1,0.10248990073257938,5583333.333333333,0.08303704412632493,False,52
2,0.1022974756386649,5625000.0,0.0830084795881872,False,52
3,0.10206666259124345,5666666.666666667,0.08293138075184366,False,52
4,0.10179291087493855,5707090.792219978,0.08283607422378216,False,52
5,0.10148524438304923,5746274.24054684,0.08277394466012813,False,52
6,0.10114845376862147,6284185.197162403,0.08346022335787522,False,52
7,0.10078635204106788,6320852.361930293,0.08332503164628585,False,52
8,0.10042132812409188,6357527.9495245265,0.08318465120724342,False,52
9,0.1000546703626907,6394211.617068502,0.08304998537819916,False,52
10,0.10509635488965129,6430903.267441625,0.08291693822572814,False,52
11,0.10469849767467083,6467595.108866255,0.0829137540339626,False,52
12,0.10430114868343214,6504294.661338764,0.08278523656928541,False,52
13,0.10390397107947014,7040958.261930892,0.08338443457564078,False,52
14,0.10350803006683994,7077630.1833894625,0.0832457534682664,False,52
15,0.10311355684950226,7114310.099164898,0.0831125148538703,False,52
16,0.1027207170076866,7150996.997168356,0.08299614438680042,False,52
17,0.10232965229187402,7187690.953335827,0.08287850831993161,False,52
18,0.10194046591255596,7224391.711153045,0.08276514749081991,False,52
19,0.10155260377528214,7761060.391369633,0.08329977416798341,False,52
20,0.10115865735924137,7797236.766303055,0.08318623838251227,False,52
21,0.10076688090023136,7833420.190407966,0.08307943275387522,False,52
22,0.1003773156881829,7869611.321813794,0.08296265546726689,False,52
23,0.11044721762968482,7906322.219532563,0.08285507122920864,False,52
24,0.11001892007179973,7943541.092200006,0.08294254544008564,False,52
25,0.10960249585893556,7981277.994638542,0.08284087964442143,False,52
26,0.10919776379161865,8019531.609944938,0.08274063903685243,False,52
27,0.10879484216386866,8557765.368822072,0.08322200701897228,False,52
28,0.10839416492270476,8596003.110617612,0.08312545142122912,False,52
29,0.10799572707092589,8634244.882178899,0.0830277601304147,False,52
30,0.10759949814271047,8672489.428384645,0.08296049602229962,False,52
31,0.10720545959116583,8710736.237265363,0.08290564329565549,False,52
32,0.10681360595371732,8748985.60497595,0.08284361105647726,False,52
33,0.10642391630835599,8787237.01284596,0.08279415264622393,False,52
34,0.10603638254724311,8825490.711944923,0.08273860770184173,False,52
35,0.1056506140016157,9363724.938669095,0.08321066527257581,False,52
36,0.105266965226589,9401960.678989317,0.08317397203497016,False,52
37,0.10488542440908716,9440198.048511064,0.08313447624044754,False,52
38,0.10450597535330403,9478436.922680968,0.08309799992149902,False,52
39,0.10412860305296422,9516677.253976371,0.08306267566701013,False,52
40,0.10375329582879944,9554919.197050432,0.0830236022450089,False,52
41,0.10338003856105238,9593162.708254147,0.08298558698063373,False,52
42,0.1030088213984042,9631408.059463292,0.08294098078840319,False,52
43,0.1026396237122219,9669654.878699366,0.08290539225681164,False,52
44,0.10227191536469918,9707871.940709665,0.08286764903270241,False,52
45,0.10190161749971743,9745811.355233094,0.08282782540527521,False,52
46,0.10153335396596645,9783752.406108296,0.08279146203256298,False,52
47,0.1011550024511712,9820950.05255264,0.08275963374671208,False,52
48,0.10078179466385513,9816668.687596085,0.08273168998175141,False,52
49,0.1004132771470275,10312550.856488535,0.08318850722324884,False,52
50,0.10004979421037383,10308621.743429549,0.08315583193624469,False,52
51,0.11476836513602626,10305629.41872813,0.08312013059501296,False,52
52,0.11434251058904606,10302630.761597598,0.0832960314036815,False,52
53,0.11391905112752446,10299633.561005456,0.0832555720039053,False,52
54,0.1134979680031382,10296637.774912858,0.08321628034994984,False,52
55,0.11307924513746605,10293643.49110502,0.08317455021778622,False,52
56,0.11266286275270997,10290650.597290138,0.08313593930229646,False,52
57,0.11224879891229847,10287658.85665239,0.08310390660406247,False,52
58,0.11183704652742842,10284668.804891123,0.08305699336849601,False,52
59,0.11142757909480916,10281679.947665783,0.08302381181503658,False,52
60,0.11102037530621632,10278692.049408883,0.08299717380276636,False,52
61,0.11061542065809803,10275705.227340834,0.08296727966800112,False,52
62,0.11021270730976203,10272719.953638786,0.08292426950129264,False,52
63,0.10981220668328491,10269735.57416524,0.08289942982070791,False,52
64,0.1094139057137163,10266752.260954402,0.08286981141216303,False,52
65,0.10901779162608856,10263770.197641589,0.08283509202255679,False,52
66,0.10862384516041189,10260789.205047566,0.08280534983395985,False,52
67,0.10823205435269795,10257809.497728502,0.08276964775180673,False,52
68,0.10784239530615393,10254830.619636128,0.08274661367708758,False,52
69,0.10745456514872487,10751836.413351594,0.0831723967926326,False,52
70,0.10706884639159615,10748843.451048022,0.08313784176587612,False,52
71,0.1066852196972669,10745851.505506735,0.0831095983691153,False,52
72,0.10630367560755498,10742860.90111149,0.08307234431239442,False,52
73,0.10592419422286967,10739871.361610899,0.08304276390529076,False,52
74,0.10554676227766976,10736882.980052853,0.08301059883458022,False,52
75,0.10517136282971375,10733895.630237486,0.08298193931576993,False,52
76,0.10479798208257689,10730909.359130658,0.08295197518968914,False,52
77,0.1044223665209814,10727675.403473146,0.08292193993621952,False,52
78,0.10404878476684522,10724442.451009898,0.08289621700634225,False,52
79,0.10367722859870022,10721210.88541162,0.08286065636607441,False,52
80,0.10331106844882185,10718182.583983468,0.0828253382058933,False,52
81,0.1029502291565916,10715357.129870381,0.08279719012712905,False,52
82,0.10259464106115228,10712734.345451236,0.08277031697497444,False,52
83,0.10224423781060621,10710314.167957215,0.08274111090672687,False,52
84,0.10189563923900553,10707894.70209651,0.0827167815625019,False,52
85,0.10154862365113483,11205463.139546115,0.08313034360326949,False,52
86,0.10120339616910952,11203032.656160727,0.08309344907314456,False,52
87,0.10085994211388574,11200603.104580361,0.08306159249115407,False,52
88,0.10051824753984843,11198174.373447685,0.08303354299748837,False,52
89,0.10017829953081465,11195746.406932142,0.08300740224079188,False,52
90,0.11327133671411979,11193319.329922784,0.08297699177284176,False,52
91,0.11286472165793708,11190888.032377668,0.08312128359368855,False,52
92,0.11246031115760291,11188457.676159808,0.08308910146525668,False,52
93,0.11205809085970585,11186028.345184356,0.08305405044275467,False,52
94,0.11165804269323,11183599.920191761,0.08302307666989069,False,52
95,0.1112601479060789,11181172.235391904,0.08299777093530757,False,52
96,0.11086439005913337,11178745.237986589,0.08297427026715706,False,52
97,0.11047075528416295,11176319.005250854,0.08294812771742588,False,52
98,0.1100792285250392,11173893.544274554,0.082921742779539,False,52
99,0.10968979687431146,11171468.972044226,0.08289135830178997,False,52
100,0.10930244594959392,11169045.319841811,0.08285990435598811,False,52
0,0.1,5000000.0,0.1047,False,53
1,0.10247915585424164,5583333.333333333,0.08304955185108581,False,53
2,0.10228676099070093,5625000.0,0.08303903736038863,False,53
3,0.10205598416701117,5666666.666666667,0.08295223411483002,False,53
4,0.10178226799125839,5707090.343021065,0.08286602081794203,False,53
5,0.10147464843449855,5746273.71449856,0.08277650630571293,False,53
6,0.10113791540284298,6284184.973184031,0.08345351069325052,False,53
7,0.10077588345114182,6320852.958824855,0.08331135043072872,False,53
8,0.10041094257163537,6357530.179301605,0.08315743649863007,False,53
9,0.10004437124903875,6394215.701061764,0.08301908177512343,False,53
10,0.10511243135513297,6430908.944232394,0.08289039160062496,False,53
11,0.10471453642565771,6467603.908149947,0.08286171248523419,False,53
12,0.10431713766459964,6504305.893571703,0.082744687415197,False,53
13,0.10391991879368222,7040972.4449308105,0.08333525512598842,False,53
14,0.10352392659187673,7077646.734210045,0.08320628979054454,False,53
15,0.10312938964601621,7114328.26501037,0.08308559777236517,False,53
16,0.10273648038763036,7151016.42170906,0.08297516613296682,False,53
17,0.10234534316363267,7187711.429055327,0.08286098867333097,False,53
18,0.10195609147157284,7224413.651033581,0.08274074480688516,False,53
19,0.10156816620851958,7761083.916988279,0.08327334519946952,False,53
20,0.10117414937436156,7797261.522870681,0.0831675876403696,False,53
21,0.10078230759442025,7833446.466073518,0.08305641611863986,False,53
22,0.1003926689909997,7869638.589698049,0.08294762185053597,False,53
23,0.1000134460466877,7906350.6487077465,0.08283565570691799,False,53
24,0.11061028296554802,7943580.533553753,0.08273719012886589,False,53
25,0.11019050676197636,7981317.72363858,0.08283481595443819,False,53
26,0.10978251912876963,8019571.413394283,0.08273883420519362,False,53
27,0.1093763619690427,8557805.217209145,0.08322091761946171,False,53
28,0.10897247728639514,8596043.229889147,0.08311888452520333,False,53
29,0.10857085999664558,8634285.504377889,0.08301556794971461,False,53
30,0.10817146913105524,8672530.223375468,0.08295630712937505,False,53
31,0.10777428952142067,8710777.071571928,0.08290469018681218,False,53
32,0.10737931011129821,8749026.035431229,0.08285340139065275,False,53
33,0.1069865227919201,8787277.328109376,0.08279694517617137,False,53
34,0.10659591451694185,8825530.933009466,0.08274089131094904,False,53
35,0.10620708638410609,9363764.797427516,0.08321944845124703,False,53
36,0.10582040231861832,9402000.284726936,0.08318010587264132,False,53
37,0.10543584569028365,9440237.243897853,0.08314442413934445,False,53
38,0.1050534004172011,9478475.56658275,0.08311136925503713,False,53
39,0.1046730540696417,9516715.365206406,0.08307558892153363,False,53
40,0.10429479403295763,9554956.749855135,0.08303713982875198,False,53
41,0.10391861185732897,9593200.0823612,0.08298991904487726,False,53
42,0.1035444830982993,9631444.782884106,0.08295675500021919,False,53
43,0.10317239308058543,9669690.841684148,0.08292382706967409,False,53
44,0.10280181027475217,9707907.20046886,0.08288454217180358,False,53
45,0.10242861528226996,9745845.437234722,0.08285399779566748,False,53
46,0.10205747718666455,9783785.39170309,0.08281582662883158,False,53
47,0.10167617667649986,9820981.831693528,0.08278197548572198,False,53
48,0.10130006841955798,9816699.450426165,0.08275132883788251,False,53
49,0.10092908903213267,9812605.111745045,0.08271391274989934,False,53
50,0.10056280491459209,10308675.952506488,0.08315680928160153,False,53
51,0.10021352020748243,10305683.584346496,0.08312133777758894,False,53
52,0.11498810983872258,10302692.409467041,0.08308819109596756,False,53
53,0.11456105022406934,10299694.512167096,0.08327492499855335,False,53
54,0.11413638757428095,10296697.706427185,0.08324460388641507,False,53
55,0.11371410207437327,10293701.89393034,0.08321701380122448,False,53
56,0.1132941802783279,10290707.296579909,0.08318325973419184,False,53
57,0.11287660551571053,10287713.964533638,0.08314811239642922,False,53
58,0.11246136243893864,10284722.01013127,0.0831098445102338,False,53
59,0.11204842706277417,10281731.08377097,0.08308128778613781,False,53
60,0.11163778369651471,10278741.260033557,0.08305065937256392,False,53
61,0.11122942425312793,10275753.012705974,0.0830068702106704,False,53
62,0.11082332634357617,10272766.050049182,0.08297118491090653,False,53
63,0.11041947369814026,10269780.395755405,0.08293484149382394,False,53
64,0.11001785031402857,10266796.080215825,0.082897653877204,False,53
65,0.10961843816051207,10263813.015562475,0.08286290703748804,False,53
66,0.1092212269067275,10260831.526168853,0.08281914982279459,False,53
67,0.1088261901524078,10257851.048928488,0.08279103445460873,False,53
68,0.10843331495717,10254871.74671659,0.0827583947749069,False,53
69,0.108042581480428,10251893.393139254,0.0827320438149263,False,53
70,0.10765368397415469,10748899.720159391,0.0831575827739494,False,53
71,0.10726690309885203,10745907.152982077,0.08312686603649454,False,53
72,0.10688222284383099,10742915.65524889,0.083097159255155,False,53
73,0.10649963443911115,10739925.594435414,0.08305724481873404,False,53
74,0.1061191169369728,10736936.640466044,0.08302649914911228,False,53
75,0.10574065447203866,10733948.74094095,0.08299720903031822,False,53
76,0.10536423161858134,10730961.859984877,0.08296891544648077,False,53
77,0.10498556078016356,10727727.258963877,0.08293848771798096,False,53
78,0.10460895163717765,10724494.00255076,0.08290401059273693,False,53
79,0.10423438904403973,10721262.081137368,0.0828697798305983,False,53
80,0.1038652680611101,10718233.22708935,0.08284045259546065,False,53
81,0.10350151979285518,10715407.442307614,0.0828068800508636,False,53
82,0.10314307684087026,10712784.734436333,0.08276790126331778,False,53
83,0.10278986450224423,10710364.589930557,0.08273998310353499,False,53
84,0.10243847614582083,10707945.159603817,0.08271556672612737,False,53
85,0.1020886867577278,11205513.545173416,0.0831321172787038,False,53
86,0.1017407055331644,11203083.073408889,0.08309305177872674,False,53
87,0.10139451030692932,11200653.149931112,0.08307430693248045,False,53
88,0.10105009383728782,11198224.081591096,0.08304507145350068,False,53
89,0.10070744774003357,11195796.104251474,0.08300777229481263,False,53
90,0.10036655513012238,11193368.922648085,0.08298056763723823,False,53
91,0.10002740659511943,11190942.696759826,0.08294789361573143,False,53
92,0.11313369178174801,11188517.466589794,0.0829138519669328,False,53
93,0.11272785293384789,11186087.852116926,0.08306374266218361,False,53
94,0.11232420987124062,11183659.018485049,0.08303704724368843,False,53
95,0.11192274686447651,11181230.97162041,0.08301014921842918,False,53
96,0.11152344925574166,11178803.766975384,0.08298135538554692,False,53
97,0.11112630238457409,11176377.453502268,0.0829508879698269,False,53
98,0.11073128961451624,11173951.967470987,0.08292259936004943,False,53
99,0.11033839555624923,11171527.30369009,0.08289448823579115,False,53
100,0.10994760673209159,11169103.553274747,0.08286326206303284,False,53
0,0.1,5000000.0,0.1047,False,54
1,0.1024847592316152,5583333.333333333,0.08304302507759201,False,54
2,0.10229234860334745,5625000.0,0.08302802704319581,False,54
3,0.1020615528894754,5666666.666666667,0.0829500726538774,False,54
4,0.10178781435644181,5707090.344241917,0.08286593942780321,False,54
5,0.10148016589642793,5746273.48365361,0.08278424183248188,False,54
6,0.10114339343768673,6284184.003920077,0.08346992000442868,False,54
7,0.10078131369195263,6320850.849857727,0.08333034548362123,False,54
8,0.1004163125378292,6357526.153168405,0.08318938926647382,False,54
9,0.10004966887882588,6394208.987061851,0.083063879553699,False,54
10,0.10506582602937661,6430899.172448647,0.08294135466449883,False,54
11,0.10466810342889864,6467588.764324396,0.08295124651531474,False,54
12,0.10427088931901268,6504286.089457837,0.08282235888709762,False,54
13,0.10387384443372458,7040947.3330730535,0.08342371752416394,False,54
14,0.1034780259025537,7077616.313105993,0.08329477722878934,False,54
15,0.10308366834578861,7114292.903331602,0.08316794068428614,False,54
16,0.10269094735550209,7150976.691740343,0.08304797096542858,False,54
17,0.10230000643756795,7187667.8680582335,0.08292483914628303,False,54
18,0.10191094743044601,7224366.100803151,0.08280723202916764,False,54
19,0.10152321215352754,7761032.250408838,0.08334195101632665,False,54
20,0.10112939646124994,7797206.160718491,0.08322358116686493,False,54
21,0.10073776713256828,7833388.18583446,0.08310062955602511,False,54
22,0.10034834669296043,7869577.835097741,0.08298511217252343,False,54
23,0.11038974603443584,7906287.662108006,0.08287297231182693,False,54
24,0.10996176862042646,7943505.795009369,0.08295634061172798,False,54
25,0.10954567168464585,7981242.877926369,0.08283707509175023,False,54
26,0.10914125066764756,8019496.3165220255,0.08274492293359846,False,54
27,0.108738634528994,8557729.699166689,0.0832311278061536,False,54
28,0.10833825802912164,8595966.925316965,0.08313795191244414,False,54
29,0.10794012216197983,8634208.37332754,0.08303560378404004,False,54
30,0.10754419297552062,8672452.593829837,0.08296839186349103,False,54
31,0.10715045325842214,8710699.148969667,0.08291179458994724,False,54
32,0.10675889699614395,8748948.304097153,0.08284876458624156,False,54
33,0.1063695032044804,8787199.536319103,0.0827984107809785,False,54
34,0.10598226283768093,8825453.042699236,0.08274327967351292,False,54
35,0.10559678426994348,9363686.986477314,0.08321752457184722,False,54
36,0.10521342343850393,9401922.447654722,0.08318073913349404,False,54
37,0.10483216298731653,9440159.217631673,0.08314901065975755,False,54
38,0.10445298985233233,9478397.349139685,0.08311600384618059,False,54
39,0.10407589573727294,9516637.186934197,0.08307463932494631,False,54
40,0.10370086663424663,9554878.750784492,0.08303279554840821,False,54
41,0.10332788656949038,9593121.946922023,0.08299322494878375,False,54
42,0.10295693698094376,9631366.525370447,0.0829597143816174,False,54
43,0.10258800675986743,9669612.679010246,0.0829215279240259,False,54
44,0.10222056133816815,9707828.891411055,0.0828880586588197,False,54
45,0.10185051965432995,9745766.948015401,0.08285800138486256,False,54
46,0.10148251076645516,9783706.656520149,0.08282129248704215,False,54
47,0.10110441396097435,9820902.514943294,0.08279274525037834,False,54
48,0.10073145891545164,9816619.491253627,0.08276374279547717,False,54
49,0.10036357949673398,9812524.229777422,0.08273255507485572,False,54
50,0.10000034564177726,10308593.842960676,0.08318278977236981,False,54
51,0.11466908706508401,10305600.688678646,0.08314317450079214,False,54
52,0.11424376471909758,10302601.034060173,0.08332373940205834,False,54
53,0.11382082752920339,10299602.525222424,0.08329191215971046,False,54
54,0.11340025799142618,10296605.177532943,0.08325965804114235,False,54
55,0.11298203846659718,10293608.991465518,0.08322739076178169,False,54
56,0.11256615078062149,10290613.931215167,0.08319611806528385,False,54
57,0.11215257914138686,10287620.07748935,0.08316260349491111,False,54
58,0.11174131089445058,10284627.670833856,0.08312240709698204,False,54
59,0.11133232276604897,10281636.382732462,0.08309133614982955,False,54
60,0.110925601292517,10278646.394882139,0.08305521806452058,False,54
61,0.11052113042067203,10275657.745153712,0.0830180480118473,False,54
62,0.11011889296245894,10272670.402464366,0.08298174137074588,False,54
63,0.10971886985613066,10269684.224690426,0.08294938260948126,False,54
64,0.10932104507555172,10266699.22467039,0.08291666722320608,False,54
65,0.10892540248844125,10263715.401510974,0.08288397665041362,False,54
66,0.10853192566962282,10260732.72994497,0.08285198794458762,False,54
67,0.10814060148063594,10257751.35907636,0.08281585746143173,False,54
68,0.10775141517516622,10254771.343176594,0.08277821943791366,False,54
69,0.10736434298745215,10251792.221950086,0.08275336740305247,False,54
70,0.10697937496309486,10248814.298759183,0.08272008863623354,False,54
71,0.10659620430043859,10745820.985424686,0.08314759262494373,False,54
72,0.10621510953493622,10742828.81273828,0.08311590795565031,False,54
73,0.10583607543103715,10739837.767475525,0.0830845906320892,False,54
74,0.10545908583065577,10736847.7749578,0.08305534771456291,False,54
75,0.1050841241019267,10733858.723581295,0.0830292049029374,False,54
76,0.10471117720804468,10730870.701736296,0.08300060680550567,False,54
77,0.10433599691623989,10727634.94541689,0.08296811075399649,False,54
78,0.10396285193414008,10724400.459641203,0.08293553270992819,False,54
79,0.10359172715815237,10721167.22253701,0.0829035154920861,False,54
80,0.10322599177853954,10718137.282894896,0.08287014405780782,False,54
81,0.10286557129804243,10715310.257049646,0.08284324821248415,False,54
82,0.1025103993411218,10712686.159903651,0.08281174425233276,False,54
83,0.1021604092399317,10710264.907033134,0.08277787591507882,False,54
84,0.1018122247478652,10707844.59128363,0.08274583758993871,False,54
85,0.10146583167065534,10705425.10438336,0.08271750086387841,False,54
86,0.10112101235079589,11202993.799118698,0.08312154750977781,False,54
87,0.10077796207799225,11200563.324237637,0.08309315832687536,False,54
88,0.10043666688223736,11198133.563734148,0.08306873516198778,False,54
89,0.10009711650026414,11195704.624559347,0.08304065554875063,False,54
90,0.11310736575832293,11193276.498714354,0.08301284940141844,False,54
91,0.1127016093867689,11190844.015128575,0.08316183199245922,False,54
92,0.11229805557029555,11188412.688882032,0.08312226483903591,False,54
93,0.11189668748335174,11185982.473868458,0.08308427396841782,False,54
94,0.11149748122089553,11183552.938705685,0.08306103120592036,False,54
95,0.11110042510834651,11181124.289234888,0.08303075113841486,False,54
96,0.11070550343151334,11178696.511020403,0.08300096459772933,False,54
97,0.11031269971045445,11176269.540433588,0.08297335339538206,False,54
98,0.10992199660114386,11173843.25808212,0.08294982398181476,False,54
99,0.10953338137270047,11171417.786674956,0.08292209939019196,False,54
100,0.10914684351963125,11168993.366438534,0.08288616192893472,False,54
0,0.1,5000000.0,0.1047,False,55
1,0.10247086026277302,5583333.333333333,0.08305923087991995,False,55
2,0.10227848873753433,5625000.0,0.08304705340521154,False,55
3,0.1020477398791142,5666666.666666667,0.08296940438400055,False,55
4,0.10177405355460925,5707090.143271303,0.08287933746876287,False,55
5,0.10146645808909402,5746272.712368864,0.08280325230352946,False,55
6,0.10112973753249743,6284182.232995826,0.08349213421565926,False,55
7,0.10076770887820694,6320847.709276802,0.08335317309485211,False,55
8,0.10040275203385252,6357521.177531119,0.08321997353914733,False,55
9,0.10003616819484693,6394203.114179314,0.08307883364121345,False,55
10,0.10504191893491388,6430892.765370868,0.08295025791855029,False,55
11,0.10464433566630409,6467582.578651971,0.08294755642606766,False,55
12,0.10424725696028615,6504279.92199131,0.0828220554554811,False,55
13,0.10385034029863545,7040940.77789696,0.08343017935028793,False,55
14,0.10345464748339242,7077609.256573267,0.08330313317265992,False,55
15,0.10306041868883377,7114285.566810316,0.083172607160299,False,55
16,0.10266782530922805,7150969.051282357,0.08305303657710746,False,55
17,0.10227701802491396,7187660.336304719,0.082923027405099,False,55
18,0.1018880980664054,7224359.062428637,0.08279900904581522,False,55
19,0.10150050766562815,7761026.110291066,0.08332698007064589,False,55
20,0.10110684475124375,7797201.305838808,0.08320410786248046,False,55
21,0.10071534935941574,7833383.52538406,0.08309768365780794,False,55
22,0.1003260544122787,7869572.906926562,0.08298916854795944,False,55
23,0.11034791627906577,7906282.016162288,0.08288497272209029,False,55
24,0.10992016370523036,7943499.169154312,0.08297461397935181,False,55
25,0.10950427684061967,7981234.847148979,0.08286669137286069,False,55
26,0.10910006971825205,8019487.462265914,0.0827648860540864,False,55
27,0.10869766571980584,8557719.995010346,0.08325173144809198,False,55
28,0.10829750616537247,8595956.722232219,0.08315004714651948,False,55
29,0.10789958318451814,8634197.532754593,0.08305105804344898,False,55
30,0.10750386340636864,8672441.006195467,0.0829865024434293,False,55
31,0.10711033331707938,8710686.91090093,0.08292756269582965,False,55
32,0.10671898272270372,8748935.276033273,0.08286791598358882,False,55
33,0.10632980236887435,8787186.245250933,0.08280478664257483,False,55
34,0.10594277379522901,8825439.483226849,0.08274978644240248,False,55
35,0.1055575071705265,9363673.243797721,0.08322196595865088,False,55
36,0.10517435406016348,9401908.36585897,0.08318896013130844,False,55
37,0.1047932994946434,9440144.776665261,0.08315771782726676,False,55
38,0.10441433395016356,9478382.735646287,0.08312018631854012,False,55
39,0.10403744214441732,9516622.177873146,0.08308422884383343,False,55
40,0.10366261141720548,9554863.198657315,0.08304596078779496,False,55
41,0.10328982457456319,9593105.628249506,0.08301180786607364,False,55
42,0.10291906990697611,9631349.623078657,0.08297386272761387,False,55
43,0.10255033379541172,9669595.22704613,0.08293485331376173,False,55
44,0.10218308139824163,9707810.889627255,0.08290126662582015,False,55
45,0.10181324407500808,9745749.016588122,0.08285643790666705,False,55
46,0.10144543717411758,9783688.741563778,0.08282092646687274,False,55
47,0.10106754761832555,9820884.62363073,0.08279230740210712,False,55
48,0.1006947969536385,9816601.643834922,0.08276289460498655,False,55
49,0.10032711800321623,9812506.37863515,0.0827326302984649,False,55
50,0.11503560683094044,10308576.228998315,0.08317777009170872,False,55
51,0.11460821440420589,10305575.032274526,0.08336657566078587,False,55
52,0.11418322378649876,10302575.04056308,0.0833331030956908,False,55
53,0.11376061841052892,10299576.325384974,0.08329764383630735,False,55
54,0.11334038358944062,10296579.049320873,0.08325766844726093,False,55
55,0.11292249101502563,10293582.659555672,0.08323304903336567,False,55
56,0.11250692709558427,10290587.354907213,0.08320290690164114,False,55
57,0.11209367330273902,10287593.06992451,0.08317458285285882,False,55
58,0.11168271875391216,10284600.135086427,0.08313707883565814,False,55
59,0.1112740431786384,10281608.37909399,0.08310433312328483,False,55
60,0.11086762813752102,10278617.716766205,0.08307395354960039,False,55
61,0.11046345457369745,10275628.019473545,0.08304714701830605,False,55
62,0.11006151124012024,10272639.57107123,0.08301245561986952,False,55
63,0.10966178195095191,10269652.384152366,0.08297741441281123,False,55
64,0.10926425266517062,10266666.580964433,0.0829389774426035,False,55
65,0.10886890550109873,10263682.0665203,0.0829031790037264,False,55
66,0.10847572036349638,10260698.612898335,0.08287371172122222,False,55
67,0.10808468359276147,10257716.337743023,0.08284097653649938,False,55
68,0.10769577598007647,10254735.042308837,0.08281376206073375,False,55
69,0.1073089849498202,10251754.889197463,0.08278203087144854,False,55
70,0.1069242977952061,10248776.029170595,0.08274611185746115,False,55
71,0.10654169437466424,10245798.184963984,0.08271789462805702,False,55
72,0.10616087112181984,10742804.839584854,0.08314848275363651,False,55
73,0.1057821111146467,10739812.878497582,0.08311003020194661,False,55
74,0.10540539291451387,10736821.924583199,0.08308205317726114,False,55
75,0.10503070342971728,10733832.070394868,0.08305150523140879,False,55
76,0.10465802925948796,10730843.384681141,0.08301904760350202,False,55
77,0.10428311953969728,10727606.760748234,0.08299035725404583,False,55
78,0.10391024481981799,10724371.501250794,0.08295537172919219,False,55
79,0.10353938914692899,10721137.534331743,0.08292222869364493,False,55
80,0.10317391980016806,10718106.947247732,0.08288785187037875,False,55
81,0.10281376088936908,10715279.26952819,0.0828623507558455,False,55
82,0.10245884535836608,10712654.470833562,0.08283388385412063,False,55
83,0.10210910441276635,10710232.332831873,0.08280813680993401,False,55
84,0.10176116418418242,10707810.934744803,0.08278284058361307,False,55
85,0.10141501384975111,10705390.371051729,0.0827543142930917,False,55
86,0.10107064314778982,10702970.766218714,0.08272153275262244,False,55
87,0.10072783137158588,11200539.204632768,0.08313031063066628,False,55
88,0.10038677057918689,11198108.199935937,0.08311127168660844,False,55
89,0.10004745084432287,11195677.877027113,0.08308796269486277,False,55
90,0.11297375581123964,11193248.568149045,0.08305329497664643,False,55
91,0.11256869556720712,11190814.944073819,0.08320082308465464,False,55
92,0.11216582717443353,11188382.173584338,0.08317164066605015,False,55
93,0.11176513598344014,11185950.318587042,0.0831403417879112,False,55
94,0.11136660601438612,11183519.363827566,0.08310956442656517,False,55
95,0.11097022442376236,11181089.45418831,0.08307383382069626,False,55
96,0.11057597569426539,11178660.586112177,0.08303822482506387,False,55
97,0.11018384386639805,11176232.72450457,0.08300381564470032,False,55
98,0.10979380810737717,11173805.560745316,0.08297995758134315,False,55
99,0.10940585458816958,11171379.15552999,0.08295402445555229,False,55
100,0.10901996842632497,11168953.505570585,0.08292820374037874,False,55
0,0.1,5000000.0,0.1047,False,56
1,0.1024878418729875,5583333.333333333,0.08303943823608945,False,56
2,0.10229542257173145,5625000.0,0.08300976773349066,False,56
3,0.10206461646539805,5666666.666666667,0.08291806855240307,False,56
4,0.1017908711220704,5707090.6795089,0.08284358829559395,False,56
5,0.10148321482291639,5746274.186413322,0.08277199207484068,False,56
6,0.10114644202649448,6284185.618597054,0.08344965517631865,False,56
7,0.10078435711385737,6320853.156254569,0.08331881681919978,False,56
8,0.10041933734287498,6357528.328550519,0.08319157284528392,False,56
9,0.10005267947379101,6394211.308376992,0.08306144733658387,False,56
10,0.10507738198284601,6430901.977392989,0.0829332941778451,False,56
11,0.10467960763860405,6467592.374737159,0.08293782204160918,False,56
12,0.10428232759657641,6504289.6683014,0.08282288504042706,False,56
13,0.1038852217081524,7040951.162394485,0.08341954289301869,False,56
14,0.10348934822825992,7077620.736430707,0.08328487717407844,False,56
15,0.10309494844656136,7114298.666686484,0.08314560684819068,False,56
16,0.10270218279024207,7150983.640188529,0.08302821941036871,False,56
17,0.10231119216224126,7187675.685053673,0.08291036335872266,False,56
18,0.10192208398023006,7224374.802719877,0.0827924833410323,False,56
19,0.1015342910378714,7761041.307230492,0.08333603593421124,False,56
20,0.10114042392636093,7797216.014647831,0.08321150377771225,False,56
21,0.10074873793676849,7833398.491893019,0.08309377911332946,False,56
22,0.10035925384077785,7869588.132853028,0.08298523797965045,False,56
23,0.1103989411488117,7906297.796102589,0.08287571021286978,False,56
24,0.10997091287452178,7943516.066645472,0.08295377387008537,False,56
25,0.10955475425490194,7981252.611481718,0.08284841803259342,False,56
26,0.10915028640452017,8019506.236296249,0.08274040853663549,False,56
27,0.10874763663273601,8557740.518499734,0.08320932031956445,False,56
28,0.10834723535372848,8595979.125208229,0.08310448383442166,False,56
29,0.1079490717616376,8634221.78405815,0.08300625010291195,False,56
30,0.10755310489876337,8672466.649785638,0.0829527500407013,False,56
31,0.10715933553623927,8710714.290128645,0.08288548663417523,False,56
32,0.10676774654764784,8748964.347149633,0.08282690050133232,False,56
33,0.1063783221891528,8787216.59404821,0.08277381255979664,False,56
34,0.10599105141232895,8825471.114870608,0.0827186871337516,False,56
35,0.10560553799416947,9363705.810401604,0.08319930025870778,False,56
36,0.10522214279433083,9401942.039241929,0.08316212912341875,False,56
37,0.10484085382643873,9440179.90633378,0.08312241393493,False,56
38,0.10446165941414431,9478419.551249834,0.08307931516632798,False,56
39,0.10408453307784847,9516660.25346461,0.0830536836821742,False,56
40,0.10370946751862589,9554902.419873195,0.0830181880746808,False,56
41,0.10333644379987482,9593145.7759471,0.08298934770328276,False,56
42,0.10296544932915203,9631390.422385558,0.08295806613837664,False,56
43,0.10259647149620253,9669636.460252993,0.08292433452684052,False,56
44,0.10222897158939527,9707852.123221109,0.08290125732939091,False,56
45,0.10185888259642821,9745790.075963566,0.08286030942686896,False,56
46,0.10149082019332578,9783729.279077725,0.08283252338902096,False,56
47,0.10111266196372383,9820924.210554771,0.08280991091890255,False,56
48,0.10073964561673256,9816640.212901836,0.08278256334172839,False,56
49,0.10037170538079754,9812543.953132657,0.08275272260965574,False,56
50,0.1000087736911975,9808635.240253912,0.08272408208984645,False,56
51,0.11462551479666336,10305640.894856486,0.083176261039607,False,56
52,0.11420040075352829,10302639.508000564,0.08337185710898305,False,56
53,0.1137776699897821,10299639.24381382,0.08334067185402276,False,56
54,0.11335730968594168,10296640.359675432,0.08330233717743134,False,56
55,0.11293930575170055,10293643.044209857,0.08325876293263604,False,56
56,0.11252363653171636,10290647.085067824,0.08322108727869006,False,56
57,0.11211028394117432,10287652.445171058,0.08318444157677667,False,56
58,0.11169922799929145,10284658.977717673,0.08315187370510743,False,56
59,0.11129045491319428,10281666.854369093,0.08311453746057815,False,56
60,0.1108839430198886,10278675.820213411,0.08308428210229776,False,56
61,0.11047967930088289,10275686.072562903,0.08304854584742953,False,56
62,0.11007765143598042,10272697.842688741,0.08300638539335985,False,56
63,0.10967784240806627,10269711.102613572,0.08296500208801752,False,56
64,0.10928022756662593,10266725.397047434,0.08293626572602121,False,56
65,0.10888479226656926,10263740.803959193,0.08290536356233474,False,56
66,0.1084915195210553,10260757.265155975,0.08287607786719402,False,56
67,0.10810039838852849,10257775.049914205,0.08283931227133486,False,56
68,0.10771140672955509,10254793.798057241,0.08281255158226647,False,56
69,0.10732453388278959,10251813.780007135,0.08277827916964578,False,56
70,0.10693976254051027,10248834.88775929,0.08274700688460446,False,56
71,0.10655707860505115,10245857.185780352,0.0827139438594352,False,56
72,0.1061761754802245,10742863.990368059,0.08314431700811234,False,56
73,0.10579733745124864,10739872.253151357,0.08310381157503265,False,56
74,0.10542054240777103,10736881.559713626,0.0830748177147303,False,56
75,0.10504577524066559,10733891.886116173,0.08304648881819435,False,56
76,0.10467302118399686,10730903.220257975,0.08301849606107578,False,56
77,0.10429803547845683,10727666.865524806,0.08298345469664949,False,56
78,0.10392508159343182,10724431.655850535,0.08295409421206959,False,56
79,0.10355414756987548,10721197.753471235,0.08292057382825618,False,56
80,0.10318859658330314,10718166.95785905,0.0828935552050706,False,56
81,0.10282836227779933,10715339.368131733,0.08285977222912722,False,56
82,0.10247337338033523,10712714.705273326,0.08282959710947403,False,56
83,0.10212355783950681,10710292.555260431,0.08280854744942104,False,56
84,0.101775546275901,10707871.31279505,0.08277752018394055,False,56
85,0.10142932296249166,10705450.774540752,0.08275344459141845,False,56
86,0.10108487807916325,10703031.090396864,0.08272424423549975,False,56
87,0.10074199185416277,11200599.404037895,0.08313457637499755,False,56
88,0.10040086213933763,11198168.586645389,0.08310486811984198,False,56
89,0.10006147693392153,11195738.638344398,0.08307515558944017,False,56
90,0.11301336403599156,11193309.6886887,0.08304101387008415,False,56
91,0.11260809860741045,11190876.46736335,0.0831870538580623,False,56
92,0.1122050343980852,11188444.516889514,0.08314360594302318,False,56
93,0.11180415115818206,11186013.609872503,0.08310793220552372,False,56
94,0.11140543224282225,11183583.69833979,0.08307389855433003,False,56
95,0.11100886085512474,11181154.71754816,0.08304207834631969,False,56
96,0.1106144244298226,11178726.821628429,0.08300498870875021,False,56
97,0.11022210609518537,11176299.927436693,0.08297074159780857,False,56
98,0.10983189112584105,11173874.059354926,0.08293566091513345,False,56
99,0.10944376372097665,11171449.176029675,0.08290199402568565,False,56
100,0.10905770440587617,11169025.025799116,0.08287693095923578,False,56
0,0.1,5000000.0,0.1047,False,57
1,0.10248313952597203,5583333.333333333,0.08304491078353547,False,57
2,0.10229073345468183,5625000.0,0.08301136416910306,False,57
3,0.10205994320123625,5666666.666666667,0.0829257313356581,False,57
4,0.10178621897305752,5707090.821911876,0.08283409476378407,False,57
5,0.10147859182498296,5746274.823974706,0.08275548679452113,False,57
6,0.10114185428342981,6284187.011458403,0.08343287073266271,False,57
7,0.10077982772596883,6320856.637570038,0.08328400925053159,False,57
8,0.10041488354365148,6357534.983569902,0.08313867778003961,False,57
9,0.10004830288955423,6394221.269676617,0.08300634266586722,False,57
10,0.10511115248059621,6430914.187760756,0.08289580970880768,False,57
11,0.10471323185673537,6467607.226981781,0.08289379076071147,False,57
12,0.10431582226167649,6504308.140135815,0.08276255854387633,False,57
13,0.10391859069679506,7040973.498035239,0.08335514612074285,False,57
14,0.10352259042197501,7077646.856994582,0.08322179512206637,False,57
15,0.10312805209627895,7114327.84938174,0.08309457132515168,False,57
16,0.10273514215694436,7151015.506258001,0.08298349650677145,False,57
17,0.10234401295551522,7187710.537230912,0.08286059489592315,False,57
18,0.101954758312892,7224412.118961881,0.08275141559496567,False,57
19,0.10156682524983343,7761081.4432009775,0.08328904045949861,False,57
20,0.10117281486232362,7797258.966309685,0.0831688417872627,False,57
21,0.10078097661485255,7833443.649049653,0.08306036252575857,False,57
22,0.10039134418171027,7869635.676975807,0.08294907182594392,False,57
23,0.10001211693170686,7906346.997301759,0.08284800569637304,False,57
24,0.1105959877936512,7943576.376533923,0.08274661882523868,False,57
25,0.11017628710059549,7981313.255397982,0.08284137660306068,False,57
26,0.10976837450473013,8019566.736989899,0.08274388059999738,False,57
27,0.10936228698702188,8557800.062293319,0.08323251789692762,False,57
28,0.10895847161024515,8596037.604703568,0.08313028500405949,False,57
29,0.10855692083652882,8634279.281369967,0.08303006061250814,False,57
30,0.10815760117699905,8672523.688696558,0.08296386278969564,False,57
31,0.10776049582315879,8710770.424115425,0.08290742418904894,False,57
32,0.10736559556886836,8749019.581318367,0.08284871427207152,False,57
33,0.10697289596754041,8787271.58556711,0.08277969497995905,False,57
34,0.10658237606701211,8825525.978709692,0.08272178240202989,False,57
35,0.10619364082515513,9363760.925612725,0.08319320639109905,False,57
36,0.10580704983988581,9401997.549342562,0.08315255604434418,False,57
37,0.10542258048142343,9440235.352328628,0.08312396801450825,False,57
38,0.10504022381347043,9478474.63655159,0.0830880592413207,False,57
39,0.10465995807985629,9516714.970656075,0.08306260756801397,False,57
40,0.10428177958013582,9554956.981489304,0.08302195959846849,False,57
41,0.1039056693425204,9593200.41011461,0.08298758888144506,False,57
42,0.10353161751526878,9631445.534896601,0.08294646993151612,False,57
43,0.10315960748435583,9669692.23529341,0.08290827320863446,False,57
44,0.10278910209118908,9707909.112269752,0.08287209398532847,False,57
45,0.10241598702281414,9745848.002875954,0.0828394680103003,False,57
46,0.10204492184133164,9783788.223261755,0.08280991735258814,False,57
47,0.10166369647081709,9820984.961390398,0.08277645440783428,False,57
48,0.10128766573926322,9816703.094795546,0.0827413834754114,False,57
49,0.10091637924711051,10312585.58791298,0.08318195722356926,False,57
50,0.10055017738498735,10308657.246273862,0.08313950558984574,False,57
51,0.1002009663029544,10305665.373004882,0.08310759080505106,False,57
52,0.11498936511956367,10302674.56166645,0.08307809273429263,False,57
53,0.11456230404052717,10299676.946337294,0.08326709247650364,False,57
54,0.11413764030298254,10296680.442384241,0.08323622091816524,False,57
55,0.11371536195555312,10293685.357874768,0.08319679192979652,False,57
56,0.11329544968600166,10290691.617207754,0.08315946297257361,False,57
57,0.11287789224910688,10287699.555892434,0.08311281431445526,False,57
58,0.11246265807233467,10284708.441204729,0.08308651910297273,False,57
59,0.11204974110282982,10281718.862987263,0.08304383937406624,False,57
60,0.11163911843581659,10278730.521202732,0.08300949401481668,False,57
61,0.111230770760559,10275743.2925962,0.08297857240363454,False,57
62,0.11082468494727636,10272757.374597782,0.08294216662270154,False,57
63,0.11042084282412036,10269772.688576235,0.08290794504292372,False,57
64,0.11001922429857476,10266789.04164351,0.08287908146452279,False,57
65,0.10961981762227518,10263806.683690988,0.08284327645894213,False,57
66,0.10922260272674765,10260825.40546748,0.08281328398628227,False,57
67,0.10882757075937666,10257845.603598887,0.08277227412756816,False,57
68,0.10843469883664905,10254866.897115598,0.08274184675805353,False,57
69,0.10804396984428084,10251889.210292926,0.08271352285201002,False,57
70,0.10765507532086688,10748896.124405935,0.08314127463864386,False,57
71,0.10726829621402968,10745904.079178082,0.08311236744035176,False,57
72,0.10688361808428401,10742913.126193564,0.08308202734768763,False,57
73,0.10650102782468615,10739923.38615496,0.08304833440562592,False,57
74,0.10612050497558613,10736934.553296117,0.08302313496792504,False,57
75,0.10574204267096508,10733947.090265995,0.08298508417007355,False,57
76,0.10536562003969446,10730960.650994884,0.08295664641975616,False,57
77,0.10498695451055857,10727726.794379108,0.08291940040453191,False,57
78,0.10461035076630237,10724494.292491885,0.08288466377499316,False,57
79,0.10423579209182458,10721263.043473674,0.08285253892850607,False,57
80,0.10386667955197822,10718235.129422339,0.08281474328441497,False,57
81,0.10350293661592569,10715410.102340976,0.08278467637693203,False,57
82,0.10314449151940866,10712787.705894684,0.08275807325566932,False,57
83,0.1027912778869587,10710367.919947846,0.08272772467827672,False,57
84,0.10243967552412023,11207936.001233408,0.08314252015174094,False,57
85,0.10208988969573593,11205504.97553131,0.08311198981532189,False,57
86,0.10174191100867185,11203075.03359452,0.08307493800986109,False,57
87,0.10139571997700736,11200645.744441107,0.08305262062954849,False,57
88,0.10105130670778087,11198217.253042806,0.08302534695042245,False,57
89,0.10070866088322405,11195789.674522806,0.08299413743588707,False,57
90,0.1003677691685972,11193362.931970688,0.0829655573373833,False,57
91,0.10002862155276396,11190937.14848078,0.08293276888567978,False,57
92,0.11316657441535477,11188512.413511727,0.08289692201889357,False,57
93,0.11276057219635471,11186083.496826552,0.08303988667263082,False,57
94,0.1123567680634698,11183655.422657115,0.0830110827157885,False,57
95,0.11195514750247659,11181228.262697695,0.08297982767250205,False,57
96,0.11155569919913817,11178802.252675992,0.08294051356249353,False,57
97,0.11115840401485887,11176377.207659801,0.08290752192100279,False,57
98,0.11076324632985715,11173953.120215295,0.08287478442757427,False,57
99,0.11037021333236842,11171530.12691437,0.08283737780940348,False,57
100,0.10997928663574849,11169108.057045821,0.08280580747177216,False,57
0,0.1,5000000.0,0.1047,False,58
1,0.10247087111787764,5583333.333333333,0.08305921820173297,False,58
2,0.10227849956210044,5625000.0,0.08304022983407236,False,58
3,0.10204775066708742,5666666.666666667,0.08294641132323718,False,58
4,0.10177406721781183,5707090.321205096,0.08286747521583628,False,58
5,0.10146648366871869,5746273.623895532,0.08277879920768942,False,58
6,0.10112979207647502,6284184.935102425,0.08345234355054408,False,58
7,0.1007678076903,6320853.168890942,0.08330721463583007,False,58
8,0.10040289247997601,6357529.260985635,0.08317624286622245,False,58
9,0.10003634196806542,6394213.330747227,0.08304328175125707,False,58
10,0.10508134534325045,6430905.278302214,0.0829119851946665,False,58
11,0.1046835753829715,6467597.2454531025,0.08291165859629662,False,58
12,0.10428631487743675,6504297.013309821,0.0827816468324934,False,58
13,0.10388922675616845,7040960.90239149,0.08337962641662966,False,58
14,0.10349337280089643,7077632.996666594,0.08324287319269329,False,58
15,0.10309898360101784,7114312.933672672,0.08311216100984112,False,58
16,0.10270623158305851,7151000.112458903,0.08299146467394856,False,58
17,0.10231525022736064,7187694.114898098,0.08287773712454702,False,58
18,0.10192615326907171,7224395.321878981,0.0827576614297215,False,58
19,0.10153837726810316,7761064.282038182,0.0832951084577565,False,58
20,0.10114451385789999,7797240.6785955895,0.08318591074635191,False,58
21,0.10075283799836411,7833425.251678399,0.08306202399784657,False,58
22,0.10036337515981654,7869617.69456947,0.08294278447870566,False,58
23,0.11045304376107874,7906329.598592061,0.08283824692290936,False,58
24,0.11002472721372815,7943549.277250625,0.08292751530261615,False,58
25,0.10960828566242098,7981287.03032107,0.08282294800992518,False,58
26,0.1092035387197328,8019541.586848297,0.08271782156216578,False,58
27,0.10880060442665405,8557776.408184001,0.08319625044758878,False,58
28,0.1083999241898738,8596015.747525996,0.08308672302229991,False,58
29,0.10800148246264313,8634259.072104134,0.08299011123702899,False,58
30,0.10760524470365883,8672504.897458041,0.08292948636987361,False,58
31,0.10721120126111555,8710753.208688548,0.08286922269472057,False,58
32,0.10681933391578624,8749003.582141822,0.08281922941556609,False,58
33,0.10642963294857022,8787256.129711518,0.08276652356290515,False,58
34,0.10604170734542274,9325489.151125515,0.0832398849131851,False,58
35,0.10565593461421739,9363724.80965895,0.0831759547450093,False,58
36,0.10527228085785895,9401961.939053314,0.08314029751036507,False,58
37,0.1048907380983701,9440200.877650237,0.08309643805440149,False,58
38,0.10451128104865388,9478440.971053379,0.08306844275210762,False,58
39,0.10413389655637359,9516682.275180452,0.08303909186897085,False,58
40,0.10375857055944093,9554924.799466891,0.08300951224788891,False,58
41,0.10338528450292903,9593168.289293958,0.08298610520242225,False,58
42,0.10301403253755369,9631413.246419879,0.08295053432108965,False,58
43,0.10264480553297371,9669659.985221548,0.08290734218174627,False,58
44,0.1022770696001224,9707877.060974108,0.0828673189111765,False,58
45,0.10190673972068591,9745816.228678703,0.08283331026826304,False,58
46,0.10153844409461349,9783757.012801724,0.08279738985882044,False,58
47,0.10116005306473419,9820953.976257857,0.08277228167655845,False,58
48,0.10078680741820735,9816671.996054048,0.08274357881759005,False,58
49,0.10041825955915876,10312553.985637583,0.08319212962556297,False,58
50,0.1000547458614093,10308624.638553988,0.08316078483797026,False,58
51,0.11475996594494783,10305631.99851932,0.08312888985182165,False,58
52,0.11433414170559529,10302632.502887812,0.08331932309741823,False,58
53,0.11391071430181549,10299634.562523834,0.0832761212215891,False,58
54,0.11348966246005511,10296638.006184991,0.08323767607897278,False,58
55,0.11307096368175523,10293642.586721936,0.08320609619593429,False,58
56,0.11265460172855524,10290648.371030187,0.08317265810410863,False,58
57,0.11224056247642562,10287655.530549198,0.08313445780522094,False,58
58,0.11182881558926576,10284663.373763127,0.08311546627968575,False,58
59,0.11141935462276842,10281672.45759619,0.08308100463711768,False,58
60,0.11101215947048411,10278682.611648228,0.08305127633225828,False,58
61,0.11060721953448545,10275694.165317202,0.08301239808402837,False,58
62,0.11020451276923598,10272706.8273793,0.08298160938623177,False,58
63,0.10980402191081091,10269720.55216185,0.08295208937358242,False,58
64,0.10940573645995477,10266735.654963406,0.0829138110678651,False,58
65,0.10900963867563174,10263752.051381655,0.08287787727085656,False,58
66,0.10861571691252062,10260769.984190695,0.08283519974887509,False,58
67,0.10822394665371443,10257788.977402302,0.08280574412209561,False,58
68,0.10783431301775671,10254809.075369269,0.082775056473103,False,58
69,0.10744680004143965,10251830.254586237,0.0827450217508715,False,58
70,0.10706138798888805,10248852.269808108,0.08272179939248134,False,58
71,0.10667777288110421,10745858.708046872,0.08315449336770282,False,58
72,0.1062962400374897,10742866.46703834,0.08311780579255704,False,58
73,0.10591676850671006,10739875.209792374,0.0830904790546711,False,58
74,0.10553934827794792,10736885.216081204,0.08305538086579312,False,58
75,0.10516396616765364,10733896.579692166,0.08301767747324311,False,58
76,0.10479060589760787,10730909.207982969,0.08298254747768197,False,58
77,0.1044150124396581,10727674.225621277,0.08294826568437953,False,58
78,0.10404146073775354,10724440.721226439,0.08291036909839483,False,58
79,0.10366993516280823,10721208.64667948,0.08287370633230078,False,58
80,0.103303800308322,10718179.552930307,0.08284700852438259,False,58
81,0.10294298926549371,10715353.51288059,0.08281436043127538,False,58
82,0.10258743391121165,10712730.444403837,0.08277928131764518,False,58
83,0.10223706531232625,10710310.13258635,0.08274570316184506,False,58
84,0.10188849955704464,10707890.43464158,0.08272471606060393,False,58
85,0.1015415179987824,11205458.725862509,0.0831353428741652,False,58
86,0.10119631783293186,11203027.697104461,0.08311209429214263,False,58
87,0.10085289047854128,11200597.5717981,0.08308120705513988,False,58
88,0.10051122773280202,11198168.594959125,0.08304194321278013,False,58
89,0.10017131381942578,11195740.537046267,0.08301052693535187,False,58
90,0.11327134761017975,11193313.596215807,0.08297233608409713,False,58
91,0.11286472752929738,11190882.039576193,0.08313014152522819,False,58
92,0.11246031089445117,11188451.363157887,0.083100048489102,False,58
93,0.11205808221694459,11186021.589977635,0.08306916855564536,False,58
94,0.11165802015873234,11183592.425423138,0.08304836083752633,False,58
95,0.11126011240162116,11181164.042322664,0.08302164446066487,False,58
96,0.11086434519750736,11178736.53300924,0.08299177139914243,False,58
97,0.11047070364082878,11176309.921876896,0.0829610643536693,False,58
98,0.11007917200208556,11173884.181697607,0.08293128818083638,False,58
99,0.10968973668043858,11171459.39328549,0.08289874913221486,False,58
100,0.10930237742363665,11169035.26724372,0.08287610399221153,False,58
0,0.1,5000000.0,0.1047,False,59
1,0.10250488769773547,5583333.333333333,0.08301965287934013,False,59
2,0.10231242043583173,5625000.0,0.0829995123512462,False,59
3,0.1020815568603703,5666666.666666667,0.08290885070473593,False,59
4,0.10180774813712438,5707090.96570038,0.08282450886370497,False,59
5,0.10150003129444997,5746275.444566828,0.08273959334061934,False,59
6,0.10116319782188317,6284188.28705475,0.08341831508322162,False,59
7,0.10080105766172497,6320857.965055871,0.08328314442579357,False,59
8,0.10043599743920506,6357536.256360262,0.08313958937128167,False,59
9,0.10006928638941154,6394221.608635174,0.08302190652923462,False,59
10,0.10514258512041494,6430915.014558337,0.08288767905841143,False,59
11,0.10474449965194002,6467608.836421441,0.08288074672605408,False,59
12,0.10434691584698295,6504309.957893714,0.08275908657324127,False,59
13,0.10394951185809781,7040975.607323139,0.08335028728737998,False,59
14,0.1035533309226393,7077648.719184289,0.08322591342528082,False,59
15,0.10315860457086003,7114328.962605268,0.0831070540947866,False,59
16,0.10276552450560167,7151016.873984293,0.08297925479402438,False,59
17,0.10237422156262657,7187711.876123991,0.08286107544950826,False,59
18,0.1019848106398182,7224414.419594932,0.08273538659542472,False,59
19,0.10159674301707192,7761085.988720395,0.08325162568674462,False,59
20,0.10120259844331495,7797265.950373761,0.08313189414092483,False,59
21,0.1008106327555463,7833453.437353452,0.08301787404509711,False,59
22,0.10042088173509786,7869648.771746877,0.08289897383700517,False,59
23,0.10004152918699853,7906362.7094397945,0.08280424616509721,False,59
24,0.10963584353545297,8443562.295065418,0.08330221055558246,False,59
25,0.10922112306388658,8481273.632727366,0.083379794565846,False,59
26,0.10881810288487663,8519505.425128922,0.08326967915416553,False,59
27,0.10841732027263132,8557741.543551108,0.0831648059268112,False,59
28,0.10801877001283912,8595981.864808751,0.08306291900659418,False,59
29,0.10762244670869714,8634226.412042294,0.08296047110600493,False,59
30,0.10722831142508744,8672473.443443619,0.08290024885676812,False,59
31,0.10683635621348903,8710723.034185933,0.0828382042267084,False,59
32,0.1064465682571047,8748975.061028522,0.08277914725033199,False,59
33,0.1060589318588064,8787229.293124957,0.0827256865510495,False,59
34,0.10567305250969569,9325463.70857024,0.08320609021531622,False,59
35,0.10528930397008075,9363700.3596886,0.08315189208015229,False,59
36,0.10490766295067289,9401938.678138029,0.08311147193305045,False,59
37,0.10452811303953351,9440178.505721128,0.08307488687430567,False,59
38,0.10415064731306521,9478420.253854493,0.08302832808004004,False,59
39,0.10377524505103158,9516663.535540415,0.08299115104834828,False,59
40,0.09543006415983703,10055339.251710393,0.07250789082884626,True,59
41,0.10813762694234386,10093707.804488052,0.07995427609711994,True,59
42,0.10786756772734196,10131930.547401354,0.08348906068757747,True,59
43,0.1075564578853171,10170154.887689682,0.08345033644456033,True,59
44,0.10722095819346779,10208349.052567966,0.0834176922082713,True,59
45,0.10686616892998894,10246263.564373441,0.08338121913760511,True,59
46,0.10650254631629216,10284179.462776352,0.08335040586119061,True,59
47,0.10612027813197049,10321346.457153773,0.08332726461567026,True,59
48,0.10573794781210569,10317035.783136846,0.08329804863624596,True,59
49,0.10535689962370132,10312913.986039307,0.08326862823307915,True,59
50,0.10497806903609648,10308981.514219126,0.08322691682925366,True,59
51,0.10461490217140076,10305986.832970906,0.08318559022836562,True,59
52,0.10425176338367181,10302993.484339649,0.08314857309046143,True,59
53,0.10388905932498635,10300001.578618389,0.0831084922571911,True,59
54,0.10352710164678328,10297011.13007143,0.08306801519328544,True,59
55,0.10316613280374831,10294022.219096009,0.08302530487282472,True,59
56,0.1028063318897194,10291034.362313537,0.08299602173537118,True,59
57,0.10244784840996668,10288047.811594853,0.08295974218566958,True,59
58,0.10209078977400354,10285062.263232272,0.08293189896059441,True,59
59,0.10173525016187215,10282078.179408118,0.08289121733757993,True,59
60,0.10138129146305497,10279095.305732813,0.08285760209185024,True,59
61,0.1010289632078047,10276113.618885707,0.08282463464184113,True,59
62,0.10067830168946068,10273133.070012009,0.08279302426942647,True,59
63,0.10032933707757707,10270153.86168749,0.08275578679220694,True,59
64,0.11523650904100807,10267175.97661734,0.08271902972643322,True,59
65,0.11480894652213364,10264191.87650417,0.08289166981030721,True,59
66,0.11438369114742418,10261208.955035385,0.0828589296884483,True,59
67,0.11396074260232765,10258227.0974595,0.0828293771078827,True,59
68,0.11354009782818328,10255246.246826997,0.08280140645843584,True,59
69,0.11312175981096433,10252266.819858711,0.08276186023018402,True,59
70,0.11270571986834686,10249288.75814625,0.08272393645728077,True,59
71,0.11229164946677149,10746295.263847368,0.0831526194134388,True,59
72,0.11187986036749152,10743303.138135096,0.08311460311867536,True,59
73,0.11147034248381774,10740312.4873417,0.083073633149847,True,59
74,0.11106307845313773,10737323.077520616,0.08303916169670982,True,59
75,0.11065805686939167,10734335.02584604,0.0830014354048849,True,59
76,0.11025526307497603,10731348.30311339,0.08296452035135997,True,59
77,0.10985010301692051,10728113.753608959,0.08293716678027181,True,59
78,0.10944718437522336,10724880.136566278,0.08291325750461516,True,59
79,0.10904649492595417,10721647.623781659,0.08288494319540607,True,59
80,0.10865167129669838,10718618.222222455,0.08285542726024876,True,59
81,0.10826264051061053,10715792.040626189,0.08281850831549942,True,59
82,0.10787932024451267,10713168.589725396,0.08279134992642695,True,59
83,0.10750163838456417,10710747.865420088,0.08275980530963338,True,59
84,0.10712595265456183,10708328.086796105,0.08272747432415674,True,59
85,0.10675202316268015,11205896.411524056,0.08313419733504385,True,59
86,0.10638006365463659,11203465.623517344,0.08310386347729465,True,59
87,0.1060100587350074,11201035.622718563,0.08307695038558956,True,59
88,0.1056419985406401,11198606.621543357,0.08304277522069585,True,59
89,0.10527586887989447,11196178.580795113,0.08300994011088944,True,59
90,0.1049116565232647,11193751.511125647,0.08297674083654363,True,59
91,0.10454934383811912,11191325.159701172,0.08295218545213308,True,59
92,0.10418891938786067,11188899.627504611,0.08292417766022038,True,59
93,0.10383037262476988,11186475.064238047,0.08289105184832182,True,59
94,0.10347368980350262,11184051.426243592,0.08285941861385317,True,59
95,0.10311885494321615,11181628.52895157,0.08283409545365841,True,59
96,0.10276585309861902,11179206.239923833,0.08281330009355624,True,59
97,0.10241467313136662,11176784.647757988,0.08278947575535688,True,59
98,0.10206530361063035,11174363.81876732,0.0827633842963626,True,59
99,0.1017177311363119,11171943.694000432,0.08273930826965888,True,59
100,0.10137174799454049,11669512.280390777,0.08312525161211169,True,59
0,0.1,5000000.0,0.1047,False,60
1,0.10249695835192021,5583333.333333333,0.08302884639227913,False,60
2,0.10230451340075818,5625000.0,0.08300578378212624,False,60
3,0.1020736765592717,5666666.666666667,0.08291368136550102,False,60
4,0.10179989542657181,5707090.717217049,0.08284107441904698,False,60
5,0.10149220880599104,5746274.869461161,0.08275048075183583,False,60
6,0.10115540991172459,6284187.446873877,0.08342420564335969,False,60
7,0.1007933086856617,6320856.950117285,0.08328605705432397,False,60
8,0.10042827618851942,6357534.3513896195,0.08315442323887666,False,60
9,0.10006160755543712,6394219.715522774,0.0830217088918738,False,60
10,0.10511135155570674,6430911.79606308,0.08290976877266286,False,60
11,0.10471342459893043,6467604.5311520705,0.08289885962796241,False,60
12,0.10431600368593978,6504304.843589815,0.08277257048202342,False,60
13,0.10391875660555928,7040969.345679554,0.08336940961547411,False,60
14,0.10352272991552502,7077641.190898743,0.08324702412463116,False,60
15,0.1031281603503821,7114320.363470941,0.0831249015744923,False,60
16,0.10273523736648982,7151007.273150688,0.08299594978199419,False,60
17,0.10234407846411633,7187700.541033512,0.08288997973071985,False,60
18,0.10195479985078454,7224400.687678685,0.08277533369156012,False,60
19,0.10156684240472699,7761068.535029625,0.08331365526212992,False,60
20,0.10117280246818804,7797244.246377292,0.08319629271211228,False,60
21,0.1007809506137691,7833428.08255862,0.0830731891718136,False,60
22,0.10039130727885057,7869619.422447996,0.08295949662561955,False,60
23,0.10001207110931369,7906330.171242726,0.0828575610773091,False,60
24,0.11057992111987723,7943558.91260948,0.08275851375128253,False,60
25,0.11016030799221861,7981295.5877857935,0.08284567041587183,False,60
26,0.1097524835919976,8019549.046465323,0.0827444360518159,False,60
27,0.1093464760400539,8557781.928635325,0.08324326052522234,False,60
28,0.10894274227389045,8596019.149582405,0.08313807805062154,False,60
29,0.10854127526302743,8634260.656406194,0.08303417800908151,False,60
30,0.10814203507062788,8672504.68856914,0.08297295766590693,False,60
31,0.10774500988529974,8710751.119515773,0.08291480533410286,False,60
32,0.10735019036233076,8749000.03611246,0.0828545471509784,False,60
33,0.10695756626989927,8787251.537089258,0.08279189551195903,False,60
34,0.10656713307508837,8825506.094031524,0.08271781150060983,False,60
35,0.10617847990717866,9363740.97212539,0.08319487449214026,False,60
36,0.10579196794685577,9401977.38597312,0.08315764409540069,False,60
37,0.10540757646474339,9440214.9452297,0.08312987660817539,False,60
38,0.10502530348678293,9478454.35609524,0.08308498911820644,False,60
39,0.10464513017155283,9516695.363382967,0.08304628797427444,False,60
40,0.10426703762329459,9554937.70911927,0.08301384073613002,False,60
41,0.10389100812730054,9593181.202730184,0.08298601347276124,False,60
42,0.10351703507263212,9631426.310548874,0.08294688116308777,False,60
43,0.10314510197362321,9669672.918031292,0.0829105256787115,False,60
44,0.10277467563969658,9707889.856437478,0.08287061829536643,False,60
45,0.10240164033321943,9745828.826965112,0.08283769197845191,False,60
46,0.10203065384413665,9783769.097948886,0.08280879295313796,False,60
47,0.10164951017056241,9820965.94955161,0.08277435303595129,False,60
48,0.10127356235836102,9816684.34862141,0.08273624985896062,False,60
49,0.10090234958449518,10312566.612049412,0.08318659741413248,False,60
50,0.10053620995541135,10308637.39937378,0.08315794022502447,False,60
51,0.10018706492456954,10305645.113305755,0.08311905744506072,False,60
52,0.11497219947726094,10302654.302883336,0.08307806728939668,False,60
53,0.11454524119909244,10299657.061011447,0.08325671866359641,False,60
54,0.11412067988947083,10296660.952117434,0.08322524705590449,False,60
55,0.11369850354699695,10293666.281725239,0.08318528867206203,False,60
56,0.11327868603155136,10290672.619522998,0.08315728339557453,False,60
57,0.11286120929768241,10287679.939960934,0.08312998783509973,False,60
58,0.11244605612712749,10284688.252030918,0.08310244250049781,False,60
59,0.11203321363169087,10281697.78524858,0.083068521731615,False,60
60,0.111622664284469,10278708.519572316,0.08303515767398215,False,60
61,0.11121438342735847,10275720.045413496,0.0830131710783411,False,60
62,0.11080836122458888,10272732.73155432,0.08298094053265027,False,60
63,0.11040458134287141,10269746.595935445,0.08294821163542569,False,60
64,0.11000302039879993,10266761.265969737,0.08292583238080536,False,60
65,0.10960367004739387,10263777.173351206,0.08289146162582382,False,60
66,0.10920651188023099,10260794.198901493,0.08286040138091931,False,60
67,0.10881152833282709,10257812.259216497,0.08283165791659784,False,60
68,0.10841870707172975,10254831.55112297,0.08279744704236308,False,60
69,0.108028035561395,10251852.2563949,0.08275818689087544,False,60
70,0.10763949393443827,10248874.14156042,0.08272541206884078,False,60
71,0.10725277082177469,10745880.525957802,0.08315598896157586,False,60
72,0.10686814510923526,10742887.817171799,0.08313079961122839,False,60
73,0.10648560724278885,10739896.335275976,0.08309671932847049,False,60
74,0.10610514098097557,10736906.016239038,0.08306441769270281,False,60
75,0.10572673394245394,10733917.009129573,0.08302797526288133,False,60
76,0.10535036883714398,10730929.174120292,0.08299541692445046,False,60
77,0.10497175416676718,10727693.498672877,0.08296603711325781,False,60
78,0.10459519668992522,10724458.9242534,0.08293780562759684,False,60
79,0.1042206885879152,10721225.868382787,0.08289886847721004,False,60
80,0.10385162580708467,10718196.158418613,0.08286386226797515,False,60
81,0.10348793726426368,10715369.669714393,0.08282750781599199,False,60
82,0.10312954741769233,10712745.924486082,0.0828006383688615,False,60
83,0.10277638920353871,10710324.86214076,0.08277136223329914,False,60
84,0.10242506008094167,10707904.841968006,0.08273573240188001,False,60
85,0.1020753358775804,11205473.019167334,0.08313924104858954,False,60
86,0.10172741792263455,11203042.248759434,0.08310326180856838,False,60
87,0.10138128678033415,11200612.102078555,0.08308193780783538,False,60
88,0.10103693612867283,11198182.943693027,0.08304814993261847,False,60
89,0.10069435077553855,11195754.589397803,0.08302065966581988,False,60
90,0.10035351994678687,11193327.119912548,0.08299040975231829,False,60
91,0.10001442936235048,11190900.39164083,0.08296506911856799,False,60
92,0.11308419038998815,11188474.628419729,0.08293207593509448,False,60
93,0.11267860981251442,11186044.611351317,0.08307750661241953,False,60
94,0.11227522606423039,11183615.526442543,0.08304563790678839,False,60
95,0.11187402470160474,11181187.44926714,0.08301118548388647,False,60
96,0.11147499087060168,11178760.427559586,0.0829751011129571,False,60
97,0.11107810547793026,11176334.27568776,0.08294536313931546,False,60
98,0.11068335755807412,11173909.233632643,0.082907420687706,False,60
99,0.11029073098060756,11171485.259744871,0.08287090214601713,False,60
100,0.1099002024349675,11169061.913666261,0.08284943858496355,False,60
0,0.1,5000000.0,0.1047,False,61
1,0.10247469096880883,5583333.333333333,0.08305475890218202,False,61
2,0.10228230866661665,5625000.0,0.08304123534340953,False,61
3,0.1020515468946425,5666666.666666667,0.08295399722801879,False,61
4,0.10177784609383693,5707090.193338721,0.08287599964090624,False,61
5,0.10147023306784692,5746272.73865334,0.08280404506826013,False,61
6,0.1011335148787297,6284183.559989969,0.08346322955641898,False,61
7,0.10077150202307601,6320851.267243402,0.08331599022056871,False,61
8,0.10040657019090975,6357527.571969648,0.08317269900701402,False,61
9,0.10003999697942158,6394211.479815792,0.08304598034204665,False,61
10,0.10507581933582974,6430902.87097499,0.08292125845781917,False,61
11,0.10467807939751758,6467594.761547687,0.08291293489949451,False,61
12,0.10428084474394787,6504294.212665207,0.08278692581912554,False,61
13,0.10388379417530873,7040958.477448379,0.08337336472492107,False,61
14,0.10348798305769111,7077631.275287645,0.08323114712335469,False,61
15,0.10309362274134404,7114311.099823483,0.08311403551379792,False,61
16,0.102700890783534,7150997.645342163,0.08300201913311889,False,61
17,0.10230994020226485,7187691.66722374,0.0828774130848226,False,61
18,0.10192086698210834,7224392.478227771,0.08276426104392268,False,61
19,0.10153312175421902,7761061.478113665,0.08329444634621383,False,61
20,0.10113930671768935,7797238.972621126,0.08316927513947672,False,61
21,0.100747676008687,7833424.471090409,0.08304800299066392,False,61
22,0.10035823592456986,7869616.469881825,0.08294951326137312,False,61
23,0.11044525815965006,7906328.293555252,0.08283959027360914,False,61
24,0.11001699970976303,7943548.670865641,0.08291448683036633,False,61
25,0.10960061103920304,7981286.918926921,0.08281251342055493,False,61
26,0.10919590657004097,8019541.476815447,0.08271778856097038,False,61
27,0.10879300697987535,8557775.88560117,0.08320625165926022,False,61
28,0.1083923564610973,8596014.548639195,0.08310311827014472,False,61
29,0.10799394340978842,8634257.14862408,0.0830076771341217,False,61
30,0.10759773352262726,8672502.213460585,0.08294792315544787,False,61
31,0.1072037123352145,8710749.456173986,0.08289512613971989,False,61
32,0.1068118743154819,8748999.167489775,0.0828352812333997,False,61
33,0.10642220193904839,8787251.020907203,0.08278335149669824,False,61
34,0.10603467857276762,8825504.780267691,0.08273714681643901,False,61
35,0.10564892165899964,9363739.142663,0.08320737627534529,False,61
36,0.10526528279632763,9401974.924387021,0.08317296830656422,False,61
37,0.10488374904740175,9440212.173922552,0.08313738499722215,False,61
38,0.10450430780873096,9478450.974559603,0.0830997825360959,False,61
39,0.10412694336475083,9516691.237719405,0.08306432743914878,False,61
40,0.10375164255554915,9554933.030402366,0.08302724808983165,False,61
41,0.10337839648879735,9593176.67853076,0.08298226759450113,False,61
42,0.10300718890983113,9631422.075155856,0.08293987979562883,False,61
43,0.10263800047095867,9669668.923882997,0.08290467732181397,False,61
44,0.10227030248679216,9707886.086347632,0.08286523588236215,False,61
45,0.10190001109023049,9745825.362579055,0.08283089856098452,False,61
46,0.10153175029748746,9783766.049443837,0.08279955115299692,False,61
47,0.10115339264203055,9820962.76754912,0.08277682521080441,False,61
48,0.1007801869239657,9816680.980527263,0.0827398458329785,False,61
49,0.10041167505348804,10312562.953241741,0.08319247041458887,False,61
50,0.10004819947696629,10308633.75759433,0.08315757983935934,False,61
51,0.11476183166836929,10305641.33551081,0.0831228356532886,False,61
52,0.11433599860520897,10302641.919281863,0.08331711747077854,False,61
53,0.11391256086458389,10299643.977286875,0.08327616652740721,False,61
54,0.11349149489006849,10296647.218729066,0.08324329327251005,False,61
55,0.11307278545889089,10293651.772068592,0.08320685167983587,False,61
56,0.1126564127403943,10290657.519055871,0.08317369479781754,False,61
57,0.1122423611744515,10287664.555375997,0.08313787999651367,False,61
58,0.11183060817264566,10284672.59837986,0.08310991655934137,False,61
59,0.11142114213294131,10281681.93577315,0.08307396129753418,False,61
60,0.11101394238113588,10278692.367665546,0.08304355854457128,False,61
61,0.11060899343355202,10275703.960856138,0.08301130026131469,False,61
62,0.11020628130136496,10272716.856273264,0.08297512730202292,False,61
63,0.10980579069201658,10269731.118746372,0.08293715352479585,False,61
64,0.10940749839260969,10266746.372890178,0.08290960711653839,False,61
65,0.10901139626883131,10263763.056487186,0.08286990008310591,False,61
66,0.10861746604157844,10260781.047580343,0.082833580745674,False,61
67,0.10822569164968188,10257800.336751748,0.08279752301652547,False,61
68,0.10783605522081942,10254820.805002289,0.08276477081834611,False,61
69,0.10744854370641416,10251842.59390383,0.08272808606827474,False,61
70,0.10706284636548881,10748849.012452375,0.08315504031815882,False,61
71,0.1066792395512149,10745856.367030134,0.08312903950663461,False,61
72,0.1062977119207674,10742864.873008449,0.08309705615792934,False,61
73,0.1059182483305619,10739874.52422602,0.08306524395635628,False,61
74,0.10554083475715367,10736885.371244807,0.08303202725592038,False,61
75,0.10516545103554462,10733897.101310026,0.08300749818829244,False,61
76,0.10479208702580546,10730909.972423613,0.08297580240033256,False,61
77,0.104416483893355,10727674.889130961,0.08295085365775923,False,61
78,0.10404292170186082,10724441.23123189,0.08291430510437743,False,61
79,0.10367138372107515,10721208.88447573,0.08288068605541189,False,61
80,0.10330523915876977,10718179.668949228,0.08285033918644034,False,61
81,0.10294441771096145,10715353.456562558,0.08281941059836245,False,61
82,0.10258885299136153,10712730.26922333,0.08278303240167932,False,61
83,0.10223847504726193,10710309.831245687,0.08275001632973214,False,61
84,0.10188990444043548,10707890.276429562,0.08271982277348056,False,61
85,0.10154291846635444,11205458.736163575,0.08312958174312014,False,61
86,0.10119771427027985,11203027.898353733,0.08310556614841039,False,61
87,0.10085428188254135,11200597.900915217,0.08307683550485101,False,61
88,0.10051260884858709,11198168.723674588,0.08304879455140976,False,61
89,0.10017268489187041,11195740.475610528,0.08301702783113074,False,61
90,0.11325622883640922,11193313.267862163,0.08298146148256418,False,61
91,0.11284969298872591,11190881.864812274,0.08312489059450533,False,61
92,0.11244535623365175,11188451.145734405,0.08310150693571673,False,61
93,0.1120432086778842,11186021.425662717,0.08306735287819109,False,61
94,0.11164323286475863,11183592.617272757,0.0830361842720664,False,61
95,0.1112454133476786,11181164.731043108,0.08300465742389967,False,61
96,0.11084973773939137,11178737.934302097,0.0829674099490453,False,61
97,0.11045618779976571,11176312.074678225,0.082935371756348,False,61
98,0.11006475070364317,11173887.282738887,0.08289886972098219,False,61
99,0.1096754049867435,11171463.21332377,0.08287416803818498,False,61
100,0.10928813891066815,11169040.039662262,0.08284354398320115,False,61
0,0.1,5000000.0,0.1047,False,62
1,0.10248103403626095,5583333.333333333,0.08304736316527285,False,62
2,0.10228863388862877,5625000.0,0.08303656290603,False,62
3,0.1020578507332433,5666666.666666667,0.08295796462208928,False,62
4,0.10178412635932892,5707090.300495434,0.08286885586000214,False,62
5,0.10147649492826291,5746273.46010644,0.08278356852200754,False,62
6,0.10113974261143445,6284184.096845751,0.08346733171904126,False,62
7,0.10077770650929072,6320852.4318704065,0.08330552736686501,False,62
8,0.10041274586784935,6357529.038137439,0.08316767332726463,False,62
9,0.1000461484807683,6394213.546317061,0.08303597478408366,False,62
10,0.10509793345076894,6430905.833516586,0.08290632445239446,False,62
11,0.10470008618934175,6467598.779637587,0.08289534242775173,False,62
12,0.1043027408303308,6504299.076303021,0.08277283335388462,False,62
13,0.10390556110778985,7040963.088497361,0.08337757453879158,False,62
14,0.10350960739632643,7077634.794659663,0.0832493417394264,False,62
15,0.10311511951892,7114314.372369883,0.08311814927412711,False,62
16,0.1027222694161846,7151001.189665858,0.08299748951153436,False,62
17,0.10233119766608409,7187695.255863774,0.08287667447919604,False,62
18,0.10194200016683277,7224395.872877473,0.08276749421612677,False,62
19,0.10155412909146166,7761064.541281306,0.08329997104721971,False,62
20,0.10116017133172527,7797240.763644471,0.0831885500530649,False,62
21,0.10076839779308017,7833424.912065849,0.08306845826195992,False,62
22,0.10037883657836684,7869616.839133245,0.08295059998893829,False,62
23,0.11045029145092247,7906327.796211621,0.08285407880110614,False,62
24,0.11002197753968845,7943546.750361568,0.08294102595280113,False,62
25,0.10960553583938314,7981283.644515516,0.08284105428655947,False,62
26,0.10920078393445846,8019537.094074618,0.08274465715310061,False,62
27,0.10879783647839704,8557770.349008122,0.08323422383427918,False,62
28,0.10839713832967479,8596007.847383145,0.08313135252471086,False,62
29,0.10799868633669824,8634249.743429929,0.08302474230019699,False,62
30,0.10760244538214973,8672494.527352998,0.08295473317810984,False,62
31,0.10720839761348043,8710741.728272134,0.08289613933405544,False,62
32,0.10681653324243912,8748991.3995882,0.08283625092362648,False,62
33,0.10642684443257935,8787243.767375095,0.08277088193379732,False,62
34,0.10603893219819219,9325476.682082064,0.08324247175021227,False,62
35,0.10565316784325973,9363711.951381426,0.08318539072254931,False,62
36,0.10526952341068536,9401948.74860724,0.08314835008127601,False,62
37,0.10488798842443015,9440187.267447088,0.08310661398344993,False,62
38,0.1045085470981349,9478427.408782499,0.08306728075772124,False,62
39,0.1041311793963603,9516668.830613298,0.08303623844525565,False,62
40,0.10375587179994555,9554911.57561377,0.0830041616046971,False,62
41,0.10338261094444545,9593155.699913297,0.08297072405185456,False,62
42,0.10301138843444167,9631401.559454458,0.0829286575879686,False,62
43,0.10264217958059954,9669648.536072005,0.08290157694830934,False,62
44,0.10227445353684143,9707865.357117962,0.08287343756519318,False,62
45,0.10190413365530218,9745804.269463032,0.08283898492432139,False,62
46,0.1015358444940444,9783744.585573673,0.0828077901339065,False,62
47,0.10115746594431664,9820941.423765667,0.08277460138282805,False,62
48,0.10078423340847951,9816659.369781172,0.08274500453127742,False,62
49,0.10041570680949831,10312541.804657154,0.0831831338185957,False,62
50,0.10005221346801747,10308612.86482043,0.08315216585659493,False,62
51,0.11477528116566067,10305620.626126273,0.08311774150433703,False,62
52,0.11434938636995516,10302621.876337586,0.08329860524132483,False,62
53,0.11392588626830656,10299624.547114847,0.08325914507609866,False,62
54,0.11350475898314556,10296628.433934892,0.08322536610990293,False,62
55,0.11308599000352662,10293633.703035109,0.08318696943838713,False,62
56,0.11266955925520106,10290640.224791313,0.08315217343878083,False,62
57,0.11225544940843217,10287648.002861582,0.08311727582586527,False,62
58,0.11184364375277636,10284657.065446772,0.08308159485585132,False,62
59,0.11143412894126918,10281667.612088105,0.08304037107405224,False,62
60,0.11102688418357622,10278679.43998633,0.0830047806049341,False,62
61,0.1106218960499822,10275692.729666695,0.08296417554540324,False,62
62,0.11021914133710242,10272707.128422169,0.08293336790353836,False,62
63,0.10981860747033056,10269722.845838211,0.08289673844326108,False,62
64,0.10942027118491904,10266739.503041502,0.08287063324187978,False,62
65,0.10902412290744762,10263757.457807595,0.08283458983076403,False,62
66,0.1086301458507976,10260776.668651959,0.08279969876771301,False,62
67,0.10823832075387035,10257796.947480686,0.08277003253535235,False,62
68,0.10784863251844945,10254818.326779116,0.08273946393246727,False,62
69,0.10746077015548082,10751824.198781185,0.08317022216474923,False,62
70,0.10707501647645222,10748831.148357924,0.08314028953500488,False,62
71,0.10669135604518637,10745839.167413395,0.08311058179243817,False,62
72,0.10630977807825892,10742848.50558044,0.08307393980428862,False,62
73,0.10593026382698438,10739858.952507632,0.08304314091130964,False,62
74,0.10555279802392531,10736870.486471403,0.08301294545078218,False,62
75,0.10517736615437046,10733883.121195303,0.08298236878057769,False,62
76,0.10480395628001885,10730897.013330342,0.08294744069336456,False,62
77,0.10442830930939422,10727663.096630333,0.08292094102584711,False,62
78,0.1040547032755272,10724430.590537403,0.08288477161358136,False,62
79,0.10368311754376497,10721199.149102008,0.0828574727024823,False,62
80,0.10331692772488728,10718170.936155468,0.0828229181959962,False,62
81,0.10295605994810747,10715345.612087399,0.08279337928408201,False,62
82,0.10260044686122653,10712723.139507743,0.08276047588655026,False,62
83,0.10225002212428991,10710303.45961968,0.08272409873722703,False,62
84,0.10190119498790327,11207871.877545483,0.08313101108369537,False,62
85,0.10155416377795624,11205441.09322505,0.08310373745066628,False,62
86,0.1012089168687913,11203011.15008475,0.08307497915558955,False,62
87,0.10086544223735547,11200582.061335754,0.08304576919640554,False,62
88,0.10052372619618107,11198153.73052931,0.08301985663053649,False,62
89,0.1001837607750133,11195726.409815876,0.0829853235362249,False,62
90,0.1133057759183135,11193299.776157442,0.08296183447631052,False,62
91,0.11289898519095738,11190868.975998167,0.08310427894953497,False,62
92,0.11249440440234681,11188439.335037313,0.08306464823433435,False,62
93,0.11209201274533273,11186010.60066425,0.08303365377997975,False,62
94,0.11169179522577559,11183582.815559236,0.08300120017147902,False,62
95,0.1112937331403923,11181155.817867396,0.08297428006285008,False,62
96,0.11089780951393373,11178729.527371164,0.08295010243531746,False,62
97,0.11050401635281634,11176304.338907355,0.08291242611310759,False,62
98,0.11011233388107244,11173880.009671165,0.08288305080995782,False,62
99,0.10972275036759997,11171456.722593669,0.08284742145276751,False,62
100,0.10933524956994753,11169034.409975229,0.08281410661336988,False,62
0,0.1,5000000.0,0.1047,False,63
1,0.10248235361755059,5583333.333333333,0.08304582602791769,False,63
2,0.10228994975736957,5625000.0,0.08303570448482671,False,63
3,0.10205916215339933,5666666.666666667,0.08295814852054405,False,63
4,0.1017854306732935,5707090.188557308,0.08287631840169195,False,63
5,0.10147779154767411,5746273.238638523,0.08278721951507738,False,63
6,0.10114103325635722,6284183.904377516,0.08346668728161423,False,63
7,0.10077896102529225,6320850.432216084,0.08333564713501636,False,63
8,0.10041397071712588,6357525.616268503,0.08319137690414363,False,63
9,0.10004734284807557,6394208.63671288,0.0830607703715005,False,63
10,0.10507247463788606,6430899.361239232,0.08293236900523834,False,63
11,0.1046747512481166,6467591.110580198,0.08291528876168808,False,63
12,0.10427755305690678,6504291.5930550555,0.08276973653016086,False,63
13,0.10388053620516595,7040956.741357942,0.08335863939633442,False,63
14,0.10348475332876134,7077630.112866105,0.08322158597507563,False,63
15,0.1030904193244018,7114310.408472215,0.08310618434260761,False,63
16,0.10269773236827948,7150998.561334785,0.08297523006828955,False,63
17,0.10230681013924584,7187693.208919006,0.08286698470742605,False,63
18,0.10191776589317621,7224394.6979732765,0.08275296020663107,False,63
19,0.10153004990073089,7761064.405474044,0.08328265276497443,False,63
20,0.10113625358629409,7797241.953888084,0.08316845837314031,False,63
21,0.10074462209361548,7833426.307586631,0.08306534800182606,False,63
22,0.10035519523698339,7869618.029011389,0.08295371578649614,False,63
23,0.11043854485440244,7906329.709030376,0.0828419920197296,False,63
24,0.11001030349844,7943548.898299441,0.08293664144713168,False,63
25,0.10959393456121601,7981286.1517201755,0.08283348081014587,False,63
26,0.10918926150292453,8019540.406895687,0.0827251270583096,False,63
27,0.10878640540361116,8557775.188968938,0.08319720226464696,False,63
28,0.10838580362344104,8596014.535713002,0.08308654357817984,False,63
29,0.10798744372724514,8634258.088445453,0.08298458022338297,False,63
30,0.10759128959606946,8672504.277365277,0.08292067265076469,False,63
31,0.1071973287065043,8710752.927579125,0.08286100491683779,False,63
32,0.10680555704721557,8749004.420532413,0.08279209002131571,False,63
33,0.1064159486574039,8787257.95443805,0.08274261238859629,False,63
34,0.10602811296211022,9325491.847446637,0.08321875534731897,False,63
35,0.10564242870431953,9363728.336133333,0.08315582981745201,False,63
36,0.10525886533509353,9401966.447070226,0.08311650253993844,False,63
37,0.10487740255798994,9440205.802709144,0.08308632794542037,False,63
38,0.10449803160766215,9478446.707240539,0.08304877903691267,False,63
39,0.10412073785933001,9516689.135937605,0.08301182956604045,False,63
40,0.10374550304770465,9554932.853941925,0.08298057363262273,False,63
41,0.10337231712022318,9593178.113793794,0.08294319551023302,False,63
42,0.10300116044743296,9631424.600959387,0.08291344245028429,False,63
43,0.10263202121030642,9669672.463599944,0.0828800976026184,False,63
44,0.10226436524325176,9707890.227368025,0.08285079115383895,False,63
45,0.10189412053152129,9745830.385367818,0.08281130370827638,False,63
46,0.10152590932416887,9783772.155486042,0.08277547885428481,False,63
47,0.10114760641533203,9820970.236571044,0.08275158484560438,False,63
48,0.10077445100647431,9816689.58422645,0.0827179197023107,False,63
49,0.10040599320296434,10312572.966613075,0.08316399218939502,False,63
50,0.10004256946749353,10308645.0871372,0.08312972435711612,False,63
51,0.11480275632758437,10305653.707447119,0.08309388028005663,False,63
52,0.11437672691348151,10302655.885094179,0.08327284313717263,False,63
53,0.11395308794036056,10299659.21602257,0.08324080754467024,False,63
54,0.11353182696860191,10296663.980284326,0.08320099272898246,False,63
55,0.11311292355301958,10293670.039265443,0.08316502830234299,False,63
56,0.11269636461990351,10290677.628773691,0.08312251365977934,False,63
57,0.11228212589711234,10287686.392150542,0.08308990619855766,False,63
58,0.1118701909290395,10284696.370112326,0.08305616772816304,False,63
59,0.1114605419648992,10281707.52704489,0.08302341853982209,False,63
60,0.11105316161419167,10278719.83751443,0.08299137584608157,False,63
61,0.11064803140560739,10275733.209090188,0.08296190067335016,False,63
62,0.11024513640679967,10272747.730494129,0.08292996100162513,False,63
63,0.10984445616956036,10269763.184157232,0.08290406491382986,False,63
64,0.10944598261152512,10266780.015833715,0.0828657867643209,False,63
65,0.10904969567042988,10263798.014132846,0.08283338057969358,False,63
66,0.10865558036731485,10260817.235910838,0.08279939505577343,False,63
67,0.10826361417655411,10257837.311645774,0.0827756740295404,False,63
68,0.10787378503317491,10254858.440364946,0.0827464244674784,False,63
69,0.10748579182250903,10751864.574734053,0.08316293419149949,False,63
70,0.10709990507554319,10748871.608762603,0.08313794365138089,False,63
71,0.10671611634082342,10745879.928699147,0.08310222398492961,False,63
72,0.1063344083375715,10742889.41702194,0.08306976881132704,False,63
73,0.10595476057955426,10739899.761718702,0.08304598064547614,False,63
74,0.10557716296601287,10736911.23573029,0.08301461078920996,False,63
75,0.1052016020955033,10733923.918567777,0.08298103229205252,False,63
76,0.1048280689394758,10730938.138830127,0.0829383260457788,False,63
77,0.10445230341229539,10727704.86270518,0.08290451602426856,False,63
78,0.10407857104355896,10724472.490259634,0.08288134475760627,False,63
79,0.10370685805082905,10721241.074199043,0.08285682206639204,False,63
80,0.10334054048536546,10718212.734089822,0.08282639614965213,False,63
81,0.10297954790361714,10715387.335358795,0.08279556720956785,False,63
82,0.10262381263366765,10712764.824149245,0.08276169497586183,False,63
83,0.1022732641060944,10710344.888073467,0.08273285729159147,False,63
84,0.10192431725420151,11207913.24963653,0.08313293801484378,False,63
85,0.10157717015613343,11205482.592756266,0.08309938052190811,False,63
86,0.10123181224594238,11203053.029258523,0.08306199992280304,False,63
87,0.10088823122343311,11200624.559506183,0.08302460691754501,False,63
88,0.10054641487424434,11198197.182633663,0.08298724350497295,False,63
89,0.10020634618861786,11195770.59184782,0.08296036874679934,False,63
90,0.11339640881855212,11193344.96127001,0.0829275411217656,False,63
91,0.11298914787061404,11190915.063185662,0.08307343878110768,False,63
92,0.11258409696551878,11188486.155002287,0.08303959601281563,False,63
93,0.11218123762608141,11186058.106055664,0.08301022039734443,False,63
94,0.11178055242155142,11183630.830657858,0.0829837742839544,False,63
95,0.1113820306200268,11181204.590598466,0.08294837809886525,False,63
96,0.11098565206585892,11178779.14096673,0.08292135493113129,False,63
97,0.11059140086535614,11176354.453571968,0.08289529554744272,False,63
98,0.110199261772032,11173930.52720825,0.08286927739202926,False,63
99,0.10980922114792348,11171507.440789018,0.08284056134129869,False,63
100,0.10942126579589631,11169085.29166581,0.08280851703272217,False,63
0,0.1,5000000.0,0.1047,False,64
1,0.10250075105280354,5583333.333333333,0.08302444681411805,False,64
2,0.10230829543025442,5625000.0,0.08301832423622423,False,64
3,0.10207744580171628,5666666.666666667,0.08293108174348054,False,64
4,0.10180364859370915,5707090.660658524,0.0828448449873088,False,64
5,0.10149593330890815,5746274.098522887,0.08277429341012711,False,64
6,0.10115909178151232,6284185.192113499,0.08345717946786307,False,64
7,0.10079694602958258,6320853.1623577615,0.08331160704008003,False,64
8,0.10043187829796366,6357529.599457735,0.08317049277823711,False,64
9,0.10006518774522229,6394214.824723575,0.0830240233471036,False,64
10,0.10513072593708628,6430907.803922067,0.08289479113625042,False,64
11,0.1047326853707481,6467600.320417411,0.08290250285539143,False,64
12,0.10433515096564502,6504300.398228046,0.08277648093386478,False,64
13,0.10393780608959884,7040965.575149336,0.08335816242294036,False,64
14,0.10354167533727317,7077637.698356522,0.08324239099133879,False,64
15,0.10314700825357752,7114317.506892528,0.08311430217767721,False,64
16,0.10275396403150758,7151003.5948197,0.08300964565824814,False,64
17,0.10236270435810345,7187697.22713204,0.08288390590546471,False,64
18,0.10197332713456837,7224397.830236768,0.08276772603229728,False,64
19,0.1015852703531521,7761066.060621559,0.08330727136459129,False,64
20,0.10119112314916168,7797241.7608110905,0.0831964617747847,False,64
21,0.10079914110380574,7833424.11814659,0.08309559592676219,False,64
22,0.10040935932550248,7869613.398486308,0.08299070192347535,False,64
23,0.10002999480190174,7906322.507261374,0.08288498042383874,False,64
24,0.11056653612736489,7943549.8694161745,0.08278423332154199,False,64
25,0.1101469752709065,7981285.255043981,0.08287285457411926,False,64
26,0.10973920161668257,8019537.450675242,0.08277505540378467,False,64
27,0.10933325487541978,8557769.632388484,0.08326024129510934,False,64
28,0.10892958347465646,8596006.260846911,0.08315244141190485,False,64
29,0.10852817599799874,8634247.04198696,0.08305177034220378,False,64
30,0.10812899354766843,8672490.270471413,0.08299244078094097,False,64
31,0.10773202485152533,8710735.848502003,0.08293548208670753,False,64
32,0.10733726369401343,8748984.038191529,0.08287216914281795,False,64
33,0.10694468866517809,8787234.307456523,0.08282175519205943,False,64
34,0.10655429192935627,8825486.931485124,0.08276467001370447,False,64
35,0.1061656774151136,9363720.0067171,0.08323858023487679,False,64
36,0.10577919624609586,9401954.175010987,0.08321208176436518,False,64
37,0.10539484762073502,9440190.191730572,0.08316727144441402,False,64
38,0.10501261351255868,9478427.840824818,0.08312769872532935,False,64
39,0.10463247817615305,9516667.04450432,0.08309001181001414,False,64
40,0.10425442487684107,9554907.671120586,0.0830555163733752,False,64
41,0.103878440328123,9593149.793261522,0.08301926122978479,False,64
42,0.10350451216261515,9631393.540688526,0.08297986035548448,False,64
43,0.10313262381814205,9669638.79434175,0.08294334578041551,False,64
44,0.10276223873944795,9707854.177605184,0.08290797649626747,False,64
45,0.10238924359429738,9745791.48867112,0.08287456890512908,False,64
46,0.10201829810125387,9783730.162763653,0.08284427942517497,False,64
47,0.10163718450725213,9820924.627674842,0.08281855102734939,False,64
48,0.10126126613237026,9816640.63967761,0.08278237675809884,False,64
49,0.10089046730448199,9812544.306791453,0.08275419972040601,False,64
50,0.10052472665481561,9808635.866982369,0.08271830283775933,False,64
51,0.10017561295502556,10305641.806971658,0.08316833363079754,False,64
52,0.11487095629216905,10302649.103952063,0.08313063943315166,False,64
53,0.11444452344942325,10299649.938131567,0.0833101616804615,False,64
54,0.1140204788054545,10296651.648727315,0.08328581678480977,False,64
55,0.11359881679302848,10293654.868349677,0.08324389937885096,False,64
56,0.11317950766007272,10290658.97770783,0.08321918449578364,False,64
57,0.11276253857545704,10287664.220185576,0.0831877089515256,False,64
58,0.11234789245341918,10284670.61254353,0.08315576783460095,False,64
59,0.11193555127331205,10281678.114122808,0.08312495613121587,False,64
60,0.11152549960945259,10278686.81297739,0.08309169848384777,False,64
61,0.11111771830323575,10275696.591209346,0.08306171577898588,False,64
62,0.11071219656457483,10272707.769839093,0.08302281584035172,False,64
63,0.11030891573264963,10269720.243253179,0.0829868496087791,False,64
64,0.10990785576091423,10266733.819890166,0.08295620452813232,False,64
65,0.10950899868371448,10263748.40943833,0.08292806810653906,False,64
66,0.10911233390369375,10260764.31625633,0.08289147727784169,False,64
67,0.10871784264485233,10257781.391418673,0.0828590232682267,False,64
68,0.10832550890785717,10254799.628821708,0.0828267388046351,False,64
69,0.10793531742391643,10251819.054943051,0.08279371885161932,False,64
70,0.1075472518048249,10248839.62594439,0.08276191662943642,False,64
71,0.1071612948931871,10245861.245613763,0.08273278696192511,False,64
72,0.10677714405040872,10742867.605367394,0.08315667351028046,False,64
73,0.10639508223201655,10739875.451290585,0.08311539102249918,False,64
74,0.10601508317250324,10736884.14667454,0.08309179489006431,False,64
75,0.10563713642144673,10733893.945349097,0.08306114792894727,False,64
76,0.10526122947291329,10730904.979661852,0.08302682464571465,False,64
77,0.10488307398755387,10727668.10486756,0.08299678959724299,False,64
78,0.10450697828867442,10724432.673101502,0.08295978887328652,False,64
79,0.10413292682770048,10721198.65071569,0.08292365091820916,False,64
80,0.1037643141967971,10718168.035992589,0.08288860781134956,False,64
81,0.1034010660529169,10715340.50395471,0.08285808169604238,False,64
82,0.10304311504558944,10712716.0575645,0.08282276576601683,False,64
83,0.10269038995970138,10710294.38491681,0.08279222727152392,False,64
84,0.1023394887143937,10707873.615010774,0.08276136430886613,False,64
85,0.10199040170420506,10705453.9286989,0.08272431835464604,False,64
86,0.10164290151515558,11203022.193457993,0.08313624755239657,False,64
87,0.10129718820493977,11200591.257975044,0.0831089054000274,False,64
88,0.10095325437871581,11198161.422279567,0.08307130582832656,False,64
89,0.1006110842913881,11195732.467852527,0.08304117699273825,False,64
90,0.10027066525291818,11193304.35572061,0.08301238057838078,False,64
91,0.11332554986512038,11190876.918654662,0.08298930139997265,False,64
92,0.11291863620426522,11188445.14386711,0.08313759957441327,False,64
93,0.11251393033726696,11186014.366091255,0.08310351370451086,False,64
94,0.11211141681652771,11183584.613396749,0.0830684681882613,False,64
95,0.11171107950837045,11181155.870402655,0.08303394851604928,False,64
96,0.11131290227027597,11178728.11329936,0.08300024284769571,False,64
97,0.11091686847079592,11176301.28397133,0.08296852403522154,False,64
98,0.11052296153424523,11173875.318530586,0.08293898942711621,False,64
99,0.11013116474241674,11171450.136521162,0.08291220545044538,False,64
100,0.10974146370431266,11169025.775132582,0.08288415003693389,False,64
0,0.1,5000000.0,0.1047,False,65
1,0.1024879966275255,5583333.333333333,0.08303925824070027,False,65
2,0.1022955768908653,5625000.0,0.08302970613535128,False,65
3,0.1020647702628062,5666666.666666667,0.08295872127324205,False,65
4,0.10179101668953426,5707090.215557019,0.08287451842091591,False,65
5,0.10148334530516516,5746272.839175537,0.08280143493831946,False,65
6,0.10114654658393396,6284182.715998088,0.08348421875815024,False,65
7,0.10078443794383804,6320848.820390486,0.08334270457114167,False,65
8,0.10041940679134143,6357523.311960057,0.08320291828493188,False,65
9,0.10005274692839718,6394206.190806048,0.08306313034460441,False,65
10,0.10506640469045275,6430896.21226805,0.08294408674441592,False,65
11,0.10466868424686523,6467586.121995145,0.08294594899285218,False,65
12,0.10427147600245246,6504283.986042349,0.08281337699107261,False,65
13,0.10387443205578621,7040945.482981752,0.08341949545439388,False,65
14,0.10347861738636918,7077614.892095494,0.08328762588208163,False,65
15,0.10308426820315278,7114292.185069334,0.08315622821380167,False,65
16,0.1026915618117136,7150977.057555397,0.08302990301006909,False,65
17,0.10230063129645797,7187669.075196162,0.0829108170983624,False,65
18,0.1019115737872688,7224367.615653949,0.08280210348134884,False,65
19,0.1015238379672251,7761033.950443856,0.08333886461264954,False,65
20,0.10113001539273948,7797207.660922621,0.08322660890760414,False,65
21,0.10073836883647501,7833388.841667905,0.0831134230512647,False,65
22,0.10034891070578887,7869576.360664092,0.08301738894667544,False,65
23,0.1103295211428379,7906283.395184659,0.08291965970490867,False,65
24,0.1099018463244333,7943498.969471665,0.08300405370000388,False,65
25,0.10948603983077163,7981233.366470376,0.08289369524017687,False,65
26,0.10908191246508912,8019484.823155302,0.0827929692543306,False,65
27,0.10867959315776592,8557716.49234786,0.08327266603898502,False,65
28,0.10827951933719689,8595952.445680143,0.08316880810629747,False,65
29,0.10788169272860948,8634193.109445574,0.08305461578750938,False,65
30,0.107486069260296,8672436.471950728,0.08298919179424356,False,65
31,0.10709264048045566,8710682.587775476,0.08292244465255354,False,65
32,0.10670138531575278,8748930.87314312,0.08286984967331894,False,65
33,0.10631230285250451,8787181.94298692,0.08280234722096315,False,65
34,0.10592537391085138,8825435.423227997,0.08274391334765459,False,65
35,0.10554020624031404,9363669.424642976,0.0832161273136173,False,65
36,0.10515715421965546,9401904.954306673,0.08317907885984663,False,65
37,0.10477620678179116,9440142.169624617,0.0831382145144512,False,65
38,0.1043973467841458,9478380.889004951,0.08310175239592608,False,65
39,0.1040205659132072,9516621.457592769,0.08305692312363676,False,65
40,0.10364584750566319,9554863.7387212,0.08301540698754088,False,65
41,0.10327316991784427,9593107.298841255,0.08298440112994254,False,65
42,0.10290252632870878,9631352.585017437,0.08294255734508649,False,65
43,0.10253389673799469,9669599.258477286,0.08290892622589553,False,65
44,0.10216674726962302,9707815.815582395,0.08287977804757417,False,65
45,0.10179700662736096,9745754.437881524,0.08284543038969563,False,65
46,0.10142929908843357,9783694.867471438,0.08280526837224342,False,65
47,0.10105151394725437,9820891.635240126,0.08277590551813714,False,65
48,0.10067886491062347,9816609.464388717,0.08274726282915547,False,65
49,0.10031128477266968,9812514.926674213,0.08271793362635232,False,65
50,0.11503825978359045,10308585.414473685,0.08316427937628193,False,65
51,0.11461086089943937,10305584.641651098,0.08335480062736851,False,65
52,0.11418586481076609,10302585.12354753,0.08331994732128782,False,65
53,0.11376326209216185,10299587.301069748,0.08327284660502585,False,65
54,0.11334302452672192,10296590.641682632,0.08324053853092084,False,65
55,0.11292513485142322,10293595.164275609,0.08320770575068073,False,65
56,0.11250957312277107,10290600.739276474,0.08317847219818521,False,65
57,0.11209632581309525,10287607.564474773,0.08314374449176264,False,65
58,0.11168537299619663,10284615.49431773,0.083113059917796,False,65
59,0.11127669792913092,10281624.541542217,0.08308202154208254,False,65
60,0.11087028842732954,10278634.955404375,0.08304405938450389,False,65
61,0.1104661213839815,10275646.393306388,0.08301561383293171,False,65
62,0.11006418048503452,10272658.865205042,0.0829868917040756,False,65
63,0.10966445434123483,10269672.64161983,0.08295065514482493,False,65
64,0.10926692717220265,10266687.750082228,0.0829136538222675,False,65
65,0.10887157945325182,10263704.004132109,0.08288183194783993,False,65
66,0.10847839378279035,10260721.322754115,0.0828522604998411,False,65
67,0.10808735399106281,10257739.683733437,0.0828233061299409,False,65
68,0.10769845053979683,10254759.427891256,0.08278488450500195,False,65
69,0.107311665054437,10251780.397697946,0.08275083870309127,False,65
70,0.10692698084384727,10248802.519538213,0.08271883777033584,False,65
71,0.10654409221645966,10745809.254455743,0.08314625229080748,False,65
72,0.10616327896118063,10742817.216361552,0.08311216928308139,False,65
73,0.10578452293288332,10739826.224897983,0.08308309621031594,False,65
74,0.10540781016824803,10736836.329969896,0.0830526368912772,False,65
75,0.10503313079544603,10733847.812813424,0.08301436545757246,False,65
76,0.10466046805124642,10730860.549907045,0.0829795251771426,False,65
77,0.10428556849656526,10727625.29319418,0.08295530032992211,False,65
78,0.10391270480970481,10724391.461387979,0.08291876426157972,False,65
79,0.10354185714925565,10721158.752383506,0.08288997447365422,False,65
80,0.10317638725125484,10718128.912110522,0.08286742626966499,False,65
81,0.10281622962115085,10715302.08635348,0.08283738482177143,False,65
82,0.10246131565906932,10712678.153214637,0.08280656848420287,False,65
83,0.10211157841951515,10710257.006769495,0.08277423744070808,False,65
84,0.10176364499353104,10707836.794043254,0.08274231542703392,False,65
85,0.10141750152203892,10705417.426269189,0.08271342817320917,False,65
86,0.10107292563236021,11202985.955957064,0.08312719015810908,False,65
87,0.10073011876607499,11200555.416853655,0.08309535396270373,False,65
88,0.10038906593219539,11198125.629973786,0.08306963691861502,False,65
89,0.10004975272843662,11195696.443038343,0.08304912599810953,False,65
90,0.11303501917477059,11193268.079042234,0.08302099131997218,False,65
91,0.11262965044449522,11190835.533880943,0.08316393713806985,False,65
92,0.11222647808991483,11188403.967575317,0.08313047198724285,False,65
93,0.11182548535151676,11185973.333255291,0.08309860923171264,False,65
94,0.11142665824684517,11183543.723283617,0.08306358877513748,False,65
95,0.11102997597521201,11181114.859427368,0.08303808055556092,False,65
96,0.11063542292359428,11178686.729134385,0.08301300146952309,False,65
97,0.11024298994794045,11176259.662153585,0.0829766489162245,False,65
98,0.10985266020499797,11173833.569056783,0.0829433537368447,False,65
99,0.10946441242081247,11171408.108768648,0.08292171925248272,False,65
100,0.109078238279956,11168983.637998343,0.08288788958312784,False,65
0,0.1,5000000.0,0.1047,False,66
1,0.10247638820797692,5583333.333333333,0.08305277887535362,False,66
2,0.10228400113086508,5625000.0,0.08303507441689802,False,66
3,0.10205323363731302,5666666.666666667,0.08294158590803682,False,66
4,0.10177953219319023,5707090.5673056515,0.08285106851220307,False,66
5,0.10147192544868235,5746273.964819606,0.08277563842374637,False,66
6,0.10113520675404793,6284185.272815962,0.08345241489580775,False,66
7,0.10077318760595126,6320853.15204429,0.08331312397233215,False,66
8,0.10040823092261109,6357528.479523084,0.08318898646455863,False,66
9,0.10004164148931997,6394211.940720328,0.08305342449038411,False,66
10,0.10508206431242095,6430903.591172328,0.08291693691110068,False,66
11,0.10468429890418837,6467596.06256829,0.08290325451175547,False,66
12,0.10428704505773596,6504296.463530501,0.08277109507425709,False,66
13,0.10388996428301224,7040961.033060933,0.08336828560391071,False,66
14,0.10349410910493789,7077633.304862672,0.0832399144154691,False,66
15,0.10309970749712549,7114312.751178183,0.08312033918594905,False,66
16,0.10270694691575771,7150999.663323238,0.08299590869353453,False,66
17,0.10231595313724998,7187693.161017594,0.08288614953852319,False,66
18,0.10192684103193107,7224393.690075015,0.08276896015411274,False,66
19,0.10153906208139239,7761062.709509162,0.08329412054198783,False,66
20,0.1011452121375257,7797240.17959327,0.08316964519029028,False,66
21,0.10075353961517562,7833425.20990564,0.08305509627721633,False,66
22,0.10036408157818967,7869618.204620504,0.08293442351216244,False,66
23,0.11046954613537077,7906330.816975768,0.08282640437037131,False,66
24,0.1100411492445964,7943551.336848218,0.08291182833036816,False,66
25,0.10962462886484954,7981289.868670496,0.08280653163398272,False,66
26,0.10921935732023284,8519520.609765276,0.08329516537906266,False,66
27,0.10881633933967809,8557755.63737831,0.08319124978500225,False,66
28,0.108415574382828,8595995.092004266,0.08308392825962378,False,66
29,0.10801705295654335,8634238.777252333,0.08298136772358862,False,66
30,0.10762073532915589,8672484.922214996,0.08292173827889215,False,66
31,0.10722661677092776,8710733.789052494,0.08285575343436638,False,66
32,0.10683468660163895,8748985.385763066,0.08278957469317084,False,66
33,0.10644492037757368,8787238.996011212,0.08274076166107223,False,66
34,0.1060569275331004,9325472.947387654,0.08321734036905513,False,66
35,0.1056710812188672,9363709.145161936,0.08316288223959686,False,66
36,0.10528735599250845,9401946.90706298,0.08312496401511595,False,66
37,0.10490573980534136,9440186.335931167,0.08308455269035452,False,66
38,0.10452621824697783,9478427.412636546,0.08304460512205476,False,66
39,0.10414877211901188,9516669.845238872,0.08301173489307603,False,66
40,0.10377338740515142,9554913.648439612,0.08297850826483426,False,66
41,0.10340004420925476,9593158.490431402,0.08295332545159641,False,66
42,0.10302873155642041,9631404.567346672,0.08292338791262856,False,66
43,0.1026594411497252,9669652.240043448,0.08288470230031567,False,66
44,0.10229164234675116,9707870.264160788,0.08284453694990707,False,66
45,0.10192125217187574,9745810.572287105,0.08280796756329567,False,66
46,0.10155290119053456,9783752.776231075,0.08276583828214884,False,66
47,0.10117446417109861,9820951.875042131,0.08273273806683683,False,66
48,0.10080077655411292,10316647.479439823,0.08317672661465578,False,66
49,0.10043218921192648,10312531.772414943,0.0831455964622046,False,66
50,0.10006863968326939,10308604.90833968,0.08310823439711874,False,66
51,0.11486793444398258,10305614.240747033,0.0830740997957458,False,66
52,0.11444155052442578,10302616.819145953,0.08326171114108052,False,66
53,0.1140175667784108,10299620.91692073,0.08321950625617787,False,66
54,0.11359595891094088,10296626.208110487,0.08318635584006741,False,66
55,0.1131767056227536,10293632.50699964,0.08315836419019726,False,66
56,0.11275978943578122,10290639.815310547,0.08313032469698768,False,66
57,0.1123451950407392,10287648.240595922,0.08309929762849633,False,66
58,0.11193290781720368,10284657.920941472,0.08306443484581312,False,66
59,0.11152290987802434,10281668.815493194,0.08303070689662626,False,66
60,0.11111518450058615,10278680.936424617,0.08299664079383855,False,66
61,0.11070971197680743,10275694.12738573,0.08296691774685604,False,66
62,0.1103064791056963,10272708.572020445,0.08293209348015237,False,66
63,0.10990547187201476,10269724.405523619,0.08289351380076301,False,66
64,0.10950667169897225,10266741.508546388,0.0828582493675217,False,66
65,0.10911005674346241,10263759.571434915,0.08283158642977716,False,66
66,0.10871561464770768,10260778.793604521,0.08279938417758216,False,66
67,0.10832333500959691,10257799.479371645,0.08275872869103329,False,66
68,0.1079331975254301,10254821.37864207,0.08272502026599468,False,66
69,0.10754489191423822,10751827.946373222,0.08315089635693075,False,66
70,0.10715870359132076,10748835.899086585,0.08311242462873256,False,66
71,0.1067746133876735,10745845.02342487,0.0830798794921511,False,66
72,0.10639260716938798,10742855.380758116,0.08304562963208897,False,66
73,0.10601266823287846,10739866.878464032,0.08301395261348457,False,66
74,0.10563478280534934,10736879.583106522,0.08298042659746084,False,66
75,0.10525893818747543,10733893.617123978,0.0829434995150803,False,66
76,0.10488511673688367,10730908.809633732,0.08291131917351281,False,66
77,0.10450906561571466,10727676.749280771,0.08287334238363371,False,66
78,0.10413505733208206,10724446.046253491,0.08283853916099303,False,66
79,0.10376307348308342,10721216.487830315,0.08280919033785977,False,66
80,0.1033964861280044,10718189.79587401,0.0827813184630098,False,66
81,0.1030352261016304,10715365.913307194,0.08275113748918932,False,66
82,0.10267922261364609,10712744.600699466,0.08272386927740678,False,66
83,0.10232819808773588,11210313.021727247,0.08313090503311474,False,66
84,0.10197899022008884,11207882.585303577,0.08309184354425139,False,66
85,0.10163158341005527,11205453.104832,0.0830591614214685,False,66
86,0.10128596771694205,11203024.73095397,0.08302132916332138,False,66
87,0.10094212991492081,11200597.407965355,0.08298540132019909,False,66
88,0.1006000544972252,11198170.93088643,0.08295648133071365,False,66
89,0.10025973409128144,11195745.591442347,0.08291758783193333,False,66
90,0.11353227980191868,11193321.076763296,0.08288939073667945,False,66
91,0.11312431121027158,11190892.40220297,0.08303160890006682,False,66
92,0.11271856165284806,11188464.925306253,0.08299066313559515,False,66
93,0.11231500933458705,11186038.346791057,0.08295994923743291,False,66
94,0.11191363742313931,11183612.61572966,0.08293097645802644,False,66
95,0.11151442975111468,11181187.707851639,0.08290283343655219,False,66
96,0.11111736971096106,11178763.567270614,0.08287660106071029,False,66
97,0.1107224437518189,11176340.293708099,0.08284695940222081,False,66
98,0.11032963400257889,11173917.748075955,0.08282207289378464,False,66
99,0.10993892844009868,11171496.098611651,0.08279143467712155,False,66
100,0.10955031255407059,11169075.3739158,0.08275981866154168,False,66
0,0.1,5000000.0,0.1047,False,67
1,0.10248279318631986,5583333.333333333,0.08304531409827151,False,67
2,0.10229038808943784,5625000.0,0.08300839417822019,False,67
3,0.10205959900358294,5666666.666666667,0.0829332998910139,False,67
4,0.10178587287542777,5707090.621791626,0.08284743611387697,False,67
5,0.10147824446273727,5746274.450463058,0.08276126650784404,False,67
6,0.10114151071423186,6284186.765106821,0.08343004495342381,False,67
7,0.10077948468337722,6320856.309827382,0.08328536576844851,False,67
8,0.10041453419293528,6357534.147651096,0.08314714738254711,False,67
9,0.10004794711044356,6394219.912155439,0.0830150360387182,False,67
10,0.10511385136072841,6430913.009735416,0.0828928181115028,False,67
11,0.10471591849850051,6467606.228035823,0.08289080610432056,False,67
12,0.10431848903719819,6504306.871303801,0.08276705664481791,False,67
13,0.10392124355471918,7040972.305603352,0.08335387278525457,False,67
14,0.10352522535833686,7077645.499367889,0.08322454836883664,False,67
15,0.10313067099200761,7114326.43202643,0.08309556680209834,False,67
16,0.10273774295894506,7151013.899618659,0.08298665124063444,False,67
17,0.10234658765561451,7187708.249154371,0.08287195218257946,False,67
18,0.10195731095574442,7224409.381541803,0.0827589046539098,False,67
19,0.10156935818232352,7761078.390058733,0.08329430249560614,False,67
20,0.10117532554868736,7797255.450040758,0.08317585885821256,False,67
21,0.10078348274475862,7833440.751969086,0.08305098088390657,False,67
22,0.10039385302911322,7869633.852137215,0.08293282573540742,False,67
23,0.10001462900134778,7906346.262565008,0.08282978037824897,False,67
24,0.11063124448681538,7943576.922262219,0.08272274068917447,False,67
25,0.11021136755391936,7981315.109687312,0.08281379165375294,False,67
26,0.10980283992587286,8519545.712507222,0.08329851749711854,False,67
27,0.1093965976157359,8557781.018994486,0.08318448919763677,False,67
28,0.10899262847301751,8596020.543001862,0.08308224628577834,False,67
29,0.1085909265911859,8634264.2921809,0.08297981788192156,False,67
30,0.1081914489800902,8672510.336778112,0.08292417138064888,False,67
31,0.10779418616620848,8710758.677797085,0.08286850055015199,False,67
32,0.10739913406973804,8749009.697089892,0.08280357269960474,False,67
33,0.10700627888341471,8787263.294921359,0.08274106267150005,False,67
34,0.10661521460749358,9325497.110843396,0.08322062411219361,False,67
35,0.10622632448087874,9363733.460502276,0.08315920018873874,False,67
36,0.10583957395925686,9401971.159317475,0.08312649336888873,False,67
37,0.10545495162962819,9440210.353528803,0.08309024134148604,False,67
38,0.1050724452329428,9478451.15753582,0.08305121599146474,False,67
39,0.10469203873814464,9516693.477397414,0.08301446800169864,False,67
40,0.10431371705622482,9554937.278508967,0.08297855891181061,False,67
41,0.10393746085748783,9593182.278147094,0.08294950372213815,False,67
42,0.10356325966012149,9631428.714002086,0.0829146863436179,False,67
43,0.10319110881515675,9669677.176492322,0.08286555579223966,False,67
44,0.10282046425176518,9707895.87368351,0.08282836812678851,False,67
45,0.1024472108366467,9745836.707611771,0.08279628307566353,False,67
46,0.1020760081671856,9783778.869126072,0.08276678116369192,False,67
47,0.10169465158307142,9820978.217031138,0.08272812521480398,False,67
48,0.10131808795422421,10316674.163897496,0.08317010886262681,False,67
49,0.1009466670452485,10312558.671257002,0.08314126546451417,False,67
50,0.10058033195433173,10308632.2789882,0.08309824907519495,False,67
51,0.10023099182013352,10305642.142088795,0.08305935831679849,False,67
52,0.11511012626361984,10302653.124771947,0.08302825880138322,False,67
53,0.11468243213468071,10299657.493746491,0.0832119729293499,False,67
54,0.11425714101941563,10296663.030052401,0.0831795470580279,False,67
55,0.11383423506462428,10293669.740091102,0.083146943369365,False,67
56,0.11341370294709309,10290677.960613092,0.08310498550034622,False,67
57,0.11299551872816246,10287687.265545396,0.08307486299159758,False,67
58,0.11257966909279277,10284697.872642964,0.08303869173420576,False,67
59,0.11216613535428994,10281709.71296655,0.08300443545589271,False,67
60,0.11175490343649228,10278722.952014294,0.08296558200713346,False,67
61,0.11134595127811737,10275737.324980902,0.08293408426087015,False,67
62,0.11093926433884017,10272752.955872947,0.08289914188762668,False,67
63,0.11053482427248035,10269769.758040482,0.08286660645738339,False,67
64,0.11013261711065088,10266787.871811429,0.08283017302925912,False,67
65,0.10973262204586744,10263807.059765384,0.0828003346123801,False,67
66,0.10933482217945228,10260827.285141392,0.08277151733311502,False,67
67,0.10893920420983284,10257848.700322751,0.08273846718445116,False,67
68,0.10854544937444242,10754854.53868338,0.08317115664923729,False,67
69,0.10815384911220605,10751861.633113293,0.0831362658356866,False,67
70,0.10776438813703729,10748870.008589095,0.08310068122771798,False,67
71,0.10737705410077446,10745879.847911144,0.08306001883196507,False,67
72,0.1069918277729986,10742890.940382594,0.083025209126423,False,67
73,0.1066086846360357,10739902.76194113,0.0830049567073634,False,67
74,0.10622762199070175,10736916.017224194,0.08296513102597664,False,67
75,0.10584862242729165,10733930.572351467,0.08292902424238924,False,67
76,0.105471664814061,10730946.067496067,0.08290291265002096,False,67
77,0.10509245820090336,10727713.948931277,0.08287483499458663,False,67
78,0.10471531116902384,10724482.833777599,0.08284910650456344,False,67
79,0.10434021147525721,10721252.87938144,0.08281934349124344,False,67
80,0.10397056403804615,10718226.093373038,0.08278389082811936,False,67
81,0.1036062912334005,10715401.96914519,0.08275821913100324,False,67
82,0.10324732720334301,10712780.607926797,0.08272540334177535,False,67
83,0.10289338729296599,11210348.902989924,0.08313521151698713,False,67
84,0.10254127899082734,11207918.031373387,0.08310672193288382,False,67
85,0.1021909893622198,11205487.975335695,0.0830788388954424,False,67
86,0.10184250612807878,11203058.750080101,0.08305043608867288,False,67
87,0.10149581802477572,11200630.42671011,0.08301960239287703,False,67
88,0.10115091404380075,11198203.086920517,0.08298597571259975,False,67
89,0.10080777902212325,11195776.550475692,0.08295851093422156,False,67
90,0.10046640126141625,11193350.842390945,0.08293019093147168,False,67
91,0.10012677069078638,11190926.08345274,0.08289774147704274,False,67
92,0.11334478769527136,11188502.276056757,0.08286521011905502,False,67
93,0.11293784309289304,11186074.177536825,0.08301191521134232,False,67
94,0.11253310426621414,11183646.971907139,0.0829813890490894,False,67
95,0.11213055610629562,11181220.70332015,0.08294935340135216,False,67
96,0.11173017818193,11178795.126998296,0.08292568621722382,False,67
97,0.1113319612383129,11176370.581182811,0.08289045523023689,False,67
98,0.11093588805362162,11173946.976818295,0.08285826887237412,False,67
99,0.11054193898935578,11171524.085168779,0.08283390254755961,False,67
100,0.11015010428087865,11169102.200065335,0.08279949071606488,False,67
0,0.1,5000000.0,0.1047,False,68
1,0.10248673420027805,5583333.333333333,0.08304072677101089,False,68
2,0.1022943180154658,5625000.0,0.08303237865163218,False,68
3,0.10206351564343022,5666666.666666667,0.08293662483250513,False,68
4,0.10178976852807671,5707090.301876699,0.08286876377565204,False,68
5,0.10148211401294031,5746273.612326011,0.08277854057847295,False,68
6,0.10114534888676939,6284185.179760492,0.0834466496041254,False,68
7,0.10078328569087319,6320853.698332797,0.08330246823937339,False,68
8,0.10041830252865616,6357530.786325743,0.08315964456202493,False,68
9,0.10005167811745146,6394215.504890951,0.08303246835764509,False,68
10,0.10510719471214948,6430907.97790418,0.08290322755732416,False,68
11,0.10470927879193667,6467599.980721912,0.08291106414891777,False,68
12,0.10431186353935308,6504299.240997238,0.08279010652233834,False,68
13,0.10391462349262265,7040962.763249708,0.08338574023662418,False,68
14,0.10351859312849888,7077632.987930858,0.08327403309196531,False,68
15,0.10312402519964073,7114310.846641691,0.08314679926389125,False,68
16,0.10273109486424185,7150995.895633959,0.08302696123996893,False,68
17,0.10233993996581785,7187687.9771887325,0.08290975186488479,False,68
18,0.10195066031616089,7224386.627013802,0.08280028069329558,False,68
19,0.10156271121744115,7761053.541912726,0.08332919612902498,False,68
20,0.1011686735320087,7797227.914940229,0.08321657029035538,False,68
21,0.10077680471800708,7833409.219552565,0.0831115462777249,False,68
22,0.100387153784548,7869598.592247681,0.08298930259927373,False,68
23,0.10000790810622853,7906307.27480237,0.08289210636535779,False,68
24,0.11053432576354066,7943534.390901893,0.08278882176492405,False,68
25,0.11011494212435738,7981269.459932899,0.08287952855145801,False,68
26,0.10970735055983923,8019521.8992769895,0.08276914721396542,False,68
27,0.10930159228613277,8557754.73837224,0.08324430476155821,False,68
28,0.10889809867336542,8595991.51552657,0.08314883666265413,False,68
29,0.10849686944188174,8634232.544530928,0.0830457615104926,False,68
30,0.10809786179825025,8672475.903464923,0.082989278367843,False,68
31,0.10770106930815651,8710721.762998892,0.08292865776237063,False,68
32,0.1073064777827661,8748969.938237118,0.08287251947733332,False,68
33,0.10691407383019198,8787220.345476015,0.08281841037013912,False,68
34,0.10652384351834508,8825472.91480547,0.08276599605362399,False,68
35,0.10613539921184534,9363706.212549888,0.08323318599385747,False,68
36,0.10574909291873077,9401940.944474116,0.08319841799849682,False,68
37,0.10536491396900122,9440177.29997939,0.08315905845797247,False,68
38,0.10498284747254465,9478415.241106046,0.08312061915176247,False,68
39,0.10460287549114099,9516654.560284734,0.08308721182979774,False,68
40,0.10422498779129011,9554895.504811253,0.08304780945807863,False,68
41,0.10384916951227122,9593138.056844331,0.08300883960215838,False,68
42,0.10347540241082677,9631381.997862307,0.08297516724093547,False,68
43,0.10310366565085402,9669626.948651236,0.08295068794514192,False,68
44,0.10273341984284194,9707841.340294778,0.08293179754744616,False,68
45,0.10236056472484699,9745777.645383833,0.08289692394692938,False,68
46,0.1019897617926254,9783715.52602931,0.08286191158201965,False,68
47,0.10160879459090545,9820909.179998754,0.08283356846702984,False,68
48,0.1012330268417627,9816624.784023402,0.08279026039322807,False,68
49,0.10086238065093688,9812528.312995382,0.0827569904650844,False,68
50,0.10049679333792823,9808619.925602866,0.08271719349241625,False,68
51,0.100147829076651,10305626.124257404,0.08316114848503099,False,68
52,0.1148380437543111,10302633.45634449,0.08312966424764762,False,68
53,0.11441178888288132,10299634.033940768,0.08331728899226896,False,68
54,0.11398792853557926,10296635.880634312,0.08328203629044927,False,68
55,0.11356644882173593,10293639.204598792,0.0832410009866168,False,68
56,0.11314732837330958,10290643.821274357,0.08320509234542918,False,68
57,0.11273054911708832,10287649.705953788,0.08316987001578081,False,68
58,0.11231609240253544,10284656.794620499,0.08313642592469139,False,68
59,0.11190393939352895,10281665.003636904,0.08310530509982923,False,68
60,0.11149407510347674,10278674.443908544,0.08307110356555288,False,68
61,0.11108648398431192,10275685.190427918,0.0830348189062702,False,68
62,0.11068114825923336,10272697.19164832,0.08299996609992248,False,68
63,0.11027804987170788,10269710.371438501,0.08296722805052563,False,68
64,0.10987717768812419,10266725.020103926,0.08292642596046501,False,68
65,0.10947850593566559,10263740.625803985,0.08289984166505136,False,68
66,0.10908201802542947,10260757.162042396,0.08287399337749682,False,68
67,0.10868769760962149,10257774.606964774,0.08284875215615461,False,68
68,0.10829553314964026,10254793.197401563,0.08281693231145823,False,68
69,0.10790550990643247,10251812.988513539,0.08278358022285039,False,68
70,0.10751761463445046,10248834.112514123,0.08274655553935502,False,68
71,0.10713182675559144,10245856.282383673,0.08271750362365765,False,68
72,0.10674784064438657,10742863.01253386,0.08314638471702451,False,68
73,0.10636593864623646,10739871.017684497,0.08311096803789099,False,68
74,0.10598610578139929,10736880.304526085,0.0830753655114171,False,68
75,0.10560832710552728,10733890.874058712,0.0830397352047632,False,68
76,0.10523258390191269,10730902.500636388,0.08301037284238705,False,68
77,0.10485459448130621,10727666.322361156,0.08297893013413615,False,68
78,0.10447866210548093,10724431.499229467,0.08294418286382636,False,68
79,0.10410476816693129,10721197.81514087,0.0829149766307425,False,68
80,0.10373630992039695,10718167.50291759,0.08288033431194905,False,68
81,0.10337321668453092,10715340.45264013,0.08284396417462773,False,68
82,0.10301541530500351,10712716.320104942,0.08281286107097563,False,68
83,0.10266283651172506,10710294.905411402,0.08278340832613151,False,68
84,0.10231208370602932,10707874.585084924,0.08274599406758221,False,68
85,0.10196313902097037,10705455.039978521,0.08271949081718298,False,68
86,0.10161578316655973,11203023.623672945,0.0831253437803627,False,68
87,0.10127021747040543,11200593.270342212,0.08308900276010893,False,68
88,0.10092642934821222,11198163.963122778,0.08305323827125931,False,68
89,0.10058440676551124,11195735.712373532,0.08301711963234662,False,68
90,0.10024413685974645,11193308.470468502,0.08298262923182742,False,68
91,0.11335627605518518,11190882.035902828,0.082955027886208,False,68
92,0.11294921835331144,11188451.370498678,0.08309967193674374,False,68
93,0.11254436758692916,11186021.606535876,0.08306885342907086,False,68
94,0.1121417122701334,11183592.979899593,0.0830299704712342,False,68
95,0.11174123388912656,11181165.351272989,0.0829958504821738,False,68
96,0.11134291107094266,11178738.418273965,0.08297206834271428,False,68
97,0.11094672977213646,11176312.257270567,0.08294567532987064,False,68
98,0.11055267621099146,11173886.952900402,0.08291638872363716,False,68
99,0.11016073425429809,11171462.456787838,0.08288875598513373,False,68
100,0.10977089120633483,11169038.89929904,0.08285666628367216,False,68
0,0.1,5000000.0,0.1047,False,69
1,0.10247557204784219,5583333.333333333,0.08305373091876272,False,69
2,0.10228318726687548,5625000.0,0.08303456288307154,False,69
3,0.10205242252469392,5666666.666666667,0.08293795017823359,False,69
4,0.10177872212400925,5707090.432227113,0.08286007374805997,False,69
5,0.10147111395534908,5746273.517914016,0.08278603265882076,False,69
6,0.10113438768939331,6284184.11166183,0.08346828708559079,False,69
7,0.1007723614772114,6320851.282027622,0.08332493834791461,False,69
8,0.10040741056141678,6357526.689508605,0.08318765309472684,False,69
9,0.10004082068287053,6394209.842186645,0.08305856647712048,False,69
10,0.10505995070386137,6430900.251976684,0.08293761461045442,False,69
11,0.10466228185672616,6467591.038932894,0.08293132850760808,False,69
12,0.10426511537428551,6504289.218847467,0.08280811253491217,False,69
13,0.10386811353467386,7040951.06066775,0.08341374743970804,False,69
14,0.10347234643697137,7077621.1544138985,0.08327621534197722,False,69
15,0.10307803270017014,7114298.426673419,0.08315657345243337,False,69
16,0.10268535733143146,7150983.025131142,0.08303447014906166,False,69
17,0.10229446037932036,7187674.933125293,0.08291264454192508,False,69
18,0.10190544456574394,7224373.871953001,0.08279546398265554,False,69
19,0.10151775946373871,7761041.173259546,0.08332275600204253,False,69
20,0.10112399708867457,7797216.415679639,0.08320339767535925,False,69
21,0.10073240834389803,7833399.014696885,0.0830919340821317,False,69
22,0.10034302240503608,7869588.880444538,0.08298183210628099,False,69
23,0.11037362385654342,7906298.256111464,0.08288051828199064,False,69
24,0.10994573162284128,7943515.9309396,0.08296488276981641,False,69
25,0.10952970824907753,7981252.06746825,0.08285702530734167,False,69
26,0.10912537085057168,8019505.250579932,0.08275111648450446,False,69
27,0.10872283196536561,8557738.054099698,0.08324516719755917,False,69
28,0.10832254145523958,8595975.215872819,0.08313951257084691,False,69
29,0.10792448771242215,8634216.419085702,0.08304153827355713,False,69
30,0.10752864554638945,8672460.702781804,0.08296685989246783,False,69
31,0.10713500071302304,8710707.801417,0.08289861894468907,False,69
32,0.10674353259477763,8748957.159064846,0.08284385500172665,False,69
33,0.10635422759359202,8787208.668362606,0.0827916937917014,False,69
34,0.10596706973188733,8825462.129485,0.08274437683086706,False,69
35,0.1055816740117143,9363696.077849608,0.08321741338318184,False,69
36,0.10519839616556478,9401931.586719638,0.08317958294876723,False,69
37,0.1048172244989344,9440168.7781625,0.08313879330434891,False,69
38,0.10443814246630105,9478407.50650262,0.08310153518894184,False,69
39,0.1040611291641272,9516647.37550753,0.08307388270926971,False,69
40,0.0963980339172422,9555333.09399503,0.07226541040404262,True,69
41,0.11015701094491796,9593688.424932923,0.0802748055460118,True,69
42,0.10987964770428316,9631926.78641006,0.08311042883707986,True,69
43,0.10956008586296852,9670166.552183282,0.08307638529564366,True,69
44,0.10921546441226743,9708376.320972843,0.08304284941556482,True,69
45,0.10885104983420235,9746307.74981658,0.08300528495400243,True,69
46,0.10847756879773522,9784240.561446508,0.08297455637194194,True,69
47,0.10808501594931008,9821428.883445116,0.0829323086677431,True,69
48,0.1076924041531665,9817138.951255739,0.08289724037442574,True,69
49,0.10730111217694094,9813037.13626696,0.08286494926822384,True,69
50,0.1069121011564165,9809123.865330637,0.08282054891688673,True,69
51,0.10653911605537794,9806143.411365451,0.08279038792183145,True,69
52,0.10616617978357323,9803164.56644808,0.0827456921492515,True,69
53,0.10579340053034941,10300169.618230792,0.08319300603581967,True,69
54,0.10542140572508577,10297176.078050958,0.08315389388427494,True,69
55,0.10505044520201293,10294184.07167464,0.08311128823108528,True,69
56,0.10468070840545551,10291193.440352777,0.08307309227392576,True,69
57,0.10431234249098346,10288204.07060545,0.08303804853689822,True,69
58,0.1039454613073206,10285215.8747993,0.08300543905975195,True,69
59,0.10358015188239254,10282228.750978878,0.08297566167843412,True,69
60,0.10321648396500184,10279242.818905344,0.08294255759818149,True,69
61,0.10285450466128843,10276257.840843884,0.08291605726277006,True,69
62,0.10249425192068568,10273273.817546519,0.08288953603794473,True,69
63,0.10213575324948974,10270290.750672922,0.08286296871097351,True,69
64,0.10177903105144298,10267308.836362146,0.08283095307707872,True,69
65,0.10142409570405933,10264327.940275472,0.08280266907424165,True,69
66,0.10107095788519137,10261348.26440403,0.0827687742067778,True,69
67,0.10071962069230407,10258369.80027668,0.08273511464858509,True,69
68,0.10036982002239614,10755376.09834695,0.0831583869369057,True,69
69,0.10002182254492575,10752383.759354588,0.08312052756570489,True,69
70,0.11371746536414125,10749392.446601918,0.08309202090749149,True,69
71,0.11329773829826363,10746394.986898933,0.08326276952740755,True,69
72,0.11288033311207323,10743398.8283227,0.08322662711758273,True,69
73,0.1124652322992422,10740403.701982217,0.08319795390226742,True,69
74,0.11205242368394162,10737409.661243254,0.08316779830454017,True,69
75,0.11164189300008133,10734416.685392877,0.08313821806605913,True,69
76,0.11123362917834197,10731424.950876355,0.08310373657003435,True,69
77,0.11082297724087442,10728185.320357163,0.0830674492100503,True,69
78,0.11041461473782699,10724947.009389864,0.08303361454611019,True,69
79,0.11000852896411575,10721710.187539294,0.08299543206586626,True,69
80,0.10960840011135142,10718676.628278125,0.08296914218589489,True,69
81,0.10921415238017924,10715846.364435704,0.08293813457646454,True,69
82,0.10882571006547441,10713219.356165182,0.08290361405992529,True,69
83,0.10844299558655117,10710795.379742725,0.08287098880200308,True,69
84,0.10806231258485943,10708372.332786735,0.08283921217055912,True,69
85,0.10768364395697091,10705950.045692641,0.08281323398608671,True,69
86,0.107306978858422,10703528.694597881,0.08278123400892747,True,69
87,0.10693230573493857,10701108.415052217,0.08274459985177207,True,69
88,0.10655960427724018,10698688.842174442,0.0827204402657812,True,69
89,0.10618864350580334,11196257.537860421,0.08312151500925584,True,69
90,0.10581962740659354,11193826.829241768,0.08310114935568776,True,69
91,0.10545255077538332,11191397.196915893,0.08306435302133784,True,69
92,0.10508739420627476,11188968.299769148,0.08303921869214559,True,69
93,0.10472414110779998,11186539.947915902,0.08302057617931213,True,69
94,0.10436278109606739,11184112.306038808,0.08299630349041405,True,69
95,0.10400330349148738,11181685.518503303,0.08296709523098017,True,69
96,0.1036456935278311,11179259.483675355,0.08294136163920493,True,69
97,0.10328993848975981,11176834.213756077,0.08291521091553618,True,69
98,0.10293602462295491,11174409.652418986,0.08289098588341198,True,69
99,0.10258394290660144,11171986.021097753,0.08285919046950449,True,69
100,0.10223368129571224,11169563.356037842,0.08282615589446789,True,69
0,0.1,5000000.0,0.1047,False,70
1,0.10249550547935612,5583333.333333333,0.08303053281700556,False,70
2,0.10230306461603762,5625000.0,0.08302707657312408,False,70
3,0.10207223267283369,5666666.666666667,0.08293848125787338,False,70
4,0.10179845426942488,5707090.529931037,0.08285356015319177,False,70
5,0.10149076438900452,5746274.0830971915,0.08277045001706353,False,70
6,0.1011539589850266,6284185.818190868,0.08344292384423903,False,70
7,0.10079184646255279,6320854.141375133,0.08330572470671277,False,70
8,0.10042680841572316,6357530.704095325,0.08316839910789056,False,70
9,0.10006013203535236,6394215.081689925,0.08303815120111194,False,70
10,0.105118690317236,6430907.683860763,0.08290107493047995,False,70
11,0.10472073269240666,6467601.058408327,0.08288820198503881,False,70
12,0.10432327696164687,6504301.766094873,0.08276598300202777,False,70
13,0.10392599979389862,7040966.941732766,0.0833581838129009,False,70
14,0.10352994466260525,7077639.553804393,0.08323424325066585,False,70
15,0.10313534674341289,7114319.493470066,0.08311211668323719,False,70
16,0.10274238241547806,7151006.383191655,0.08299628241795805,False,70
17,0.10235119298524484,7187700.268950655,0.08287968179444415,False,70
18,0.10196188074110957,7224400.835290084,0.08276833878730884,False,70
19,0.10157389785999865,7761069.595217746,0.08329844565008766,False,70
20,0.10117983592766978,7797246.475439334,0.08317858250118058,False,70
21,0.10078794577091597,7833430.466315641,0.0830708453084852,False,70
22,0.10039826437065628,7869621.958253386,0.08295719286244883,False,70
23,0.10001899518896364,7906333.104643378,0.08285091371661343,False,70
24,0.11060264459913872,7943562.42554943,0.0827477064916546,False,70
25,0.11018291541869599,7981299.810403402,0.08283071014903759,False,70
26,0.10977497606202391,8019553.836020615,0.08273069210796133,False,70
27,0.1093688711270871,8557788.210148381,0.08320709185220586,False,70
28,0.10896504226056558,8596027.01427026,0.08309969805543999,False,70
29,0.10856347982497273,8634270.052837826,0.08299704482670323,False,70
30,0.10816414115940749,8672515.413525136,0.08294075101473036,False,70
31,0.10776701967358895,8710763.258788588,0.08288051886581785,False,70
32,0.10737210002907271,8749013.339823037,0.08282631835677137,False,70
33,0.106979366472417,8787265.438989991,0.08277739393244148,False,70
34,0.10658880975658741,8825519.750445029,0.08272376270617002,False,70
35,0.10620004464173659,9363754.998979494,0.08318589411391845,False,70
36,0.10581342766023596,9401992.135829084,0.08314011677763,False,70
37,0.10542893432704702,9440230.559735304,0.08310891540472518,False,70
38,0.10504655522909113,9478470.546760391,0.08307102161398522,False,70
39,0.10466627188994071,9516711.858746536,0.0830389013459401,False,70
40,0.10428807355580806,9554954.712377204,0.08300152814539774,False,70
41,0.10391193584692274,9593198.526900036,0.08297823378985648,False,70
42,0.10353785219082455,9631443.768127084,0.08294364702106868,False,70
43,0.10316580943175924,9669690.517865557,0.08290707704712467,False,70
44,0.10279526662344034,9707907.151394734,0.08287794216102821,False,70
45,0.10242211350219493,9745845.767898975,0.08284555916502115,False,70
46,0.10205101211710858,9783785.808643958,0.08281390937074028,False,70
47,0.10166973896417075,9820981.709699102,0.08279195576890917,False,70
48,0.10129366108181233,9816699.003129996,0.0827576148619287,False,70
49,0.10092270794044447,9812604.114642916,0.08272501994097782,False,70
50,0.10055644390763499,10308674.048567276,0.08317600160083324,False,70
51,0.10020717939690127,10305680.875199907,0.08314370464917778,False,70
52,0.11494016959791203,10302688.829592928,0.08311237797162628,False,70
53,0.11451335930409541,10299690.045645678,0.08329955409026035,False,70
54,0.11408895064538818,10296692.685518686,0.08326000352757393,False,70
55,0.11366692134757264,10293696.528475396,0.08322658453586007,False,70
56,0.1132472538248477,10290701.584081301,0.08319289983597306,False,70
57,0.11282992462962553,10287707.547488412,0.08316768313580097,False,70
58,0.11241492274014918,10284714.751522798,0.08313322126699683,False,70
59,0.11200223574716446,10281723.45477182,0.08309157641605695,False,70
60,0.11159184360346171,10278733.507426254,0.08305409293244402,False,70
61,0.11118372452083021,10275744.654948547,0.08302367993626238,False,70
62,0.11077786361919721,10272756.999836376,0.08299041978260426,False,70
63,0.11037424310298112,10269770.481112197,0.08295885344942802,False,70
64,0.10997284862776598,10266785.215571443,0.08292404279874968,False,70
65,0.10957366197170494,10263801.102646729,0.08289202568651267,False,70
66,0.10917666632591755,10260818.108911054,0.08286093710205854,False,70
67,0.10878184600912222,10257836.25428077,0.0828292952856285,False,70
68,0.10838918476446135,10254855.519050002,0.08279820085473177,False,70
69,0.10799866934426587,10251876.042899126,0.08276322641324671,False,70
70,0.10761027911023963,10248897.545914328,0.08273602735554242,False,70
71,0.10722370815827864,10745903.64505274,0.083163912821848,False,70
72,0.10683923470875731,10742910.717993576,0.0831368627545618,False,70
73,0.10645684413952902,10739918.79653619,0.08310892937179239,False,70
74,0.10607652632260163,10736928.162904015,0.08307315644928473,False,70
75,0.10569826048674658,10733938.484235842,0.08304662967145722,False,70
76,0.10532203415450932,10730949.893183352,0.08301641812472974,False,70
77,0.10494355800824991,10727713.402054604,0.08298695201917519,False,70
78,0.10456713735601274,10724477.968089858,0.0829598452499255,False,70
79,0.1041927627952088,10721243.914517868,0.08292445056379762,False,70
80,0.10382383135520394,10718213.211104462,0.08289103352905258,False,70
81,0.10346027351642852,10715385.824221963,0.08285382805860612,False,70
82,0.10310201494924837,10712761.347886048,0.08282371079811879,False,70
83,0.10274898953503657,10710339.778906006,0.08278868307833771,False,70
84,0.10239779101518061,10707919.172821416,0.0827557635757456,False,70
85,0.10204840642167608,10705499.508068133,0.08272358130878313,False,70
86,0.10170060830986964,11203067.660293782,0.08314009484963483,False,70
87,0.1013545993515886,11200636.626492709,0.08311226670337887,False,70
88,0.101010367645114,11198206.429726062,0.0830836501417803,False,70
89,0.10066790133047308,11195777.08959297,0.08305436352445768,False,70
90,0.10032718949851693,11193348.678853048,0.08302258939898902,False,70
91,0.11338407822904101,11190921.084249323,0.0829946873068142,False,70
92,0.11297685221586039,11188489.437964395,0.08313320632237199,False,70
93,0.11257183365042246,11186058.652890248,0.08310376321858348,False,70
94,0.11216900657960324,11183628.729290856,0.08307431109034867,False,70
95,0.11176835781927615,11181199.80656688,0.08304009312746616,False,70
96,0.1113698696785857,11178771.779364277,0.08300947701201926,False,70
97,0.110973527408125,11176344.690069921,0.08297741177289338,False,70
98,0.11057931425638631,11173918.466623852,0.08294781012200855,False,70
99,0.11018721540361587,11171493.132541077,0.08291740453938604,False,70
100,0.10979721447476486,11169068.619741108,0.08288932649470514,False,70
0,0.1,5000000.0,0.1047,False,71
1,0.102483081281604,5583333.333333333,0.08304497860709363,False,71
2,0.10229067537418132,5625000.0,0.083021291645357,False,71
3,0.10205988531709106,5666666.666666667,0.08293604695333973,False,71
4,0.10178615400331793,5707090.375831121,0.08286383348085047,False,71
5,0.10147851263171588,5746273.488935858,0.0827851187309691,False,71
6,0.10114176063001357,6284184.762327285,0.08345318389422587,False,71
7,0.1007797181645871,6320853.373119649,0.08330093123837524,False,71
8,0.10041476127834185,6357530.891838105,0.0831524658035025,False,71
9,0.1000481766731524,6394216.88895718,0.08301115912653827,False,71
10,0.10512996352604251,6430910.9060176145,0.08287749343720463,False,71
11,0.10473195850298588,6467605.2460287195,0.08287211092603725,False,71
12,0.10433445967181232,6504307.170831457,0.08274569773214874,False,71
13,0.10393714072262171,7040973.646622267,0.08333651459761603,False,71
14,0.10354104787137904,7077647.796247464,0.08320861735783618,False,71
15,0.10314641140534783,7114329.2205251185,0.0830873731502207,False,71
16,0.10275341852848059,7151018.189794165,0.08296162329367428,False,71
17,0.10236220114100268,7187714.190262806,0.08284443663376653,False,71
18,0.1019728699622071,7224417.418463415,0.08272397443431001,False,71
19,0.10158485883338252,7761088.281018354,0.08326340186212193,False,71
20,0.10119076654544772,7797267.211672701,0.0831475153381829,False,71
21,0.10079885284813153,7833453.6691863835,0.08303347201493722,False,71
22,0.10040914683537415,7869647.559995975,0.08292084631932524,False,71
23,0.1000298471473078,7906360.650818191,0.08281840492290612,False,71
24,0.11065281365135142,7943591.452783251,0.0827200876756375,False,71
25,0.11023280195994332,7981328.983609623,0.08282763299700624,False,71
26,0.1098245826135785,8019582.829902668,0.08273503936054223,False,71
27,0.10941819308101228,8557816.674685169,0.08321992446469173,False,71
28,0.10901407937863199,8596054.817896876,0.08311572012020055,False,71
29,0.10861222489050236,8634296.676662186,0.08302564609349893,False,71
30,0.10821260248047858,8672541.195557736,0.08296115808765923,False,71
31,0.10781519199548296,8710787.78495997,0.08291096398620766,False,71
32,0.10741998942669337,8749036.827401917,0.08285149635685811,False,71
33,0.10702697356565932,8787287.801549373,0.08280466713232877,False,71
34,0.1066361397468619,8825541.161499446,0.08274682949319302,False,71
35,0.10624708376679094,9363774.565960113,0.08323059893331247,False,71
36,0.10586017419015534,9402009.629952528,0.08319036786066508,False,71
37,0.10547539137625422,9440246.030007975,0.08315797845379987,False,71
38,0.10509272128990844,9478483.775396643,0.08312536431508544,False,71
39,0.10471215433709471,9516723.144748181,0.08308599551827493,False,71
40,0.10433367870729351,9554964.298629219,0.08304273419705581,False,71
41,0.10395727596977826,9593207.01321797,0.08300489885849283,False,71
42,0.10358293196464212,9631451.314328074,0.0829664377348757,False,71
43,0.10321063882914475,9669697.603444438,0.08291824364370536,False,71
44,0.10283985612565845,9707914.315780146,0.08287604904206582,False,71
45,0.10246646589885576,9745853.256417643,0.08283835620369795,False,71
46,0.10209512755862786,9783793.526489496,0.08280881321809666,False,71
47,0.10171361545617173,9820989.912666377,0.08278297203306452,False,71
48,0.10133730247238967,9816707.698520713,0.0827480994331239,False,71
49,0.10096573767712097,10312589.837544782,0.08318911062484717,False,71
50,0.10059925870619828,10308660.949979769,0.08315105957700393,False,71
51,0.10024978553005832,10305668.656754332,0.08311925626209286,False,71
52,0.1150473603584181,10302677.790154632,0.08307962776947884,False,71
53,0.1146199763368369,10299680.159978015,0.08326750490606152,False,71
54,0.1141949940233876,10296683.741568519,0.08323384470822986,False,71
55,0.11377239477719107,10293688.500429038,0.08320114276334399,False,71
56,0.11335216330770355,10290694.566787476,0.08316482337670203,False,71
57,0.11293428267089868,10287701.979129491,0.08312743494405249,False,71
58,0.11251873626442074,10284710.786305103,0.08308868956633703,False,71
59,0.11210550695332906,10281721.00172232,0.0830495717439577,False,71
60,0.11169457802392567,10278732.652999006,0.0830096867587426,False,71
61,0.11128593129408522,10275745.681618113,0.08297142724702293,False,71
62,0.11087954353651237,10272759.748783143,0.08294257874913498,False,71
63,0.1104754060543413,10269775.283477034,0.08290181405855741,False,71
64,0.11007349463500818,10266791.87453262,0.08287247067814746,False,71
65,0.10967379824231233,10263809.811834957,0.08283507493507823,False,71
66,0.10927629407962756,10260828.738737032,0.08280758605347512,False,71
67,0.1088809684589334,10257848.784632737,0.08277650289710999,False,71
68,0.10848780392758584,10254869.865016814,0.08274776710898317,False,71
69,0.10809678664905546,10251892.086946726,0.08271605750244385,False,71
70,0.10770760388198831,10748898.807008361,0.08314666495462276,False,71
71,0.10732054354799067,10745906.844868371,0.08311005944412157,False,71
72,0.10693558433119286,10742915.868246822,0.08308268393196316,False,71
73,0.10655271302439621,10739925.991362253,0.08305213568245733,False,71
74,0.10617191687317368,10736937.348943578,0.08301784496323733,False,71
75,0.10579318242334546,10733950.03049502,0.08298106801548955,False,71
76,0.1054164934837546,10730963.961245453,0.08294636804357189,False,71
77,0.10503756353460177,10727730.654468738,0.08290530196709711,False,71
78,0.10466069313700684,10724498.46191764,0.08287673207939913,False,71
79,0.10428587236548034,10721267.678140454,0.08284060967142916,False,71
80,0.10391649294961693,10718239.691676186,0.08281672380905121,False,71
81,0.10355249284147747,10715414.911028033,0.08277745489092346,False,71
82,0.10319379392672125,10712792.7097696,0.08275191348114713,False,71
83,0.10284032610676405,10710372.847340388,0.08273033946014285,False,71
84,0.10248847672817162,11207941.188559188,0.08313363354536046,False,71
85,0.10213844431858381,11205510.347121421,0.08310569018003301,False,71
86,0.10179021526843707,11203080.256243411,0.08308003001741353,False,71
87,0.10144378223508715,11200651.225280717,0.08304379359636185,False,71
88,0.10109913061327976,11198223.115962816,0.08301228437259431,False,71
89,0.10075624775736552,11195795.901950782,0.08298167562513736,False,71
90,0.10041512082405216,11193369.537551217,0.08295262904497344,False,71
91,0.10007573530382373,11190943.865435759,0.08292896121230643,False,71
92,0.11322041514645519,11188519.076811463,0.08289875638609275,False,71
93,0.11281411857007463,11186089.897895137,0.08304885184021515,False,71
94,0.1124100274016308,11183661.833988331,0.08301073185659986,False,71
95,0.11200811470243999,11181234.30573153,0.08299241903604186,False,71
96,0.11160837332539611,11178807.764910262,0.08295866055621937,False,71
97,0.11121078727395915,11176382.192928098,0.08292553785178419,False,71
98,0.1108153416550821,11173957.622473659,0.08289129758762744,False,71
99,0.1104220204488236,11171534.01859276,0.08285825233842377,False,71
100,0.11003080729103512,11169111.319423458,0.08282732202742474,False,71
0,0.1,5000000.0,0.1047,False,72
1,0.1024840600013619,5583333.333333333,0.08304383904945573,False,72
2,0.10229165134035512,5625000.0,0.08302135836528622,False,72
3,0.10206085798376563,5666666.666666667,0.08294357305314848,False,72
4,0.1017871256826821,5707090.553894697,0.08285196257582081,False,72
5,0.10147948675944177,5746274.086321223,0.08277114133805102,False,72
6,0.10114272624302859,6284185.133733577,0.08345820565138677,False,72
7,0.10078065805794002,6320852.473582619,0.08332211362708103,False,72
8,0.10041567277102073,6357528.542708144,0.08317662568571253,False,72
9,0.10004904371290228,6394212.07104422,0.08305230550982963,False,72
10,0.10507466946539241,6430902.814654844,0.08293205093405721,False,72
11,0.10467691554986969,6467593.507112965,0.08293290347577513,False,72
12,0.10427967007631946,6504291.93321594,0.08280400939487173,False,72
13,0.10388260252967031,7040954.798058444,0.08339669706938023,False,72
14,0.10348675922327531,7077625.277398273,0.08326978878061714,False,72
15,0.10309236692727962,7114302.771558822,0.08315287510197152,False,72
16,0.10269961183187284,7150987.494292366,0.08303239888536791,False,72
17,0.10230863110966411,7187679.251596155,0.08291515604798835,False,72
18,0.10191953127316271,7224377.98945815,0.08279881341118915,False,72
19,0.10153175420941235,7761044.575460736,0.08333467773469179,False,72
20,0.1011378949951452,7797218.861816681,0.08321788349578965,False,72
21,0.10074621192236402,7833400.611572218,0.08310480168377725,False,72
22,0.10035674130957416,7869590.181395459,0.08298631580949978,False,72
23,0.11038831850360892,7906299.494003032,0.08288157256582467,False,72
24,0.1099603406427424,7943517.152517066,0.08296518699548565,False,72
25,0.10954422957648081,7981253.021848726,0.08286265791847666,False,72
26,0.10913980876636474,8019506.033877988,0.08275526393708268,False,72
27,0.10873718653664136,8557738.64024853,0.08324994657270601,False,72
28,0.10833680749168696,8595975.281654464,0.08315212753290743,False,72
29,0.1079386750640574,8634216.475863395,0.08304175655118505,False,72
30,0.10754274350607407,8672460.116844866,0.0829824408532121,False,72
31,0.10714900660131246,8710706.381980801,0.08291882498743386,False,72
32,0.10675745322312448,8748955.251304967,0.08285569315151405,False,72
33,0.106368066938491,8787206.461729739,0.08279893919743116,False,72
34,0.1059808341847063,8825459.955479488,0.08274358586463666,False,72
35,0.10559536679515696,9363694.095067754,0.0832127776581913,False,72
36,0.10521201684745311,9401929.74041401,0.08317627443414168,False,72
37,0.1048307752816236,9440167.166588468,0.0831331028414218,False,72
38,0.1044516188301815,9478405.835574554,0.08310297407470628,False,72
39,0.10407453549531571,9516645.871816898,0.08306982846843101,False,72
40,0.10369951636203556,9554887.591417253,0.08302901978932,False,72
41,0.10332654368876965,9593130.794479864,0.08299305706802185,False,72
42,0.10295559527584859,9631375.010549542,0.08296849932094903,False,72
43,0.10258666392230295,9669620.66196406,0.08293370308234055,False,72
44,0.10221922240307994,9707836.674275944,0.08289286526724217,False,72
45,0.10184918966126812,9745774.833272668,0.08285572599875506,False,72
46,0.10148118629929553,9783714.439311327,0.08282356951129785,False,72
47,0.10110309879829767,9820910.415515024,0.08279056412909967,False,72
48,0.10073016102658967,9816628.011524275,0.08275176793720643,False,72
49,0.1003622991897503,9812533.402733246,0.08271936951575418,False,72
50,0.11511805776311637,10308604.367369749,0.08315418758725017,False,72
51,0.11469022771152834,10305604.256140344,0.08333642303901095,False,72
52,0.11426480462074916,10302605.450495748,0.08330015679433672,False,72
53,0.1138417693684685,10299607.893360768,0.08326547597165385,False,72
54,0.1134210998757855,10296611.364972128,0.08323689968445244,False,72
55,0.11300278161026653,10293616.025840562,0.08320386476574188,False,72
56,0.1125867966469059,10290621.854003247,0.08317143992540416,False,72
57,0.11217312928781131,10287628.936111474,0.08313660810478464,False,72
58,0.11176176070480093,10284637.186539343,0.08310415478144828,False,72
59,0.11135268084901077,10281646.977307156,0.08306136756072803,False,72
60,0.1109458576497268,10278657.500318201,0.0830410274709231,False,72
61,0.11054128017476181,10275669.060254598,0.08301222398896364,False,72
62,0.11013892800483187,10272681.446378771,0.08298927432854812,False,72
63,0.10973879594260307,10269695.264294183,0.08294950234972479,False,72
64,0.10934086192076621,10266710.200778868,0.08291843098096836,False,72
65,0.1089451104418784,10263726.289330151,0.08288642913101252,False,72
66,0.10855153097004694,10260743.830763383,0.0828460712991028,False,72
67,0.10816010515730967,10257762.68945544,0.08280948077617872,False,72
68,0.10777081165664541,10254782.550854877,0.08278162779339883,False,72
69,0.10738363656426804,10251803.504402278,0.08275129034994257,False,72
70,0.10699856300234718,10248825.465268502,0.08272330927157205,False,72
71,0.10661528466175693,10745831.875026265,0.08315528450657327,False,72
72,0.1062340871767923,10742839.663728032,0.08311698050650106,False,72
73,0.10585495784504018,10739848.968064222,0.08307487955028531,False,72
74,0.10547787549504692,10736859.43020963,0.0830427181831562,False,72
75,0.10510282400772487,10733870.97041807,0.08301277198773853,False,72
76,0.10472978638694423,10730883.448244145,0.08298672705340583,False,72
77,0.10435451238721234,10727648.046366706,0.08295902249845058,False,72
78,0.10398127005410653,10724413.66127637,0.08293295103425277,False,72
79,0.10361004974187403,10721180.591426149,0.08289922692876256,False,72
80,0.10324422165838347,10718150.894387137,0.082863508759262,False,72
81,0.10288371709379454,10715324.536544345,0.08282367304882361,False,72
82,0.10252846347286654,10712701.166893026,0.08278878584042977,False,72
83,0.1021783886865014,10710280.373331599,0.0827621730402835,False,72
84,0.10183012184415098,10707860.625377815,0.08272642577031022,False,72
85,0.10148343787478137,11205428.899571046,0.08313592501771898,False,72
86,0.10113853178553937,11202997.762572583,0.08311579481922896,False,72
87,0.1007953974328151,11200567.58636309,0.0830829473330021,False,72
88,0.10045402346484636,11198138.420121972,0.08304841849982822,False,72
89,0.10011439699725086,11195710.211719543,0.08301567187782126,False,72
90,0.11318952074000897,11193283.069659725,0.0829792157202683,False,72
91,0.11278334443741667,11190851.708584875,0.08312345555046396,False,72
92,0.11237936897874314,11188421.259673383,0.08309227047832396,False,72
93,0.11197757511859362,11185991.546391468,0.08306712074932097,False,72
94,0.11157794835154765,11183562.632656274,0.08303978581860412,False,72
95,0.111180476960406,11181134.725171912,0.0830053840807427,False,72
96,0.11078514262741554,11178707.673034031,0.08297614146603687,False,72
97,0.11039193242660908,11176281.605730215,0.0829424719253843,False,72
98,0.11000082796193444,11173856.351112299,0.08291468779208643,False,72
99,0.10961181594365856,11171432.004605407,0.0828836412612916,False,72
100,0.10922487981033577,11169008.476800056,0.08285565146500963,False,72
0,0.1,5000000.0,0.1047,False,73
1,0.10248897206461996,5583333.333333333,0.08303812386346228,False,73
2,0.10229654958354567,5625000.0,0.08303105257783018,False,73
3,0.10206573966697577,5666666.666666667,0.08293356977885699,False,73
4,0.10179198381272256,5707090.313967708,0.0828679577084255,False,73
5,0.1014843116640916,5746273.158927505,0.08279405689564512,False,73
6,0.10114752034064801,6284183.786588946,0.08346753344944666,False,73
7,0.100785440353938,6320851.9866999155,0.08330777592829877,False,73
8,0.10042044672592487,6357529.150717663,0.08315837748200552,False,73
9,0.10005382880236192,6394215.008462083,0.08301348203745693,False,73
10,0.10512999824956445,6430908.668448382,0.08288344467278125,False,73
11,0.10473196706523874,6467601.491961412,0.08289738589394079,False,73
12,0.10433444979599289,6504302.336525159,0.08276370171533268,False,73
13,0.10393711230457393,7040967.713510832,0.083354828016554,False,73
14,0.10354100007095587,7077640.701801016,0.08322797294138273,False,73
15,0.10314634590070804,7114321.051731413,0.08310527893782896,False,73
16,0.10275332777054462,7151008.480702477,0.08298729492672575,False,73
17,0.10236208747966324,7187703.06537344,0.0828680332617185,False,73
18,0.10197272786548113,7224404.525444541,0.08275344325944047,False,73
19,0.10158469263554273,7761073.864793067,0.08328878863568974,False,73
20,0.10119056074026314,7797250.300113055,0.08318532343451984,False,73
21,0.10079861140223997,7833434.478958529,0.08306799729078686,False,73
22,0.10040886928583306,7869626.036287009,0.08295620209376213,False,73
23,0.10002953694458434,7906336.9854553845,0.08285421104771326,False,73
24,0.1106164897018896,7943566.362952396,0.08274665118238485,False,73
25,0.11019667309025899,7981303.275301345,0.08284067072921364,False,73
26,0.10978864940326949,8019556.863780344,0.08274128939801517,False,73
27,0.10938245467459813,8557790.470425326,0.08322569749538544,False,73
28,0.10897852630927116,8596027.933398444,0.0831322107526682,False,73
29,0.10857686173098607,8634269.438645294,0.08303421623799648,False,73
30,0.10817742158068025,8672513.25509121,0.08297818716967623,False,73
31,0.10778019197862931,8710759.13752132,0.0829281027044493,False,73
32,0.10738517399077818,8749007.753587026,0.08286183275051523,False,73
33,0.1069923455255038,8787258.53584175,0.08280931907742148,False,73
34,0.10660169630892358,8825511.622862313,0.08275344596612623,False,73
35,0.1062128350349431,9363745.398252496,0.08322160670264037,False,73
36,0.10582612141767453,9401980.988662755,0.08317760621594303,False,73
37,0.10544153992847638,9440218.310076067,0.08313564250553489,False,73
38,0.10505907197405488,9478457.112482393,0.08309973964455136,False,73
39,0.10467870192402456,9516697.323187858,0.08306559905944509,False,73
40,0.10430041261126032,9554938.783642646,0.08303530210618715,False,73
41,0.10392419399941884,9593181.756474001,0.08299863843177085,False,73
42,0.10355003117724454,9631426.22134426,0.0829624677916853,False,73
43,0.10317790644762301,9669671.990167996,0.08293085679834,False,73
44,0.10280728365881477,9707887.7287683,0.0828994404656171,False,73
45,0.10243404861605887,9745825.343865065,0.08286781266448681,False,73
46,0.1020628698835771,9783764.62103584,0.08283087768642668,False,73
47,0.10168152729500052,9820960.333965119,0.08279543958124064,False,73
48,0.10130537793222966,9816677.248621775,0.08276493417087519,False,73
49,0.10093435482852245,9812582.008634377,0.08273212095755111,False,73
50,0.1005680256791884,10308651.830425821,0.08317837478427957,False,73
51,0.10021870261769596,10305658.763426047,0.08314074999375158,False,73
52,0.114977634826882,10302667.221251355,0.08309839374143782,False,73
53,0.11455062216003764,10299668.745040225,0.083291005864731,False,73
54,0.1141260083944842,10296671.475699218,0.08325748169466518,False,73
55,0.1137037755805337,10293675.413026044,0.0832239631436403,False,73
56,0.11328391056941882,10290680.79780611,0.08318375610926187,False,73
57,0.11286638670604335,10287687.162480228,0.08315653683004309,False,73
58,0.11245119253297998,10284694.818728574,0.08312065976812875,False,73
59,0.1120383119352835,10281703.83087445,0.08308299594784303,False,73
60,0.11162772866636579,10278714.249272762,0.08304393338025354,False,73
61,0.11121942546455958,10275726.06279623,0.08300517990364961,False,73
62,0.11081338338338463,10272739.161239056,0.08296948769924518,False,73
63,0.11040958948467744,10269753.747914826,0.08292814789527357,False,73
64,0.11000802176460053,10266769.53028322,0.08289493421127811,False,73
65,0.10960866286388839,10263786.454527982,0.08286321542325577,False,73
66,0.1092114972656195,10260804.558527604,0.08283044445491314,False,73
67,0.10881650772785655,10257823.77766244,0.08279946847677186,False,73
68,0.10842367857838925,10254844.1248405,0.08276813394276047,False,73
69,0.1080329916661758,10251865.466935312,0.08274049736632694,False,73
70,0.10764413887003853,10748871.401286043,0.08316849025740354,False,73
71,0.10725740323406763,10745878.488102285,0.08313647732656872,False,73
72,0.10687277416418976,10742886.998637646,0.08309692957331563,False,73
73,0.10649023237634139,10739896.706863254,0.08306366039980573,False,73
74,0.10610975717033144,10736907.292783743,0.08303927998644288,False,73
75,0.10573134091454817,10733919.174393252,0.08300328862475312,False,73
76,0.10535496482004511,10730932.12480268,0.08297359973805123,False,73
77,0.10497634247662285,10727697.442331595,0.08294057618170092,False,73
78,0.10459977818532351,10724463.911439339,0.08291104851945162,False,73
79,0.10422525940927331,10721231.6727382,0.08287791541378231,False,73
80,0.1038561820879318,10718202.536224604,0.08284817814964944,False,73
81,0.10349247842945763,10715376.569328291,0.08281221674178568,False,73
82,0.10313407204576704,10712753.243107803,0.08278741524223812,False,73
83,0.1027809006596358,10710332.783279983,0.08275076334425166,False,73
84,0.10242955917561347,10707913.411156278,0.0827135768787833,False,73
85,0.10207982256305921,11205482.23138769,0.08311725704577436,False,73
86,0.10173188638459892,11203051.746135702,0.08309351288846112,False,73
87,0.10138574505253842,11200622.370765716,0.08305556820464455,False,73
88,0.10104138263245815,11198193.8846598,0.08302516601412482,False,73
89,0.1006987885986291,11195766.39129743,0.08299122606391134,False,73
90,0.1003579479788488,11193339.712798474,0.08296336748567813,False,73
91,0.10001885183385813,11190914.038867302,0.08292902328797672,False,73
92,0.11316012367399703,11188489.386493273,0.0828940982574299,False,73
93,0.11275415495543174,11186060.408311209,0.0830419891304595,False,73
94,0.1123503844211128,11183632.290269075,0.08301258263702693,False,73
95,0.11194879467746893,11181204.951993013,0.08298592396790194,False,73
96,0.11154936987214487,11178778.38570147,0.08295953133482126,False,73
97,0.11115209597669294,11176352.67337622,0.08293033590608626,False,73
98,0.1107569565532433,11173927.761787461,0.08290296029938365,False,73
99,0.1103639392045139,11171503.807352299,0.08287023709958452,False,73
100,0.1099730309531953,11169080.930897696,0.08283338306337959,False,73
0,0.1,5000000.0,0.1047,False,74
1,0.10247283615916039,5583333.333333333,0.08305692369072495,False,74
2,0.10228045907514291,5625000.0,0.08305189932805855,False,74
3,0.10204970355588017,5666666.666666667,0.08296794347308209,False,74
4,0.10177600639497822,5707089.963678973,0.08289131029070773,False,74
5,0.10146839903861568,5746272.346068944,0.08280947588985374,False,74
6,0.10113167082815512,6284181.989484055,0.08348940559012184,False,74
7,0.10076965205409273,6320848.718659754,0.0833322915161243,False,74
8,0.10040470990311867,6357523.757000955,0.08319380542442738,False,74
9,0.10003813406942402,6394206.864347246,0.08305932200626698,False,74
10,0.10506275333781699,6430897.611120182,0.08293199822884073,False,74
11,0.10466507122187033,6467588.551313264,0.08292877455975724,False,74
12,0.10426789339146363,6504286.996205945,0.08280369623311305,False,74
13,0.10387089436005892,7040949.940972657,0.08339536499924123,False,74
14,0.10347513235980592,7077621.281766314,0.08325543121683114,False,74
15,0.1030808263765674,7114299.968990114,0.08313299071444717,False,74
16,0.10268816203775888,7150986.189977222,0.08300742799262621,False,74
17,0.10229726687131276,7187679.173621959,0.08289471703216753,False,74
18,0.10190824485055072,7224378.707542957,0.08278554576115446,False,74
19,0.1015205410587348,7761045.841639834,0.08332554282981361,False,74
20,0.10112675325618076,7797220.5136214495,0.08321204068261324,False,74
21,0.10073512997880987,7833401.964325358,0.08310933276905383,False,74
22,0.10034571411027338,7869590.947514147,0.08299520421028145,False,74
23,0.11036129021864235,7906299.614714474,0.0828923630735889,False,74
24,0.10993346383423991,7943516.976305581,0.08297072401979792,False,74
25,0.10951750148338334,7981252.648180701,0.08286682037517239,False,74
26,0.10911321987962702,8019505.188508147,0.08276669913263178,False,74
27,0.10871074116873064,8557737.607430682,0.08325449076682429,False,74
28,0.10831050650127833,8595974.167415768,0.08315410137161275,False,74
29,0.10791250145439081,8634214.390656812,0.08306529516659202,False,74
30,0.10751670069878773,8672457.30186832,0.0830001322462608,False,74
31,0.10712308850971261,8710702.545284491,0.08294359395137785,False,74
32,0.10673165940317282,8748950.416136624,0.08287989853410808,False,74
33,0.10634239515936814,8787200.54927722,0.08282505517745463,False,74
34,0.10595528272378571,8825452.914426899,0.08277094586637752,False,74
35,0.10557030584248611,8863707.331429042,0.08272120398839135,False,74
36,0.10518706702965532,9401941.518300254,0.08321163140498276,False,74
37,0.10480594015483367,9440177.73564542,0.08316240779392271,False,74
38,0.10442690850265075,9478415.833420979,0.08311682160266504,False,74
39,0.10404995896961475,9516655.880941708,0.08306955505303047,False,74
40,0.10367507120321585,9554897.525120359,0.08303084819429832,False,74
41,0.10330223381835911,9593140.943109043,0.08298784673898439,False,74
42,0.10293142576226841,9631385.737258395,0.08295448526826565,False,74
43,0.10256262570389073,9669631.4836818,0.08293139983667586,False,74
44,0.10219531372840761,9707847.531659005,0.08289200850192016,False,74
45,0.10182540841403492,9745785.556591604,0.08285870520153253,False,74
46,0.10145753114287315,9783725.003054745,0.08282711563388398,False,74
47,0.10107957069269442,9820920.674713612,0.08279620384813015,False,74
48,0.10070676061646894,9816638.129060376,0.08275450537653485,False,74
49,0.10033902322084594,9812543.299192404,0.08272383571660952,False,74
50,0.11507617941003923,10308613.890450712,0.08316208977120966,False,74
51,0.11464857510187987,10305613.404110933,0.08334684277166107,False,74
52,0.1142233724157828,10302614.03465663,0.08331581817503211,False,74
53,0.11380055277157872,10299615.748993998,0.08328571285087602,False,74
54,0.11338009999774178,10296618.630122116,0.0832533019967538,False,74
55,0.11296199919538359,10293622.82109253,0.08321691748859136,False,74
56,0.1125462296392703,10290628.154329648,0.08318518785778488,False,74
57,0.11213277624485687,10287634.747698747,0.08315018419170306,False,74
58,0.11172161678643792,10284642.334715208,0.08312258287611449,False,74
59,0.11131273766108475,10281651.094456514,0.08309000718594244,False,74
60,0.11090612725783411,10278661.30849534,0.0830496100326101,False,74
61,0.11050176004066244,10275672.505653836,0.08302230115291892,False,74
62,0.11009962637124031,10272685.057800524,0.08298466259200346,False,74
63,0.1096997072981929,10269698.829204889,0.08295079432318088,False,74
64,0.10930198370658058,10266713.663963731,0.08292125669878651,False,74
65,0.10890643685978915,10263729.415439995,0.08289579232599815,False,74
66,0.10851305652209309,10260746.396623427,0.08286163379355152,False,74
67,0.108121823630861,10257764.427633893,0.08283247193153391,False,74
68,0.10773272490872478,10254783.640596082,0.08279963993918232,False,74
69,0.10734574633636874,10251804.12073595,0.08276444055923805,False,74
70,0.10696087222259934,10248825.852503035,0.08272967313655923,False,74
71,0.10657779673017292,10745832.298844665,0.0831542682880191,False,74
72,0.10619679527437312,10742839.817745306,0.08312447498223957,False,74
73,0.10581785858411402,10739848.737659335,0.083085557943661,False,74
74,0.10544097008045408,10736858.963621464,0.083049278829799,False,74
75,0.10506610844342737,10733870.115110448,0.08302356975041289,False,74
76,0.10469326475720724,10730882.520803258,0.08298873075524844,False,74
77,0.10431818992966778,10727647.305654805,0.08295423457569855,False,74
78,0.10394514845552588,10724413.292295225,0.0829234194764033,False,74
79,0.10357412805486498,10721180.625051685,0.08288890368057122,False,74
80,0.10320849436213449,10718151.192905633,0.08285626382367112,False,74
81,0.10284817660269516,10715324.833002234,0.08282373343289444,False,74
82,0.10249310910431295,10712701.603603484,0.08278435972382486,False,74
83,0.10214321954752012,10710281.078965435,0.08275297907863138,False,74
84,0.10179513307720908,10707861.382152304,0.0827246773719347,False,74
85,0.10144862828692283,11205429.703559827,0.08313431085391144,False,74
86,0.10110390598429139,11202998.97303535,0.08310189827270367,False,74
87,0.10076095388556157,11200569.187445994,0.08306959279852227,False,74
88,0.10041976067290048,11198140.39717939,0.08303556467027405,False,74
89,0.10008031231658585,11195712.477535779,0.08300579978155119,False,74
90,0.1131683713996423,11193285.658001473,0.08296818920704482,False,74
91,0.11276230875091844,11190854.296966085,0.08312345420126395,False,74
92,0.11235844323475441,11188423.695965618,0.08309747010144526,False,74
93,0.11195676340220442,11185994.087762224,0.08306352832117923,False,74
94,0.11155725233755025,11183565.411955347,0.08303165151717727,False,74
95,0.11115989569806652,11181137.736742944,0.08299744315908399,False,74
96,0.11076467493266505,11178710.898140192,0.08296884111966576,False,74
97,0.11037157412352258,11176284.86336235,0.08294135992621013,False,74
98,0.10998058215370986,11173859.852177873,0.0829063652813437,False,74
99,0.10959167920811742,11171435.60680348,0.08288018373990635,False,74
100,0.1092048534604479,11169012.295003083,0.08284826668024683,False,74
0,0.1,5000000.0,0.1047,False,75
1,0.10247027324187999,5583333.333333333,0.083059916539227,False,75
2,0.1022779033680937,5625000.0,0.08304783184072043,False,75
3,0.10204715648853721,5666666.666666667,0.08296021722989999,False,75
4,0.10177347204219019,5707090.114858946,0.08288123162587475,False,75
5,0.10146588109107069,5746272.799181674,0.08279941146464331,False,75
6,0.10112917370030602,6284182.953621126,0.0834780494936611,False,75
7,0.10076717376321394,6320850.019899961,0.08332667313053518,False,75
8,0.10040225933164677,6357525.946477978,0.08317900147749568,False,75
9,0.10003571458901188,6394210.160550376,0.0830408765711393,False,75
10,0.10507566391052942,6430901.81700581,0.08291683685387254,False,75
11,0.10467792961810204,6467593.986097939,0.08290829290896384,False,75
12,0.10428068931381594,6504293.055020499,0.08279329573511218,False,75
13,0.1038836256611186,7040956.493864248,0.08338713038198116,False,75
14,0.10348778732603879,7077627.616140361,0.08325907317588095,False,75
15,0.10309341440859693,7114306.620285385,0.08312770869404651,False,75
16,0.1027006857555627,7150993.293083275,0.08299989781296704,False,75
17,0.102309731456424,7187687.019352034,0.08288233996514208,False,75
18,0.10192065729580818,7224387.700804358,0.0827664202390297,False,75
19,0.10153290786851642,7761056.3706295965,0.08329994735715562,False,75
20,0.10113908472220864,7797233.289539184,0.0831779963193721,False,75
21,0.10074744844444324,7833418.363565879,0.08305443393898036,False,75
22,0.10035801648440767,7869610.786172594,0.08294309181745226,False,75
23,0.11044276277021736,7906322.50911102,0.08284127445334874,False,75
24,0.11001451595108655,7943542.731131556,0.08291738267841922,False,75
25,0.10959813905629757,7981280.85343509,0.08281516444024498,False,75
26,0.10919344807613142,8019535.401251235,0.0827180327398896,False,75
27,0.10879056967432371,8557770.229406154,0.08319608513324084,False,75
28,0.10838994089683826,8596009.352737417,0.08309195964612176,False,75
29,0.10799155124618792,8634252.516250359,0.08299401584783833,False,75
30,0.10759536195901036,8672497.999230256,0.0829377863458729,False,75
31,0.10720136961902563,8710746.13535592,0.08287346766064502,False,75
32,0.10680956099825908,8748996.786641974,0.08281249407544433,False,75
33,0.10641991999699073,8787249.708440185,0.0827574513564965,False,75
34,0.10603205224618911,9325483.00650794,0.08323317815543754,False,75
35,0.10564633393470113,9363718.769321721,0.08317342673660565,False,75
36,0.10526274330112127,9401956.530938558,0.08312497090496007,False,75
37,0.10488126207004903,9440196.037972549,0.08308265776185914,False,75
38,0.10450187584813528,9478437.273071151,0.08304076528636246,False,75
39,0.10412456786940819,9516680.08832443,0.0830024585063675,False,75
40,0.10374931757004979,9554924.113661211,0.08297312314872697,False,75
41,0.10337611622459864,9593169.679403806,0.08293577997748514,False,75
42,0.10300495347921297,9631417.026566554,0.08289259403435764,False,75
43,0.10263580604714405,9669665.621821124,0.08286233726286789,False,75
44,0.10226814440853835,9707884.271723736,0.08282950411002206,False,75
45,0.10189789393486796,9745825.326491136,0.08279137553925793,False,75
46,0.10152967747480403,9783768.025166785,0.08275484424481927,False,75
47,0.10115138156762543,9820967.831506854,0.08271963567771949,False,75
48,0.10077783580331262,10316664.312499385,0.08315978758398879,False,75
49,0.10040939701497807,10312550.031582532,0.08311678619901046,False,75
50,0.10004599092189634,10308624.410486374,0.0830819279610173,False,75
51,0.11489921891422765,10305635.021431739,0.0830385848509428,False,75
52,0.11447268189582956,10302638.666972099,0.08323206832328935,False,75
53,0.11404854531565461,10299643.790565386,0.08319101129760234,False,75
54,0.11362678972142008,10296650.316545725,0.08315205610167653,False,75
55,0.11320739480738687,10293658.11490514,0.0831167122384678,False,75
56,0.11279034145155155,10290667.106303783,0.08308357225990691,False,75
57,0.11237561419735274,10287677.39399208,0.08304756421398317,False,75
58,0.11196319414874539,10284688.893392429,0.08301390554586567,False,75
59,0.1115530681389197,10281701.81420396,0.08297442190191975,False,75
60,0.11114521383739606,10278715.872722227,0.08294281893706905,False,75
61,0.11073962192670003,10275731.469885245,0.08290007880505013,False,75
62,0.11033626713447094,10272748.145142637,0.08287013173915929,False,75
63,0.10993513492036615,10269766.002530055,0.08283729479394376,False,75
64,0.10953620928424179,10266785.060426654,0.08280394731671503,False,75
65,0.10913948091149062,10263805.696600324,0.08276010628697211,False,75
66,0.1087449282879905,10260827.615239706,0.08272448223940591,False,75
67,0.10835223529879888,10757834.149478644,0.08315182669614976,False,75
68,0.10796169307684243,10754842.160115102,0.08311081565397013,False,75
69,0.10757328382183959,10751851.53068191,0.08307303981085813,False,75
70,0.10718698908742962,10748862.097643172,0.08303980663164733,False,75
71,0.10680279286085032,10745873.823976032,0.08300760186501821,False,75
72,0.106420681001963,10742886.770733701,0.0829737011758778,False,75
73,0.10604064117258936,10739901.095732095,0.08293541671134504,False,75
74,0.10566265852690049,10736916.807739096,0.08289688869439327,False,75
75,0.10528671136227997,10733933.510405835,0.08286937036831617,False,75
76,0.10491278954836687,10730951.465449328,0.08283458212517075,False,75
77,0.10453663318536088,10727721.947751954,0.08280814608653056,False,75
78,0.1041625143690739,10724493.439984387,0.08278225045044621,False,75
79,0.10379042503305447,10721266.336327367,0.08274624761589597,False,75
80,0.10342373194262545,10718241.968258286,0.082717759154353,False,75
81,0.10306211523349192,11215405.273426564,0.08312658847536455,False,75
82,0.10270577901511518,11212772.316567224,0.08309134072870396,False,75
83,0.10235464982748005,11210342.633557959,0.0830660857868412,False,75
84,0.10200533368310892,11207913.836020317,0.08303581325269928,False,75
85,0.10165781719291167,11205485.868880069,0.08300742359826166,False,75
86,0.1013120932782906,11203059.056866743,0.08296793207949141,False,75
87,0.10096814680906674,11200633.227824945,0.08293432621529537,False,75
88,0.10062596465608958,11198208.323640762,0.08290270715153406,False,75
89,0.10028553368184552,11195784.277979517,0.08287335593995353,False,75
90,0.11364239553134475,11193360.99032214,0.08284744127785369,False,75
91,0.11323385899662003,11190933.611537492,0.08298730887682104,False,75
92,0.11282753905853501,11188507.09313611,0.08295789406438471,False,75
93,0.1124234175367159,11186081.32260805,0.08293232574559398,False,75
94,0.11202148200496266,11183656.481320497,0.08290055683940488,False,75
95,0.1116217173289739,11181232.603133615,0.08286763032068556,False,75
96,0.11122410766564848,11178809.677201614,0.08283507459829245,False,75
97,0.11082863612622176,11176387.628761243,0.0828050748844531,False,75
98,0.11043528465985597,11173966.311225777,0.08278008668253803,False,75
99,0.11004403899990645,11171545.772736462,0.08275345262621077,False,75
100,0.10965488557583125,11169126.09305178,0.0827240917840086,False,75
0,0.1,5000000.0,0.1047,False,76
1,0.10248510117723027,5583333.333333333,0.08304262707018807,False,76
2,0.10229268958690754,5625000.0,0.08302158091484904,False,76
3,0.10206189272024715,5666666.666666667,0.08293341707990334,False,76
4,0.10178815645037649,5707090.565426452,0.08285119379216416,False,76
5,0.10148051378103945,5746274.154253404,0.08276926132386277,False,76
6,0.10114374998415797,6284185.313972555,0.08345570994478402,False,76
7,0.10078170317398652,6320854.3158983225,0.08329441234831954,False,76
8,0.10041673538933607,6357531.826475334,0.08315260149425659,False,76
9,0.10005013518755151,6394217.5232686475,0.083016164555891,False,76
10,0.10513000446172534,6430911.418244813,0.08287952817501842,False,76
11,0.10473200004326419,6467605.807113656,0.0828712966303998,False,76
12,0.10433450263820167,6504307.829545364,0.08274407058265397,False,76
13,0.10393718211461153,7040974.226794248,0.08333782362970514,False,76
14,0.10354109555119104,7077648.764043214,0.08320215696169402,False,76
15,0.10314647808948234,7114331.340226052,0.08306817473047,False,76
16,0.10275350539777567,7151021.54550608,0.08294102311066004,False,76
17,0.10236228999305659,7187717.695773283,0.0828419399910688,False,76
18,0.10197295041686069,7224420.444253799,0.08273196976917317,False,76
19,0.10158493127044692,7761090.844642032,0.08327110464054661,False,76
20,0.10119083788036072,7797269.733400699,0.08314815012121561,False,76
21,0.10079892001994506,7833455.958990704,0.08303698601001744,False,76
22,0.10040921351294178,7869649.843249157,0.082920945578992,False,76
23,0.10002991981657479,7906363.332596526,0.08281174201543139,False,76
24,0.11064881119800668,7943593.972693618,0.0827231061925281,False,76
25,0.11022882951909568,7981331.896082437,0.08281935763577877,False,76
26,0.10982020899852636,8519562.719976619,0.08329315812083203,False,76
27,0.10941386596837616,8557797.782374922,0.08319040650573649,False,76
28,0.10900979550245853,8596036.987030452,0.08308998814875865,False,76
29,0.10860798901081015,8634280.192164626,0.0829930068483064,False,76
30,0.10820841690327473,8672526.210345455,0.08292481177790252,False,76
31,0.10781105879806911,8710774.44143002,0.08287116562668415,False,76
32,0.10741590889758146,8749025.169481691,0.08281063309075899,False,76
33,0.10702294497464507,8787277.815981371,0.08276412526022658,False,76
34,0.1066317712097419,9325510.59396862,0.08324578616769555,False,76
35,0.10624276717193543,9363745.602977218,0.08319170080168262,False,76
36,0.10585590660721649,9401982.130743843,0.08315488242526772,False,76
37,0.10547117498959062,9440220.146818245,0.08311880223667827,False,76
38,0.10508855819626854,9478459.65761437,0.08308256655854586,False,76
39,0.10470804509397803,9516700.853999378,0.0830417037978112,False,76
40,0.10432961565858906,9554943.414689034,0.08300862974568124,False,76
41,0.10395326261842909,9593187.767873483,0.08296517532645702,False,76
42,0.10357896728862445,9631433.674139956,0.0829275248531529,False,76
43,0.10320671049158074,9669680.85851465,0.08289654041142695,False,76
44,0.10283595498660135,9707897.934558047,0.08286731192462259,False,76
45,0.10246258869804331,9745837.039422115,0.08283470672433635,False,76
46,0.10209127935775635,9783777.79214128,0.08279808772220666,False,76
47,0.10170980717804957,9820975.300342737,0.08276219380016676,False,76
48,0.1013335398681738,9816694.594179355,0.082718959678892,False,76
49,0.1009620128812495,10312577.791217295,0.08316773660725418,False,76
50,0.10059556823549336,10308649.776956055,0.08313257695746286,False,76
51,0.10024612738048432,10305658.30193067,0.08309652848293053,False,76
52,0.11506053026636447,10302667.816996006,0.08306902596285039,False,76
53,0.11463308221784495,10299670.659216883,0.08325438275341014,False,76
54,0.11420804181015379,10296674.994787958,0.08321290080347095,False,76
55,0.11378538345206908,10293680.435564367,0.08318220065524656,False,76
56,0.11336509151657753,10290687.093260126,0.08314839734004834,False,76
57,0.11294715115894882,10287695.114532297,0.08311052021750955,False,76
58,0.11253154038672854,10284704.265961815,0.08307912695783592,False,76
59,0.11211824218385007,10281714.563011704,0.08304730416973566,False,76
60,0.11170723877829004,10278725.973025603,0.0830163885027693,False,76
61,0.11129852194637183,10275738.963484481,0.08297248725346132,False,76
62,0.11089207378859332,10272753.484984677,0.08292995832782732,False,76
63,0.1104878710484711,10269769.189782517,0.08289708894889145,False,76
64,0.11008589571508755,10266785.998517424,0.08286642403034242,False,76
65,0.10968612727003182,10263803.68515263,0.0828420379109305,False,76
66,0.10928855555707306,10260822.57845138,0.08280851947914056,False,76
67,0.10889316873219,10257842.913233344,0.0827684782787678,False,76
68,0.10849994894131823,10254864.58828265,0.0827312486303666,False,76
69,0.10810858225674241,10751870.998089015,0.08315528315653309,False,76
70,0.10771934944031088,10748878.477904452,0.08312556068232668,False,76
71,0.1073322411796094,10745887.37734007,0.08308612678841513,False,76
72,0.1069472400262931,10742897.58494547,0.08304978873892527,False,76
73,0.10656432717444048,10739908.901571259,0.08301898261697943,False,76
74,0.10618348843668253,10736921.380159853,0.0829867058724033,False,76
75,0.10580471341553128,10733935.285005312,0.08294708762617745,False,76
76,0.10542798020358225,10730950.21242338,0.08291868283145921,False,76
77,0.10504899842392114,10727717.488362454,0.08289036053651783,False,76
78,0.10467208172271124,10724486.181903698,0.08285401176297578,False,76
79,0.10429721087186265,10721256.045711411,0.08282400493036972,False,76
80,0.10392778465009866,10718228.84846388,0.08279513839402626,False,76
81,0.10356372930183026,10715404.305959504,0.08277047631871266,False,76
82,0.10320497892924374,10712782.51362755,0.08273900850349646,False,76
83,0.10285125038011357,11210350.44339399,0.0831477002925879,False,76
84,0.10249935138828796,11207919.169207692,0.0831204850016778,False,76
85,0.10214927346398076,11205488.94161472,0.08308470403334482,False,76
86,0.1018010030923301,11203059.703310262,0.08305088220365028,False,76
87,0.10145452272762197,11200631.142150402,0.08302773196106049,False,76
88,0.10110982676100051,11198203.668252114,0.08299056062523628,False,76
89,0.10076690137393131,11195777.185356393,0.0829566801955553,False,76
90,0.10042573384537665,11193351.656980757,0.08292404703035712,False,76
91,0.1000863093657703,11190926.908779401,0.08289737440527484,False,76
92,0.11329036357423058,11188503.015276304,0.08286815395213698,False,76
93,0.11288371353654122,11186075.016354851,0.08300851013510181,False,76
94,0.11247926703215075,11183647.90435916,0.08297818788691652,False,76
95,0.11207700564828986,11181221.547969421,0.0829523552046782,False,76
96,0.11167691567221338,11178796.054837577,0.08292284211438716,False,76
97,0.1112789849807792,11176371.612185432,0.08288692827844338,False,76
98,0.11088319321056561,11173947.961701049,0.08285984561993498,False,76
99,0.11048952856928329,11171525.294220075,0.08282623866571387,False,76
100,0.11009797648586434,11169103.646563763,0.08279137286538235,False,76
0,0.1,5000000.0,0.1047,False,77
1,0.10248416877363227,5583333.333333333,0.08304371241887244,False,77
2,0.10229175980659878,5625000.0,0.0830176834951169,False,77
3,0.1020609660833109,5666666.666666667,0.08292875376243607,False,77
4,0.1017872327241625,5707090.515878875,0.08285449696391595,False,77
5,0.10147958968481954,5746273.8259468,0.08277855329136682,False,77
6,0.10114283090836436,6284185.011917418,0.08345512657888739,False,77
7,0.10078077147386992,6320852.927887835,0.0833125116041866,False,77
8,0.10041578511388632,6357528.968536285,0.08317710030361576,False,77
9,0.10004916552510998,6394213.1276137205,0.08304179315385196,False,77
10,0.10508688097379125,6430904.577354289,0.08292028210164712,False,77
11,0.10468907107010665,6467596.044356889,0.08291999440111805,False,77
12,0.10429177724827103,6504295.689995084,0.08278368380785762,False,77
13,0.10389465806278647,7040959.584270736,0.08337953985024095,False,77
14,0.10349876637223565,7077631.27791534,0.08324955036770776,False,77
15,0.10310433896043134,7114310.770808101,0.08311956289844154,False,77
16,0.10271153605476235,7150996.72689013,0.0830118430772979,False,77
17,0.10232051989615185,7187690.4536027005,0.08288233256829446,False,77
18,0.10193138466063438,7224391.158002109,0.08276603778762981,False,77
19,0.10154358649143348,7761060.585622194,0.0832873174430337,False,77
20,0.10114971793462481,7797238.527775214,0.08316249263101362,False,77
21,0.10075802809490368,7833424.103729624,0.08304682897359023,False,77
22,0.10036854300132993,7869617.031788453,0.08293543345208283,False,77
23,0.11046563297306232,7906329.230360735,0.08283332237218202,False,77
24,0.1100372580439533,7943549.708466341,0.08291260719929293,False,77
25,0.10962075166460096,7981287.800461578,0.08281580335029604,False,77
26,0.10921593792727492,8019542.475304199,0.0827149533101872,False,77
27,0.10881293162494894,8557777.104627363,0.08320090529700126,False,77
28,0.10841217450162614,8596015.951083437,0.0830986717719709,False,77
29,0.10801365558943885,8634258.732541757,0.08300327777806504,False,77
30,0.10761734475258632,8672504.211256647,0.08293788973999347,False,77
31,0.10722322754954283,8710752.105759494,0.08287932518352875,False,77
32,0.10683129089042846,8749002.282386836,0.08282400095329177,False,77
33,0.10644152810217551,8787255.030564755,0.08276166033319715,False,77
34,0.1060535349301942,9325487.901437448,0.08324353439940282,False,77
35,0.10566769225417111,9363723.243274726,0.0831836322276227,False,77
36,0.1052839677335969,9401959.97774736,0.0831498713704604,False,77
37,0.10490235650609643,9440198.623679869,0.08310353294923628,False,77
38,0.1045228354697113,9478438.656767095,0.08306990495614135,False,77
39,0.10414538764777319,9516679.911699925,0.0830402844566195,False,77
40,0.10377000759691178,9554922.908807622,0.08299804991438477,False,77
41,0.10339667691683296,9593167.411459189,0.08296155188121336,False,77
42,0.10302537437527937,9631413.009277884,0.0829350023750815,False,77
43,0.10265608688036812,9669659.772210216,0.08290675719599278,False,77
44,0.10228828845645487,9707876.729808703,0.08287015725098165,False,77
45,0.10191789537079517,9745815.753852768,0.0828365027244837,False,77
46,0.10154953123850387,9783756.041336522,0.08280842628689647,False,77
47,0.10117107446342753,9820952.767284127,0.08277667998259633,False,77
48,0.10079776808848157,9816670.798240481,0.08274336316226592,False,77
49,0.10042916368440125,10312553.004788158,0.08318774651157039,False,77
50,0.10006560335427064,10308624.43903103,0.08314424882815195,False,77
51,0.11481837119641392,10305632.77783696,0.08310169983521765,False,77
52,0.11439224924930419,10302634.661393618,0.0832810123150535,False,77
53,0.11396852422799039,10299637.995394515,0.08324072219731965,False,77
54,0.11354717186720377,10296642.453145927,0.08320950690525895,False,77
55,0.11312817703912563,10293648.167923983,0.08317458949836681,False,77
56,0.11271152504925412,10290655.290393194,0.08313548696633036,False,77
57,0.11229719657950793,10287663.722955395,0.08309909549441473,False,77
58,0.1118851701781173,10284673.244592436,0.08306884341552045,False,77
59,0.11147543097812067,10281683.971389418,0.08303536675048738,False,77
60,0.11106796466496281,10278696.043258032,0.08299800364964102,False,77
61,0.110662751877177,10275709.32341667,0.08296444003781613,False,77
62,0.11025977575767652,10272723.799219543,0.08293122769798236,False,77
63,0.10985901725903868,10269739.330377987,0.08290191226538982,False,77
64,0.10946046678687554,10266756.282199984,0.08286244938892598,False,77
65,0.1090641073778418,10263774.614690542,0.08282409748450147,False,77
66,0.10866991579094726,10260793.931767773,0.08279674785473598,False,77
67,0.10827787858642239,10257814.365307137,0.08276573501758856,False,77
68,0.10788797970111433,10254835.89543032,0.08273527435599315,False,77
69,0.10749991132132126,10751842.10254703,0.08316091342473507,False,77
70,0.10711395825856485,10748849.67903704,0.08312287527754869,False,77
71,0.10673010311957491,10745858.511138061,0.083087997193838,False,77
72,0.10634833030650258,10742868.577172562,0.08305372126387038,False,77
73,0.10596862425883562,10739879.849231904,0.08302022057381261,False,77
74,0.1055909707462489,10736892.36771725,0.08298559762931888,False,77
75,0.1052153533680951,10733906.040155139,0.08295354339193187,False,77
76,0.10484175748527726,10730920.86707085,0.08292147456359782,False,77
77,0.10446592248962967,10727687.826697046,0.08289847112314307,False,77
78,0.10409212117547036,10724455.692222878,0.08287524292737929,False,77
79,0.10372034146692774,10721224.617804056,0.08284806202112013,False,77
80,0.10335395950645894,10718196.691031089,0.08281509122642013,False,77
81,0.10299290367707609,10715371.709210332,0.08278335005884614,False,77
82,0.10263710257485427,10712749.394780323,0.08275548497072312,False,77
83,0.10228648842241575,10710329.601996819,0.08272795841042727,False,77
84,0.101937468518791,11207897.630500162,0.08314432467197191,False,77
85,0.10159024778427753,11205466.573055428,0.08311307503362815,False,77
86,0.1012448145885917,11203036.475282252,0.08308026574961513,False,77
87,0.10090115724994081,11200607.373985598,0.0830461981761996,False,77
88,0.10055925769109868,11198178.903014956,0.08302464856896358,False,77
89,0.10021910515408342,11195751.13909263,0.0830004759769916,False,77
90,0.11334612273413935,11193324.466463702,0.08296316680098002,False,77
91,0.11293911158373225,11190893.487019207,0.08311040835879799,False,77
92,0.11253430482517614,11188463.291666508,0.08308360180169878,False,77
93,0.11213168811124495,11186033.963361664,0.08305395913993845,False,77
94,0.11173124740020154,11183605.595433598,0.08302112574581141,False,77
95,0.11133297144301285,11181178.424518732,0.08298020221765316,False,77
96,0.1109368413928274,11178752.277510373,0.08294519686695813,False,77
97,0.11054283770855354,11176326.932599496,0.0829177747308094,False,77
98,0.11015094740828654,11173902.511081913,0.08288620572933307,False,77
99,0.10976115172260223,11171478.81421549,0.0828614313306864,False,77
100,0.10937343663043586,11169055.891622476,0.08283496044489917,False,77
0,0.1,5000000.0,0.1047,False,78
1,0.10248535154617816,5583333.333333333,0.08304233567441387,False,78
2,0.10229293925144795,5625000.0,0.08300916781637635,False,78
3,0.102062141540727,5666666.666666667,0.0829296583137777,False,78
4,0.10178840954552243,5707090.886924926,0.08282976056048529,False,78
5,0.10148077766722596,5746275.206664267,0.0827448975775173,False,78
6,0.10114403747379853,6284187.899593551,0.08342163860852192,False,78
7,0.10078199316034314,6320857.151370519,0.08329024816165077,False,78
8,0.10041702819263316,6357534.935046473,0.0831480498452093,False,78
9,0.10005042657638051,6394220.643535184,0.08301596963259919,False,78
10,0.1051213295093811,6430914.017129422,0.0828882178738063,False,78
11,0.10472337013333001,6467608.16367013,0.08287533543266304,False,78
12,0.10432592265291088,6504310.236966846,0.08274322283253092,False,78
13,0.10392865694372347,7040976.981369123,0.08333203773984284,False,78
14,0.10353261747620314,7077651.4256589,0.08320370628149192,False,78
15,0.10313803218352892,7114333.032024262,0.08308433835509411,False,78
16,0.10274508553561944,7151021.905813975,0.08296321461587562,False,78
17,0.1023539110662013,7187717.628094815,0.0828490730971172,False,78
18,0.10196461206125765,7224419.941073332,0.08273922813585112,False,78
19,0.10157665958804159,7761091.512496269,0.0832515873954982,False,78
20,0.10118263047614902,7797271.398631013,0.08313303836247707,False,78
21,0.10079076687216593,7833458.035392355,0.08303075614128957,False,78
22,0.10040110778783351,7869651.932794832,0.08292074642713695,False,78
23,0.10002186553601979,7906365.771569056,0.08280589997814362,False,78
24,0.1096262976676576,8443565.92010008,0.08329171348517221,False,78
25,0.10921163846072734,8481277.651960744,0.08337148471153587,False,78
26,0.10880867603973488,8519509.739095446,0.08326253410821459,False,78
27,0.10840794487034777,8557745.826718023,0.08316555258402172,False,78
28,0.10800944555415708,8595986.110449387,0.08306382873457978,False,78
29,0.10761317054075165,8634230.492425017,0.0829644773584369,False,78
30,0.10721907948599675,8672477.148906404,0.08290933782494089,False,78
31,0.10682716456572448,8710726.158535544,0.08285229181884184,False,78
32,0.1064374126253461,8748977.375284003,0.08279878589588748,False,78
33,0.10604981074216369,8787230.723461432,0.08274711489056806,False,78
34,0.10566396455594065,9325464.185607841,0.0832292004910763,False,78
35,0.10528025219213796,9363700.068722975,0.08317051034016622,False,78
36,0.10489865048665507,9401937.814661024,0.08312535099678532,False,78
37,0.10451914310659048,9440177.272946235,0.08308383955038523,False,78
38,0.10414171526092547,9478418.394778516,0.0830435111366332,False,78
39,0.10376634967577071,9516660.99291091,0.0830077220430039,False,78
40,0.10339302945341142,9554904.904550822,0.08297587943641083,False,78
41,0.10302174110559979,9593150.170830503,0.0829430396844929,False,78
42,0.10265247456167517,9631397.04058143,0.08290416765431145,False,78
43,0.10228520849999917,9669645.086325968,0.08287565871824824,False,78
44,0.10191942157533167,9707863.443357792,0.08283653955789991,False,78
45,0.10155105352659924,9745804.071999768,0.08280084499311519,False,78
46,0.10118469886652448,9783745.918070773,0.08277379101465399,False,78
47,0.10080830322630212,9820944.283743802,0.08274631469697517,False,78
48,0.10043663181181124,10316639.416805288,0.08318583456070762,False,78
49,0.10007003462352261,10312523.560288092,0.08314861650902476,False,78
50,0.11481533169942033,10308596.218908872,0.08311833606813203,False,78
51,0.11438920178822026,10305596.937460454,0.0833133735671691,False,78
52,0.11396546436877283,10302598.873376664,0.08327955788307485,False,78
53,0.11354410514119631,10299602.211286806,0.08324061360713385,False,78
54,0.11312510170599838,10296606.710314354,0.08320836034587735,False,78
55,0.11270843667182452,10293612.378098167,0.08317589489408689,False,78
56,0.11229409044274363,10290619.098230036,0.08314666300368535,False,78
57,0.11188204851590877,10287627.012970103,0.08311347944258131,False,78
58,0.11147229295725156,10284636.076932611,0.08308155659696013,False,78
59,0.11106481310708172,10281646.624624358,0.0830403418958742,False,78
60,0.11065958879322593,10278658.477962974,0.08300407392736321,False,78
61,0.11025660307536317,10275671.621437527,0.08296823681796206,False,78
62,0.10985584050284346,10272686.11195535,0.08293081894941286,False,78
63,0.10945727690007391,10269701.52235182,0.08290526676473607,False,78
64,0.10906090261202206,10266718.20626146,0.0828698913988931,False,78
65,0.10866669962216964,10263736.054734407,0.08283754241817111,False,78
66,0.10827465647182344,10260755.312809912,0.08279838679158691,False,78
67,0.10788475082098624,10257775.614719952,0.08276939138783337,False,78
68,0.10749697421512269,10254797.358835628,0.08272933012012539,False,78
69,0.10711101528027998,10751803.832711363,0.08315350345183059,False,78
70,0.10672715045183084,10748811.338691495,0.08312483388516435,False,78
71,0.1063453632568695,10745819.801589968,0.08309825282024783,False,78
72,0.10596564534153097,10742829.602841027,0.08306107635944661,False,78
73,0.10558797841466858,10739840.550741145,0.08302922499672438,False,78
74,0.10521235174567202,10736852.88033449,0.08299084462927686,False,78
75,0.10483874754530512,10733866.412168704,0.08295744904964712,False,78
76,0.10446715031577425,10730881.08957437,0.08292562762036207,False,78
77,0.10409332216464069,10727647.88491346,0.08290268361311447,False,78
78,0.10372151443468794,10724415.654429616,0.08287770471398652,False,78
79,0.10335171768031134,10721184.703250103,0.08284490203880715,False,78
80,0.10298728709685616,10718156.939276326,0.08281063859901291,False,78
81,0.10262814856537651,10715331.97805353,0.0827827464555456,False,78
82,0.10227423193882137,10712709.584370714,0.08275798604552444,False,78
83,0.10192547399495536,10710289.857924873,0.08272569045609617,False,78
84,0.10157830100037415,11207858.092773417,0.08313727013519996,False,78
85,0.10123291501318706,11205427.271920325,0.08310498643050493,False,78
86,0.10088929797648401,11202997.037845565,0.08308492563279564,False,78
87,0.10054744398019345,11200567.77365499,0.08305176719917125,False,78
88,0.10020734121746504,11198139.495709397,0.08301804942196854,False,78
89,0.11333100376845459,11195712.243583398,0.08298297866671103,False,78
90,0.11292405962716094,11193280.63288065,0.08313198983754204,False,78
91,0.11251932345112123,11190850.01642842,0.08309799836691636,False,78
92,0.11211678072300833,11188420.471434552,0.08306136731175105,False,78
93,0.11171640897100044,11185991.647199793,0.08303672597463824,False,78
94,0.11131819219097056,11183563.522740018,0.08301280204360388,False,78
95,0.11092211767181212,11181136.245649142,0.0829838321667537,False,78
96,0.11052817005037427,11178709.816272981,0.08295485046705144,False,78
97,0.11013633800737951,11176284.44662514,0.08291862043899331,False,78
98,0.1097466021198632,11173859.90437145,0.08289033345947319,False,78
99,0.1093589480350881,11171436.222472873,0.082860919609476,False,78
100,0.10897336009676818,11169013.355486827,0.0828330593520173,False,78
0,0.1,5000000.0,0.1047,False,79
1,0.10248260772680928,5583333.333333333,0.08304553008104668,False,79
2,0.10229020315170706,5625000.0,0.0830325272301828,False,79
3,0.10205941469107804,5666666.666666667,0.0829537306314258,False,79
4,0.10178568222537838,5707090.1903380295,0.08287619968695949,False,79
5,0.10147803665703933,5746272.9156575985,0.08279804490327217,False,79
6,0.1011412770866177,6284183.577664706,0.08346677021246099,False,79
7,0.10077922881234411,6320851.668637047,0.08330959490544891,False,79
8,0.10041426052088064,6357528.312708641,0.08316704325120454,False,79
9,0.1000476576821622,6394212.997994177,0.0830330230188553,False,79
10,0.10510687960920483,6430905.709388511,0.08289925453888143,False,79
11,0.10470899409189205,6467599.384091257,0.08288319939868577,False,79
12,0.10431160428654909,6504300.04453173,0.08276677043655205,False,79
13,0.10391439520173354,7040965.30914779,0.08335670084345363,False,79
14,0.10351841260225364,7077638.295329652,0.08322800808006896,False,79
15,0.10312390009392147,7114319.405363941,0.08309261053962673,False,79
16,0.10273101210425328,7151006.957351336,0.08298524465451464,False,79
17,0.10233989372958863,7187701.218889241,0.08287341881269826,False,79
18,0.10195064927739536,7224401.993240091,0.08276487193028469,False,79
19,0.10156272979945265,7761070.716052517,0.08329906423734623,False,79
20,0.10116872510588604,7797247.125482753,0.0831857157035069,False,79
21,0.10077690145367259,7833431.243291289,0.08306892209290316,False,79
22,0.10038728605773883,7869622.86283834,0.08295525938811926,False,79
23,0.10000808764357205,7906334.550847654,0.08284185843013218,False,79
24,0.11060731696109943,7943564.569075446,0.08273470282283708,False,79
25,0.11018754807275345,7981301.242470755,0.0828457079601276,False,79
26,0.10977957698378396,8019554.939548001,0.08273865671325434,False,79
27,0.10937344006572373,8557788.958824532,0.08321569430633233,False,79
28,0.10896957762467435,8596027.30610902,0.0831107729013101,False,79
29,0.10856797395459933,8634269.448411753,0.08301877245900248,False,79
30,0.10816859000546428,8672513.667286877,0.08296843131013887,False,79
31,0.1077714252369485,8710760.45983468,0.08290603924520344,False,79
32,0.1073764673150338,8749009.748012433,0.08284553912515151,False,79
33,0.1069837009344935,8787261.3440616,0.08278959072724806,False,79
34,0.10659311380610444,8825515.274018547,0.08273301114468012,False,79
35,0.10620431636584697,9363750.018753462,0.08319810743637303,False,79
36,0.10581766604499335,9401986.57802719,0.08315411861666258,False,79
37,0.10543313497895956,9440224.154106032,0.08312946879570407,False,79
38,0.10505071770503219,9478463.248463852,0.08309266203265324,False,79
39,0.10467039624686444,9516703.651648466,0.08306093289826079,False,79
40,0.10429215028748887,9554945.018098015,0.08303758102095624,False,79
41,0.1039159741750766,9593187.864743153,0.08300169749160236,False,79
42,0.10354185341344506,9631432.195223663,0.08296572572497277,False,79
43,0.10316977269325531,9669677.963801682,0.08293086275502408,False,79
44,0.10279919940908464,9707894.047651462,0.08289114675802528,False,79
45,0.10242601651724625,9745832.157786494,0.08285681181413403,False,79
46,0.10205488918606793,9783771.909401564,0.08282033447987758,False,79
47,0.1016736009486885,9820968.214412276,0.0827844751102828,False,79
48,0.10129750628980701,9816685.791789256,0.08275212798105433,False,79
49,0.10092653628048633,9812591.164330197,0.08271974664761968,False,79
50,0.10056026293644799,10308661.812406955,0.08316088726439821,False,79
51,0.10021099130222402,10305669.434719944,0.08312160241690301,False,79
52,0.11498091858894784,10302678.172584519,0.08309061487288959,False,79
53,0.11455390059036821,10299680.35756636,0.08327263939330903,False,79
54,0.11412928538414968,10296683.949635537,0.08323355363389844,False,79
55,0.11370705511698197,10293688.956900189,0.0831942426485541,False,79
56,0.11328718660829498,10290695.102611935,0.08316261911812484,False,79
57,0.11286966927883511,10287702.753490465,0.08312080892971956,False,79
58,0.11245448025098276,10284711.63024535,0.08308675680876632,False,79
59,0.11204160080227667,10281721.658335464,0.08305477527461147,False,79
60,0.11163101555054053,10278732.930531394,0.08302021677971175,False,79
61,0.11122269951824058,10275745.02105685,0.08299748540398942,False,79
62,0.11081664209739192,10272758.257745316,0.0829656475425755,False,79
63,0.11041283195798379,10269772.928443983,0.08292581392595523,False,79
64,0.11001124514963755,10266788.634145128,0.08289706385709583,False,79
65,0.10961187009454476,10263805.633924078,0.08286111725138967,False,79
66,0.10921469021484947,10260823.910018595,0.08282566404117776,False,79
67,0.10881968682763703,10257843.319957435,0.0827941683655252,False,79
68,0.10842684415682002,10254863.871235618,0.08276246449488363,False,79
69,0.10803614636939562,10251885.560255725,0.08273086055257939,False,79
70,0.10764728391488977,10748891.907301396,0.08315702650915505,False,79
71,0.1072605355557644,10745899.231575236,0.08312988128227046,False,79
72,0.10687588860426028,10742907.682829691,0.08309857626517125,False,79
73,0.10649332597417557,10739917.155515632,0.08307020316836013,False,79
74,0.10611283279785619,10736927.661012052,0.08304151398839792,False,79
75,0.10573439212037025,10733939.082893405,0.08301605885126209,False,79
76,0.10535798952747961,10730951.441566577,0.0829900368563119,False,79
77,0.10497933872305568,10727716.050633406,0.08295874187616906,False,79
78,0.10460274785790356,10724481.907190561,0.08292675494478297,False,79
79,0.10422819383821104,10721248.532263728,0.08290704940593362,False,79
80,0.10385908503646571,10718218.454687525,0.08287391661413686,False,79
81,0.10349535165193689,10715391.626039293,0.08283746954524676,False,79
82,0.10313692246211328,10712767.827959785,0.0828023062566068,False,79
83,0.10278372533287594,10710346.700287754,0.08277359562496782,False,79
84,0.10243235513687364,10707926.468016218,0.08274298364218044,False,79
85,0.10208258716193752,11205494.252813334,0.0831526565089555,False,79
86,0.10173462320089342,11203062.933978006,0.08312201146423602,False,79
87,0.10138844957499105,11200632.433809334,0.08309402286053696,False,79
88,0.10104405310157416,11198202.697026089,0.08306792421360122,False,79
89,0.10070142602929032,11195773.997272184,0.08303247021897056,False,79
90,0.10036055643697343,11193346.347572336,0.08299657093494697,False,79
91,0.10002143081299394,11190919.655144257,0.08296384369497316,False,79
92,0.11310622567150186,11188494.106058476,0.08292475506946267,False,79
93,0.11270053316652026,11186064.426883979,0.08306595468367468,False,79
94,0.11229703457709804,11183635.485317608,0.08304073731184948,False,79
95,0.11189571899427977,11181207.54115954,0.08300663788266574,False,79
96,0.1114965720168642,11178780.666441506,0.08297007583023944,False,79
97,0.11109957632557456,11176354.771077633,0.08293659363667742,False,79
98,0.1107047131831979,11173929.67923867,0.08290912269957201,False,79
99,0.1103119744504886,11171505.776725402,0.08286846199208833,False,79
100,0.10992133936775669,11169082.764278779,0.08283803236313364,False,79
0,0.1,5000000.0,0.1047,False,80
1,0.10248792555214103,5583333.333333333,0.0830393409078151,False,80
2,0.10229550601545248,5625000.0,0.08303126549091167,False,80
3,0.10206469962701067,5666666.666666667,0.08295046111298071,False,80
4,0.1017909441818554,5707090.084163252,0.08288327800542133,False,80
5,0.10148327963127277,5746273.106099254,0.08278815768883876,False,80
6,0.10114648523056798,6284183.228693629,0.08347875716206181,False,80
7,0.1007843736364302,6320849.12997745,0.08334608971409492,False,80
8,0.10041934371065449,6357523.676154243,0.0832020081645458,False,80
9,0.10005268517701604,6394206.616567531,0.08306210422299774,False,80
10,0.10507151704275963,6430896.941857448,0.08293902294581784,False,80
11,0.10467376778317894,6467586.861604507,0.08294578199344274,False,80
12,0.10427650424346575,6504283.173697167,0.08283924290011078,False,80
13,0.10388014422693759,6540986.803873964,0.08271727483117422,False,80
14,0.10348427381341199,7077654.837123669,0.08331055694937027,False,80
15,0.10308985592677981,7114329.952442986,0.0831925224558339,False,80
16,0.1026970808481673,7151012.611450988,0.08306679431108248,False,80
17,0.10230609039214258,7187702.906934401,0.0829395197208987,False,80
18,0.1019169813292601,7224400.202968742,0.08282284387211844,False,80
19,0.10152919264325473,7761065.188681133,0.08336134923792338,False,80
20,0.1011353298451878,7797238.338504394,0.08323510368796408,False,80
21,0.10074364909374399,7833419.310899138,0.08311657987759857,False,80
22,0.10035417487890712,7869607.732464768,0.08300371365206506,False,80
23,0.11035835064393765,7906315.808594341,0.08290224513427563,False,80
24,0.10993052318291473,7943532.184474163,0.08298910558218725,False,80
25,0.10951456579015874,7981267.216647284,0.08288030552926234,False,80
26,0.10911028890677911,8019519.124469463,0.08278203259367367,False,80
27,0.1087078203960771,8557751.212186225,0.08326251999771878,False,80
28,0.10830759561823836,8595987.426703218,0.08316247635570669,False,80
29,0.10790960932193334,8634227.802201578,0.0830616040801507,False,80
30,0.10751382485490908,8672470.735716477,0.08299959155796201,False,80
31,0.10712023068816873,8710716.106185503,0.08294051388216214,False,80
32,0.10672881706851614,8748963.96812212,0.08288011466788289,False,80
33,0.10633957814698156,8787214.660344275,0.08281150168510824,False,80
34,0.1059524879389331,8825467.419598551,0.08276139181547056,False,80
35,0.10556715992398323,9363700.690714216,0.08323383153945103,False,80
36,0.1051839501667773,9401935.570861261,0.0831948247180996,False,80
37,0.10480284949898232,9440172.330132948,0.08314927018131787,False,80
38,0.10442383698008445,9478410.567957796,0.08311342646830408,False,80
39,0.10404689440885802,9516650.046241028,0.08308335474994097,False,80
40,0.10367201219145109,9554891.038358686,0.08304665573357319,False,80
41,0.10329917243607561,9593133.332110588,0.08301510096399893,False,80
42,0.10292836245068239,9631377.02345525,0.08298121992740494,False,80
43,0.10255956738482862,9669622.079554794,0.08294813496052661,False,80
44,0.10219225882108958,9707837.339750824,0.08291093286589696,False,80
45,0.10182236532123637,9745775.075092655,0.08286514055193994,False,80
46,0.10145450165932096,9783714.346161831,0.08283101327751762,False,80
47,0.1010765561373186,9820909.895816356,0.08279846318778433,False,80
48,0.10070375425440518,9816626.825735688,0.08276463923995382,False,80
49,0.10033602286532324,9812531.345438927,0.08273697569208588,False,80
50,0.1150363428797632,10308600.89413212,0.0831841546414133,False,80
51,0.1146089401279751,10305599.379044363,0.08337541910438048,False,80
52,0.11418393292422648,10302598.742531706,0.08335101424049442,False,80
53,0.11376131453924332,10299599.558407493,0.08331067011703751,False,80
54,0.11334106185320536,10296601.554666873,0.08327788168389572,False,80
55,0.11292316281003921,10293605.022329355,0.08323700937551724,False,80
56,0.11250759233792183,10290609.567672811,0.08320707379290475,False,80
57,0.11209433539660853,10287615.30919631,0.08317384656952664,False,80
58,0.11168337937372397,10284622.488562081,0.08313390650636537,False,80
59,0.11127470087833632,10281630.769467786,0.0831033081748295,False,80
60,0.11086828219342093,10278640.104203653,0.08307403511475414,False,80
61,0.11046410587483634,10275650.450475542,0.08304593689196185,False,80
62,0.1100621571814608,10272661.903427511,0.08301519577863607,False,80
63,0.1096624217390254,10269674.57210554,0.08298142561034276,False,80
64,0.10926487739477063,10266688.133296547,0.0829566335831179,False,80
65,0.10886950612465655,10263702.476158027,0.08293492051446268,False,80
66,0.10847630138289134,10260718.115557654,0.0828989055658976,False,80
67,0.1080852469376391,10257735.02978927,0.08286349356621521,False,80
68,0.10769632993795361,10254753.378020342,0.08282366024798171,False,80
69,0.10730953124218946,10251772.96045971,0.08278937668423568,False,80
70,0.10692483640658142,10248793.831034424,0.08275359514684096,False,80
71,0.10654222539612637,10245815.718512474,0.08272534783200448,False,80
72,0.10616140112456317,10742822.477061842,0.08314559585083899,False,80
73,0.10578263728604322,10739830.457963495,0.08311164162077543,False,80
74,0.10540591720838764,10736839.557306085,0.08308057381692081,False,80
75,0.10503122729225275,10733849.83991568,0.08304770528898446,False,80
76,0.10465855365705175,10730861.34782204,0.08301366926772465,False,80
77,0.10428364682873695,10727625.05885434,0.0829817684025935,False,80
78,0.10391077440680702,10724390.101650493,0.08294762061142912,False,80
79,0.10353991339169313,10721155.984960433,0.08292606897589143,False,80
80,0.103174435076361,10718125.027079636,0.08289799332092598,False,80
81,0.10281427339988648,10715297.34456303,0.08286249132916429,False,80
82,0.10245935335987595,10712672.4331204,0.08283744197647894,False,80
83,0.10210961142036809,10710250.391940998,0.08280482664623214,False,80
84,0.10176167008214458,10707829.08353114,0.08277977469608418,False,80
85,0.10141551846462814,10705408.598719822,0.08275161748093808,False,80
86,0.10107114102533907,10702988.736350723,0.08273033740510473,False,80
87,0.1007283226183009,11200556.920208845,0.08313901339748953,False,80
88,0.10038726408738323,11198126.210939083,0.08310117161585173,False,80
89,0.10004794756423034,11195696.244877812,0.08307576277848149,False,80
90,0.11298232516847548,11193267.062334016,0.08304897585624689,False,80
91,0.1125772188862967,11190833.437070925,0.08320086369539499,False,80
92,0.11217430695491562,11188400.779697757,0.08316777344164879,False,80
93,0.1117735728586737,11185969.055212058,0.08313587985292101,False,80
94,0.11137499821990848,11183538.121019194,0.0831088612945062,False,80
95,0.11097856767661816,11181107.985440174,0.0830815582570551,False,80
96,0.110584269252557,11178678.83182248,0.08304798692974845,False,80
97,0.11019208822589574,11176250.691314252,0.08301335070866472,False,80
98,0.1098020060092819,11173823.377850842,0.08298507567217175,False,80
99,0.10941401054622873,11171397.051370578,0.08295133265860381,False,80
100,0.10902808253368618,11168971.469198972,0.08292588620875409,False,80
0,0.1,5000000.0,0.1047,False,81
1,0.10247593998741723,5583333.333333333,0.0830533016971251,False,81
2,0.1022835541713084,5625000.0,0.08302875506349185,False,81
3,0.10205278818876118,5666666.666666667,0.082942693506935,False,81
4,0.1017790828046484,5707090.218002682,0.08287435537685323,False,81
5,0.10147146700273511,5746272.936244981,0.08279828081225019,False,81
6,0.10113474284675965,6284183.767862152,0.08346300109991153,False,81
7,0.10077270060680776,6320850.064306571,0.08333950370413663,False,81
8,0.10040773368643832,6357524.5905083595,0.08320234108132561,False,81
9,0.10004114334650713,6394207.82485729,0.08305720529560122,False,81
10,0.10506410248214774,6430898.457310812,0.08293390355242133,False,81
11,0.10466640673625215,6467589.047853553,0.08293460206543636,False,81
12,0.1042692172401393,6504287.253158815,0.08280768935673637,False,81
13,0.10387221497120061,7040950.452904963,0.08339111534199065,False,81
14,0.1034764361374436,7077621.240782812,0.0832646464802989,False,81
15,0.10308211449219822,7114299.4362930935,0.08314118593975553,False,81
16,0.10268942836177018,7150984.788466006,0.0830219082292637,False,81
17,0.10229853165075585,7187678.115466972,0.08288899442834369,False,81
18,0.10190952654203608,7224379.116813613,0.08276108866709991,False,81
19,0.10152185129343624,7761048.444649235,0.08328898051740784,False,81
20,0.10112810082710932,7797225.883474536,0.08317011880858248,False,81
21,0.10073653054643864,7833411.099465286,0.08305228296842486,False,81
22,0.10034717181623477,7869604.146084073,0.0829336370890976,False,81
23,0.11044041298594201,7906316.337480211,0.08283344234950255,False,81
24,0.11001218663681955,7943536.929743399,0.08291047838653526,False,81
25,0.10959582320031319,7981275.065936541,0.08281487164216567,False,81
26,0.10919114426182562,8019529.571717587,0.08271905177259316,False,81
27,0.10878827830257858,8557764.383952443,0.08319647107421062,False,81
28,0.10838765380252256,8596003.04340938,0.08310320508435223,False,81
29,0.10798926852030773,8634245.74821484,0.08300513602922657,False,81
30,0.10759308323662461,8672490.752131458,0.0829494000011443,False,81
31,0.10719909025380239,8710738.147029126,0.08289143682422272,False,81
32,0.10680726793376778,8748987.313596873,0.0828484872465607,False,81
33,0.10641760812586709,8787238.448299304,0.08280077489055694,False,81
34,0.10603010180686528,8825491.748457357,0.08274827899668477,False,81
35,0.1056443620187394,9363725.660334261,0.0832182979336656,False,81
36,0.10526074250419815,9401961.126005318,0.08318063019661316,False,81
37,0.10487922970981511,9440198.160213262,0.0831426050599415,False,81
38,0.10449981171836051,9478436.888068613,0.0831015469409558,False,81
39,0.10412246806609504,9516676.94345083,0.0830693644714776,False,81
40,0.10374718837090531,9554918.555657899,0.0830316232630141,False,81
41,0.10337396053236694,9593161.859906308,0.08299060407892585,False,81
42,0.10300276520697715,9631406.561520094,0.0829567285546565,False,81
43,0.102633588162524,9669652.666369382,0.08292271072434282,False,81
44,0.10226589210782885,9707868.512282688,0.08289686255397762,False,81
45,0.10189560081635222,9745806.33898788,0.08286311025503589,False,81
46,0.1015273429686271,9783745.745003164,0.08282801447512929,False,81
47,0.1011489900113017,9820941.238248985,0.08279950779342776,False,81
48,0.10077578911918374,9816658.244166307,0.08276317067976421,False,81
49,0.10040767174044438,9812563.26701615,0.08272681111427738,False,81
50,0.10004421155634356,10308633.676474378,0.08316593739199943,False,81
51,0.1147276300352587,10305640.614959745,0.08314059762871819,False,81
52,0.11430198115659058,10302640.896715725,0.0833255067783077,False,81
53,0.11387871990433121,10299642.325924978,0.08329363307631373,False,81
54,0.11345782489334952,10296644.718052112,0.08326688535741952,False,81
55,0.11303928697580966,10293648.513848107,0.08322789455568463,False,81
56,0.1126230870126218,10290653.632198606,0.08319115693060823,False,81
57,0.11220921316590876,10287660.36648691,0.08314626976927576,False,81
58,0.11179764136999759,10284668.36050951,0.08311127715005129,False,81
59,0.11138835988166639,10281677.898140958,0.08306839912644114,False,81
60,0.11098134964897176,10278688.869749071,0.08302856644129336,False,81
61,0.11057659261898917,10275701.208717503,0.08299058421023771,False,81
62,0.11017407055697778,10272714.828797882,0.08295499776726162,False,81
63,0.10977376577728307,10269729.663465139,0.08292125924291119,False,81
64,0.10937566084808789,10266745.650404172,0.08288925169349569,False,81
65,0.1089797379016966,10263762.693766395,0.08285990660495725,False,81
66,0.10858598123507272,10260780.807278357,0.08283018022326633,False,81
67,0.10819437414797668,10257799.941406861,0.08280182976381034,False,81
68,0.10780490391794069,10254820.260039784,0.0827689268632877,False,81
69,0.10741755523170064,10251841.776905207,0.08273564262716766,False,81
70,0.10703202204324555,10748848.056703286,0.08315889449779768,False,81
71,0.10664858639008779,10745855.737760168,0.0831199706421933,False,81
72,0.10626723532113592,10742864.950527377,0.08307742313302635,False,81
73,0.10588794671287628,10739875.29318139,0.08304603738856717,False,81
74,0.10551070557944656,10736886.75975465,0.08301481740941667,False,81
75,0.1051354946665077,10733899.204590576,0.08298764344649323,False,81
76,0.10476230558525641,10730912.98892033,0.08295043528462262,False,81
77,0.10438688522921603,10727679.250198947,0.08291637747133603,False,81
78,0.10401350667330143,10724447.070180964,0.08287641071754011,False,81
79,0.10364215153987248,10721216.238170998,0.08284184640934342,False,81
80,0.10327618548331853,10718188.44716273,0.08281137800384983,False,81
81,0.10291553712841944,10715363.500519356,0.08278231921980013,False,81
82,0.10256014056686209,10712741.443754708,0.0827473535194487,False,81
83,0.10220992521060565,10710321.95782414,0.08271746771175138,False,81
84,0.10186130484182015,11207890.4911203,0.08312706679798525,False,81
85,0.10151448411586421,11205460.136740835,0.08308903861410108,False,81
86,0.10116944550235711,11203030.578842971,0.08306180847393523,False,81
87,0.10082617943411998,11200601.981087107,0.08302898310646299,False,81
88,0.10048467558329935,11198174.456685271,0.08299228724224862,False,81
89,0.10014491711032215,11195747.707757162,0.08296577531995916,False,81
90,0.11331041585573824,11193321.894807538,0.08293377605552348,False,81
91,0.11290361027712927,11190891.623526942,0.08308619762721307,False,81
92,0.11249900837927797,11188462.179223286,0.08305792491134921,False,81
93,0.11209659596374708,11186033.652697153,0.08302654790197647,False,81
94,0.11169635149041654,11183605.739574306,0.08300557684946305,False,81
95,0.11129826274981684,11181178.619035576,0.08297847995661803,False,81
96,0.11090231663815729,11178752.41866081,0.08294702135951101,False,81
97,0.11050849603960729,11176327.044974541,0.08291875850487442,False,81
98,0.11011678468922136,11173902.441147173,0.08289243854249452,False,81
99,0.10972717145214277,11171478.821262559,0.08285879947396042,False,81
100,0.10933964008232014,11169056.116612406,0.08282750940695889,False,81
0,0.1,5000000.0,0.1047,False,82
1,0.10248642798809833,5583333.333333333,0.08304108304322999,False,82
2,0.10229401266481293,5625000.0,0.08302979185320833,False,82
3,0.10206321132510712,5666666.666666667,0.08295762685038478,False,82
4,0.10178946835353625,5707090.479910566,0.08285689485120543,False,82
5,0.10148181032492272,5746273.492009274,0.0827884855986232,False,82
6,0.10114502718349257,6284183.857961147,0.08347334921764166,False,82
7,0.10078293144877032,6320850.256697548,0.08333779883775752,False,82
8,0.10041792661649222,6357525.87713537,0.08318410381407619,False,82
9,0.10005129486738126,6394210.008117937,0.08304226140168433,False,82
10,0.1050912348379723,6430901.575867252,0.08291831528919325,False,82
11,0.10469339859857953,6467592.946513149,0.08292160034617432,False,82
12,0.10429607109646588,6504292.0584104825,0.08279257948887984,False,82
13,0.10389892257999135,7040955.666495143,0.08338430970008748,False,82
14,0.10350300216361327,7077627.099370373,0.0832538965239409,False,82
15,0.10310853441730305,7114305.626263638,0.08313566289003589,False,82
16,0.10271570516268329,7150991.437503645,0.08301425711099751,False,82
17,0.1023246567107005,7187684.64886662,0.08289092172820711,False,82
18,0.10193548845285019,7224384.777971242,0.08277562603408713,False,82
19,0.10154763457034374,7761052.227891786,0.08332027910203466,False,82
20,0.10115370401840058,7797227.802384381,0.08319836627382916,False,82
21,0.10076193648142988,7833410.0003284365,0.08309801094867147,False,82
22,0.10037238193774564,7869600.013528669,0.08297959797627766,False,82
23,0.11042030457270345,7906309.949993499,0.08287114235046124,False,82
24,0.10999214448294566,7943527.800023652,0.08296161559931817,False,82
25,0.10957586155841154,7981264.129077106,0.0828529668134523,False,82
26,0.10917126808706597,8019517.265904562,0.08275223852633969,False,82
27,0.10876848090803992,8557750.363400942,0.08323804049179688,False,82
28,0.10836794082180193,8595987.64682332,0.08313656349791645,False,82
29,0.10796964403358963,8634229.233252987,0.08303224816966562,False,82
30,0.10757354609174845,8672473.086528309,0.08297729433562244,False,82
31,0.10717964324519445,8710719.520516869,0.08291473159041392,False,82
32,0.10678792001189082,8748968.267942112,0.08285864827691873,False,82
33,0.10639836634013802,8787219.425587744,0.08280021869174702,False,82
34,0.10601095982442657,8825472.430207979,0.08275544354981167,False,82
35,0.10562531743774527,9363705.943347098,0.08322796430420248,False,82
36,0.10524179614007292,9401941.097388042,0.08318818486596459,False,82
37,0.10486038112144022,9440177.83491048,0.08314979743587506,False,82
38,0.10448105735255199,9478416.098515693,0.08311280148975955,False,82
39,0.10410381333417972,9516656.047294678,0.08307194879224787,False,82
40,0.1037286232387813,9554897.000756476,0.08304759284527807,False,82
41,0.10335548166409339,9593139.483904263,0.0830105095485692,False,82
42,0.1029843741752958,9631383.493101725,0.08297351440488121,False,82
43,0.10261528899432444,9669629.183831364,0.08293274998853012,False,82
44,0.10224769291777439,9707845.137206433,0.0828942810686412,False,82
45,0.10187749844700729,9745782.848945556,0.08286566505652489,False,82
46,0.1015093374252091,9783722.183119241,0.08282961095510734,False,82
47,0.10113108686687433,9820917.792801077,0.08279735157093812,False,82
48,0.10075799001386163,9816635.114088362,0.08275707657418782,False,82
49,0.1003899696995793,9812540.116687056,0.08272722022840717,False,82
50,0.10002660243237883,10308610.334154783,0.0831700006830736,False,82
51,0.11472618748063351,10305617.716214897,0.08312827610792788,False,82
52,0.11430055185464827,10302618.266130148,0.08331805790972924,False,82
53,0.11387730522039986,10299620.039925165,0.08328406124949474,False,82
54,0.1134564311500833,10296623.111138122,0.08324802186231768,False,82
55,0.11303791117180596,10293627.44022859,0.08321308082032541,False,82
56,0.11262173298741814,10290633.301950285,0.08317050773070037,False,82
57,0.11220787611139009,10287640.537511518,0.08313234552127138,False,82
58,0.11179632428577008,10284649.200169403,0.08309270394764182,False,82
59,0.1113870577903907,10281659.15158623,0.08305690508817627,False,82
60,0.1109800555870475,10278670.171424294,0.08302722672050887,False,82
61,0.11057530101260571,10275682.261804726,0.08299748943244735,False,82
62,0.11017277740488272,10272695.41671192,0.08296791924453599,False,82
63,0.10977247086441194,10269709.77220761,0.08293456956417906,False,82
64,0.10937436492253089,10266725.318502968,0.08290149179564546,False,82
65,0.10897844109657848,10263741.926561002,0.0828719983879275,False,82
66,0.1085846868065731,10260759.783059694,0.0828373194807721,False,82
67,0.10819308670290832,10257778.91655258,0.082801847419831,False,82
68,0.1078036256894314,10254799.362312848,0.08276539554815979,False,82
69,0.10741629156196733,10251821.31099966,0.08272364758856432,False,82
70,0.10703077051478248,10748827.893096233,0.08315049731741182,False,82
71,0.10664734543676586,10745835.793461822,0.08311387873358035,False,82
72,0.10626599461560443,10742844.640317356,0.08308758734625489,False,82
73,0.10588670764217542,10739854.695584236,0.08305402036448002,False,82
74,0.10550947208398406,10736866.10211293,0.08301648531400525,False,82
75,0.10513426989809888,10733878.672099324,0.08298416704461599,False,82
76,0.104761085077469,10730892.324821142,0.08295409106059384,False,82
77,0.10438566850042416,10727658.42319038,0.08292055463491427,False,82
78,0.10401228793641032,10724425.739668423,0.08288932107577449,False,82
79,0.10364092756274773,10721194.209690033,0.08285974303566096,False,82
80,0.10327495729127746,10718165.780787278,0.08282882469071991,False,82
81,0.10291430462153232,10715340.18985708,0.08280119941969621,False,82
82,0.10255890287530274,10712717.435960159,0.08276935374905514,False,82
83,0.1022086828033943,10710297.280435203,0.0827403598276145,False,82
84,0.10186006123930451,11207865.354107803,0.08314278042393189,False,82
85,0.10151324041341156,11205434.605121102,0.0831025294598337,False,82
86,0.10116820479354804,11203004.841624137,0.08306883750309806,False,82
87,0.10082494202455979,11200576.057745434,0.0830353462803731,False,82
88,0.10048344086447049,11198148.310163341,0.08299991733648389,False,82
89,0.10014368533027865,11195721.353948085,0.08297286206004989,False,82
90,0.11329856280136531,11193295.376549713,0.08293939823487673,False,82
91,0.11289182186575986,11190865.152131198,0.08308459550489145,False,82
92,0.11248728974475047,11188436.048800042,0.0830462677318401,False,82
93,0.1120849463354814,11186007.85027616,0.08301533414980644,False,82
94,0.11168477768307658,11183580.654166788,0.08298106356827031,False,82
95,0.11128676015469376,11181154.03628281,0.08296129517876784,False,82
96,0.11089088630676971,11178728.424059065,0.0829269136322442,False,82
97,0.11049713744421134,11176303.639951479,0.08289860196874005,False,82
98,0.11010549965014375,11173879.75415241,0.08286789056642144,False,82
99,0.10971595797152187,11171456.77447092,0.08283691218768241,False,82
100,0.10932849552634033,11169034.595810793,0.08280952684194166,False,82
0,0.1,5000000.0,0.1047,False,83
1,0.10247889216634119,5583333.333333333,0.08304985921246703,False,83
2,0.10228649804465816,5625000.0,0.08303411158436622,False,83
3,0.10205572210990402,5666666.666666667,0.0829584847794437,False,83
4,0.10178200492889372,5707090.217550148,0.0828743855456697,False,83
5,0.10147437946917366,5746273.154613009,0.08279098679354636,False,83
6,0.10113763352146914,6284183.536125084,0.08347300343536099,False,83
7,0.10077556470172698,6320849.147041152,0.0833509291766558,False,83
8,0.10041057649497628,6357523.3155841455,0.08320830206122166,False,83
9,0.10004395258100421,6394205.422229703,0.08307600035181655,False,83
10,0.10507598944841597,6430896.57013837,0.08292531263333147,False,83
11,0.10467823329593023,6467587.569306844,0.08292779163655055,False,83
12,0.10428098102074627,6504286.035903934,0.08280333449293988,False,83
13,0.10388390561003898,7040948.877852983,0.08339707862697122,False,83
14,0.10348806777947836,7077620.125031574,0.08325699146793243,False,83
15,0.10309369869088209,7114299.4537857855,0.08312229854090909,False,83
16,0.10270096889084625,7150986.155057962,0.08299942324151308,False,83
17,0.1023100101393536,7187679.709552105,0.08288520287540484,False,83
18,0.10192092400026709,7224379.758721628,0.08277695828572644,False,83
19,0.10153315977404972,7761047.615917614,0.08331349117802668,False,83
20,0.1011393184049283,7797223.503246303,0.08319362633299629,False,83
21,0.10074763757956076,7833405.903323252,0.08309494832906944,False,83
22,0.10035815831331628,7869595.44840036,0.08298669075089626,False,83
23,0.1103901224937629,7906304.767883444,0.0828814576147485,False,83
24,0.1099621396348568,7943522.723867798,0.08295963976340595,False,83
25,0.10954602264231511,7981258.826450789,0.0828577408943346,False,83
26,0.10914159006677608,8019511.736965558,0.08275772489450021,False,83
27,0.10873896513606104,8557744.737725489,0.0832403856177794,False,83
28,0.1083385861098583,8595981.924851334,0.08313889795926413,False,83
29,0.1079404436950432,8634223.108149003,0.08304202106657534,False,83
30,0.10754451510564626,8672467.461339448,0.08296517518113454,False,83
31,0.10715077844406953,8710714.288668552,0.08290519606208004,False,83
32,0.10675921800793978,8748963.307930574,0.08285205829435943,False,83
33,0.10636982869835118,8787214.896030702,0.08278978343123666,False,83
34,0.10598258856662385,8825468.51775484,0.08274048345519407,False,83
35,0.10559710674328124,9363702.376089893,0.08321959591792158,False,83
36,0.1052137423298755,9401937.731204228,0.08318331035954317,False,83
37,0.1048324779534893,9440174.37319369,0.08315211338678888,False,83
38,0.10445330393626046,9478412.553041283,0.08311483197754038,False,83
39,0.10407620398548992,9516652.146879654,0.08308055341322151,False,83
40,0.10370116430065573,9554893.18200945,0.08304561301502332,False,83
41,0.10332817759505326,9593136.077887919,0.08300050395629484,False,83
42,0.10295722222655926,9631380.403726801,0.08296583824931746,False,83
43,0.10258828195709425,9669626.044152278,0.08293396948342611,False,83
44,0.10222082497735938,9707841.645803059,0.08290273031654301,False,83
45,0.10185077126293089,9745779.056679621,0.08287235089114103,False,83
46,0.10148274622890159,9783717.859735625,0.0828414135703115,False,83
47,0.10110463463800683,9820912.888480894,0.08280810965550542,False,83
48,0.10073167056813406,9816629.38140717,0.08277308355022761,False,83
49,0.10036378610406879,9812533.877826532,0.0827374460734841,False,83
50,0.10000055355333393,10308603.64276424,0.08317957803790985,False,83
51,0.11467260773877389,10305610.559397869,0.08314120462148132,False,83
52,0.11424726402078322,10302610.811876616,0.08332632003476799,False,83
53,0.11382430643189329,10299612.251755457,0.08329333669883288,False,83
54,0.11340371906534645,10296614.977995688,0.08325760443804864,False,83
55,0.11298547651496159,10293618.588271795,0.08323304788594352,False,83
56,0.11256957004094317,10290623.536844129,0.08319587299070999,False,83
57,0.11215598396443835,10287629.914012779,0.0831561897596956,False,83
58,0.11174469207319151,10284637.245360352,0.08312968478966806,False,83
59,0.11133568084493765,10281645.714048168,0.08309809200511678,False,83
60,0.11092893764447675,10278655.546578282,0.08306020749683687,False,83
61,0.11052444714552091,10275666.821139136,0.08302015108743035,False,83
62,0.11012218843377655,10272679.306536281,0.0829865167460136,False,83
63,0.10972214386789168,10269692.936535887,0.08295472223316076,False,83
64,0.10932428947378812,10266707.288331008,0.08293467235772879,False,83
65,0.10892862016680398,10263722.962159269,0.08289794921497468,False,83
66,0.10853511952308496,10260739.935342731,0.08286185601495442,False,83
67,0.10814377608787386,10257758.45326394,0.08281894663309741,False,83
68,0.1077545684282406,10254778.199931854,0.08278481478015834,False,83
69,0.10736748212575918,10251799.239226392,0.0827489084851114,False,83
70,0.10698249755543582,10248821.333774853,0.08271959587609393,False,83
71,0.1065993105103443,10745828.041485691,0.08314700803233048,False,83
72,0.10621820335899007,10742836.111790363,0.08310915820353934,False,83
73,0.10583915366329784,10739845.120884784,0.08308308071055444,False,83
74,0.10546215277742438,10736855.425442826,0.08304709560991802,False,83
75,0.10508718145177792,10733866.765656928,0.08301832738605536,False,83
76,0.10471423123031318,10730879.499158911,0.08297962494492009,False,83
77,0.10433905201185703,10727644.768932823,0.08294180066892884,False,83
78,0.10396590448442926,10724411.09957249,0.08291459898289374,False,83
79,0.10359478027559725,10721178.86553306,0.08287779588282355,False,83
80,0.10322904412179987,10718149.843687696,0.08284504192447206,False,83
81,0.10286862678763285,10715323.964852763,0.08280963618851307,False,83
82,0.10251346026919232,10712701.149274617,0.08277130029654534,False,83
83,0.10216346929040608,10710280.79252666,0.08274723924631001,False,83
84,0.1018152842936764,10707861.39829572,0.08271433268178227,False,83
85,0.10146868479353427,11205430.219633806,0.08311721921065379,False,83
86,0.10112386686145027,11202999.894196058,0.08308804915384095,False,83
87,0.10078081799320798,11200570.40406991,0.08305949149224424,False,83
88,0.10043952687541359,11198141.79855418,0.0830292484010315,False,83
89,0.10009997818983092,11195713.871061988,0.08300606810918391,False,83
90,0.11318336606694243,11193286.906517358,0.08297314682492674,False,83
91,0.11277722394899056,11190855.611118581,0.08312121021460318,False,83
92,0.11237328463695596,11188425.344185304,0.0830860490009369,False,83
93,0.11197153066556227,11185996.025025118,0.08305364650203659,False,83
94,0.11157194600193775,11183567.639677314,0.08302172129244022,False,83
95,0.1111745129271524,11181140.076203495,0.08299362303655321,False,83
96,0.11077921290168151,11178713.168638147,0.08297119881539655,False,83
97,0.11038603673574693,11176287.244892506,0.0829375639535768,False,83
98,0.10999496604414695,11173862.13325182,0.08290979968160066,False,83
99,0.10960598544708496,11171437.814938487,0.08288267737890458,False,83
100,0.10921908358617939,11169014.484075798,0.08284891838259031,False,83
0,0.1,5000000.0,0.1047,False,84
1,0.10247917099326047,5583333.333333333,0.08304953420525671,False,84
2,0.1022867760871277,5625000.0,0.08302155834417278,False,84
3,0.10205599921240177,5666666.666666667,0.08294315569525133,False,84
4,0.10178228413684241,5707090.413772651,0.08286130404553632,False,84
5,0.10147466272723402,5746273.676265896,0.08278013911405518,False,84
6,0.1011379084805324,6284183.633700538,0.08348242737832968,False,84
7,0.10077585480781841,6320850.273062245,0.08333378841602206,False,84
8,0.10041088335355712,6357525.581733978,0.08318929991555243,False,84
9,0.10004427990949687,6394209.073863805,0.08305290894732693,False,84
10,0.1050779501800682,6430900.315176816,0.08292375589426228,False,84
11,0.10468020241143501,6467592.454174662,0.08290879448035465,False,84
12,0.10428294626097091,6504291.350956535,0.08279616474657607,False,84
13,0.10388587801973061,7040955.279445039,0.08337896963604882,False,84
14,0.10349003761075633,7077627.042698245,0.08324839022436169,False,84
15,0.10309565192094877,7114306.051096865,0.08312763780076239,False,84
16,0.10270291500923666,7150992.994986595,0.08299537961561387,False,84
17,0.1023119597402482,7187687.431409824,0.0828705040572978,False,84
18,0.10192288689643471,7224388.96509182,0.0827522164111739,False,84
19,0.1015351302825089,7761057.972515759,0.08329432071213352,False,84
20,0.10114129631996441,7797235.020314427,0.08317604345453607,False,84
21,0.10074964711207267,7833420.087899908,0.08305453153311745,False,84
22,0.10036020465823783,7869612.6496549575,0.08294098350935762,False,84
23,0.11044240821024162,7906324.239416321,0.08284350102910595,False,84
24,0.11001415323251379,7943543.90698512,0.0829277221047536,False,84
25,0.10959776936864446,7981281.536740817,0.08282554753032738,False,84
26,0.10919307749796132,8019535.923422658,0.08272193902610132,False,84
27,0.10879019205198824,8557770.249842387,0.08320824841061968,False,84
28,0.1083895573332137,8596008.927898685,0.08310275419078332,False,84
29,0.10799115871232362,8634251.473086119,0.08300900555713261,False,84
30,0.10759496175666093,8672496.404795682,0.08295115047522655,False,84
31,0.10720096146391457,8710743.968426747,0.08288734631758213,False,84
32,0.10680913985717937,8748993.756358515,0.0828334238763407,False,84
33,0.10641949396603505,8787246.267954312,0.08276739565742174,False,84
34,0.10603199659961156,8825500.671163721,0.08272153835773305,False,84
35,0.10564626287694129,9363735.527953332,0.0831953909588712,False,84
36,0.10526264507545179,9401971.692193748,0.08316369518181903,False,84
37,0.10488112906871051,9440209.14111293,0.08313255145422413,False,84
38,0.10450170851073042,9478448.321640186,0.08309057307665056,False,84
39,0.10412436758188548,9516689.141931832,0.08305082121262491,False,84
40,0.10374908453714012,9554931.16314723,0.08302170790950632,False,84
41,0.10337584222500308,9593174.213778902,0.08299675236348315,False,84
42,0.10300464147020624,9631419.196258558,0.0829499196851314,False,84
43,0.10263545610238431,9669665.40635393,0.08292015930412994,False,84
44,0.10226775668071877,9707881.655169059,0.08288718390082503,False,84
45,0.10189746346378054,9745819.980117206,0.08285203818932835,False,84
46,0.1015291985099778,9783759.568236811,0.08282396771248103,False,84
47,0.1011508393466662,9820955.316868091,0.08279477843306925,False,84
48,0.1007776305004718,9816672.462929508,0.08276046258131838,False,84
49,0.10040950670520654,9812577.713332215,0.08272221408669948,False,84
50,0.10004603659179533,10308648.123936597,0.08316591313476328,False,84
51,0.11474176947390471,10305655.32107054,0.08313341294600181,False,84
52,0.1143160427554477,10302655.640638895,0.08332445643457567,False,84
53,0.11389270821983391,10299657.312645115,0.08328688871614653,False,84
54,0.1134717461264004,10296660.24148276,0.08325197673209624,False,84
55,0.11305314553715698,10293664.779723046,0.08320727110319914,False,84
56,0.11263688168298673,10290670.55499779,0.08317290903484274,False,84
57,0.11222293591645865,10287677.500731435,0.08314039628764411,False,84
58,0.1118112954464568,10284685.850726258,0.08310138903267258,False,84
59,0.11140193721941256,10281695.289112717,0.08307115593168818,False,84
60,0.11099484803347028,10278706.012251616,0.08303546836393176,False,84
61,0.11059001023163088,10275717.972681152,0.0830010991795301,False,84
62,0.11018740101886214,10272730.83544145,0.08297603443615341,False,84
63,0.10978700540054441,10269744.674597684,0.08294891232682729,False,84
64,0.10938881535463267,10266759.93932258,0.08290931319732871,False,84
65,0.10899280628910862,10263776.168595338,0.08288252020117547,False,84
66,0.10859896259091754,10260793.379968008,0.08285523964804829,False,84
67,0.10820727439176278,10257811.902915904,0.08281880700282371,False,84
68,0.10781772294806966,10254831.569617106,0.0827870360777477,False,84
69,0.10743029796939742,10251852.675936207,0.08274704669159698,False,84
70,0.1070449724525255,10248874.571198294,0.08272513160868993,False,84
71,0.10666144899588074,10745881.211469173,0.08314888136443889,False,84
72,0.10628000046787554,10742888.79171745,0.08312277088123327,False,84
73,0.10590061626333384,10739897.562872883,0.08308969012685943,False,84
74,0.10552327662639631,10736907.244840283,0.08306438979447325,False,84
75,0.10514797219394338,10733918.147313166,0.08303048686433524,False,84
76,0.10477468641923243,10730930.159466004,0.08299966242116971,False,84
77,0.10439916151266372,10727694.18446298,0.08297371802624721,False,84
78,0.10402567113941313,10724459.286823966,0.08294609330802707,False,84
79,0.10365420018080815,10721225.442022916,0.08291909746284953,False,84
80,0.10328812322707766,10718194.83701938,0.0828883419770571,False,84
81,0.1029273740088221,10715367.586331422,0.08284983700975726,False,84
82,0.10257187519777838,10712743.056718584,0.08282539212107938,False,84
83,0.10222156397908644,10710321.399122968,0.08279171267061197,False,84
84,0.10187305756016729,10707900.493878178,0.0827659912748797,False,84
85,0.10152634140683225,10705480.210332893,0.0827447365909825,False,84
86,0.10118140625520543,10703060.732892515,0.08271717744876486,False,84
87,0.10083803339229479,11200629.290092785,0.0831262495634426,False,84
88,0.10049641961539986,11198198.671176253,0.08309808261650266,False,84
89,0.10015655066741837,11195768.736363538,0.08307469445179132,False,84
90,0.11312151759100252,11193339.676693723,0.08304477503637722,False,84
91,0.1127156673538462,11190906.258795682,0.08319377429192855,False,84
92,0.112312021615908,11188474.061609695,0.08315204054657566,False,84
93,0.11191055910646451,11186042.805274196,0.0831198747179044,False,84
94,0.11151126506739983,11183612.542594692,0.08308590357276369,False,84
95,0.11111412141407327,11181183.142044896,0.08305642905281285,False,84
96,0.11071911366273422,11178754.655299708,0.0830251878696897,False,84
97,0.11032622699971989,11176327.109821694,0.08299300779533404,False,84
98,0.1099354448050693,11173900.428056337,0.08296347915750386,False,84
99,0.1095467513797276,11171474.573675985,0.08293519249064997,False,84
100,0.10916013252330943,11169049.584514001,0.08290561237548877,False,84
0,0.1,5000000.0,0.1047,False,85
1,0.10247986170493573,5583333.333333333,0.08304872919061615,False,85
2,0.102287464855555,5625000.0,0.08303285213084524,False,85
3,0.10205668565232,5666666.666666667,0.0829442898894467,False,85
4,0.1017829659947647,5707090.302606382,0.08286871513013767,False,85
5,0.10147533423923179,5746273.120616864,0.08279495520615666,False,85
6,0.10113858370230155,6284183.511798468,0.08347278855696344,False,85
7,0.10077654518705036,6320851.3130352795,0.08331442383092368,False,85
8,0.10041158048033409,6357527.27448093,0.08317842035028722,False,85
9,0.10004497943455182,6394211.155126134,0.08304643369106401,False,85
10,0.10510143543391547,6430903.720926747,0.08290168110090843,False,85
11,0.10470356085040895,6467596.230855035,0.08290261230631252,False,85
12,0.10430619398380994,6504296.424330631,0.0827745531845042,False,85
13,0.1039090112729627,7040961.423941941,0.08336111758928823,False,85
14,0.10351305584121807,7077634.198402792,0.08323153676360093,False,85
15,0.1031185622996246,7114314.614322936,0.08310417910871833,False,85
16,0.1027257018453124,7151001.990469645,0.0829881753326294,False,85
17,0.10233461861408454,7187696.545999574,0.08286851894563284,False,85
18,0.10194541225131225,7224397.809192881,0.08275672455598955,False,85
19,0.10155752336337208,7761066.577490875,0.08329830614456017,False,85
20,0.10116355752446932,7797243.516191378,0.08317769645702708,False,85
21,0.10077175790256775,7833427.266048399,0.08307449711585405,False,85
22,0.10038216182822308,7869618.234370877,0.08296512642710681,False,85
23,0.10000297305895649,7906328.711309118,0.0828621062223777,False,85
24,0.11057714805629408,7943557.770996857,0.08275257769560794,False,85
25,0.11015755183164544,7981294.508206107,0.08284436273871013,False,85
26,0.1097497452770982,8019548.106609478,0.08274104880717381,False,85
27,0.10934377419972797,8557782.155369896,0.08321497954540169,False,85
28,0.10894006870583207,8596020.110483918,0.08312028006408871,False,85
29,0.10853862532013712,8634262.108499408,0.0830222703315462,False,85
30,0.10813940946566465,8672506.683043,0.08295980904420612,False,85
31,0.10774240353980065,8710753.384099744,0.08290825721020097,False,85
32,0.10734760924873733,8749002.915980816,0.08283963116593265,False,85
33,0.10695500422090942,8787254.695924336,0.08278513268238107,False,85
34,0.10656457516135309,8825508.691183355,0.08273142806423114,False,85
35,0.10617592590995568,9363742.994008427,0.08320882040224727,False,85
36,0.10578941872383996,9401978.881508993,0.08317040402668485,False,85
37,0.10540504328769895,9440216.56665483,0.08312682474736162,False,85
38,0.10502277980690994,9478455.729736777,0.0830909959932033,False,85
39,0.10464260925543246,9516696.098575996,0.08306176551384993,False,85
40,0.10426452004120668,9554937.838294525,0.08302853207609949,False,85
41,0.10388850016573463,9593181.096847374,0.08299171185014269,False,85
42,0.1035145405142613,9631426.197796963,0.0829470476866542,False,85
43,0.10314261858515676,9669672.670704534,0.08291378809927191,False,85
44,0.10277219492621786,9707888.96729915,0.08288603612469776,False,85
45,0.10239916258314737,9745827.302201323,0.08285181698873521,False,85
46,0.10202818923161819,9783767.554695556,0.08280920383180741,False,85
47,0.10164705319933812,9820964.030876484,0.08278130529142762,False,85
48,0.10127111456051961,9816682.157560179,0.08274151335856252,False,85
49,0.10090029438189331,9812587.843424283,0.08271341688681086,False,85
50,0.10053416214297228,10308658.396304367,0.0831629020088312,False,85
51,0.10018502064256024,10305665.665881144,0.08313140064512316,False,85
52,0.11494194624768574,10302674.256941333,0.0830946927725648,False,85
53,0.11451513691185455,10299676.027558045,0.08328414953575472,False,85
54,0.11409072472522153,10296678.993890243,0.08325093521670017,False,85
55,0.11366869311433563,10293683.225913791,0.08321577712366271,False,85
56,0.11324901920716145,10290688.459574874,0.08318795385884335,False,85
57,0.1128316870349313,10287694.77724221,0.08315784257399014,False,85
58,0.11241667942177981,10284702.19136726,0.08312738541531427,False,85
59,0.11200398177360353,10281710.84271073,0.0830930182369167,False,85
60,0.1115935830104994,10278721.053464264,0.08304970129076802,False,85
61,0.11118546143190207,10275732.577292973,0.083013226980265,False,85
62,0.11077959898557482,10272745.34994831,0.0829785373517608,False,85
63,0.11037597621668667,10269759.221691223,0.08294800714134261,False,85
64,0.10997458120169464,10266774.440128384,0.08291059896775475,False,85
65,0.10957539814491406,10263791.038670203,0.08287226272728986,False,85
66,0.10917840345154231,10260808.615103787,0.0828450990671358,False,85
67,0.10878359116794262,10257827.723861266,0.08280253451444858,False,85
68,0.10839093722906835,10254847.918336684,0.08277237568278938,False,85
69,0.10800042336762858,10251869.057520181,0.08274613379175784,False,85
70,0.10761203769220003,10248891.346973462,0.08271418185324816,False,85
71,0.107225474979861,10745898.445216678,0.08313615991066049,False,85
72,0.106841012672402,10742906.688765567,0.08310434586422251,False,85
73,0.10645863533056438,10739916.065529184,0.08307286767728701,False,85
74,0.10607833156228305,10736926.787231363,0.0830355082728156,False,85
75,0.1057000864978703,10733938.861899598,0.08299792588241159,False,85
76,0.10532388395315793,10730952.213722216,0.08296244937169826,False,85
77,0.10494543728570205,10727718.020393379,0.0829280340727264,False,85
78,0.10456905195137414,10724485.246814342,0.08289163023171994,False,85
79,0.1041947069585697,10721253.539496755,0.08286429019452683,False,85
80,0.10382579949100015,10718224.866246324,0.08283550770407849,False,85
81,0.10346225798378819,10715399.066266501,0.08280732541601163,False,85
82,0.10310401275181873,10712776.004091948,0.08277908243158434,False,85
83,0.10275099847030739,10710355.721337747,0.0827447095453684,False,85
84,0.10239980772692539,10707936.207632648,0.08271841726833919,False,85
85,0.10205021777584886,11205504.69532086,0.08312862604403785,False,85
86,0.10170242977293685,11203074.030133374,0.0830996645294004,False,85
87,0.10135643413449884,11200644.384215398,0.08306481770858593,False,85
88,0.10101221669373449,11198215.643967953,0.0830338546135297,False,85
89,0.10066976596962446,11195787.853424275,0.08300138610864786,False,85
90,0.1003290698529759,11193361.011865329,0.08296894218614864,False,85
91,0.11349179812155846,11190935.093467446,0.08293738112423776,False,85
92,0.11308402341490194,11188505.06108853,0.08307803004845395,False,85
93,0.11267846271448358,11186076.032012345,0.08304372910026618,False,85
94,0.112275094653095,11183647.72557104,0.08301902363438464,False,85
95,0.11187391076313451,11181220.53013188,0.08298104065497405,False,85
96,0.11147488784474215,11178794.050891593,0.08295655522350345,False,85
97,0.1110780113013645,11176368.337220496,0.08293038191787272,False,85
98,0.11068326678684054,11173943.44552884,0.08290228005658057,False,85
99,0.11029064269349666,11171519.574056098,0.08286740077752128,False,85
100,0.10990012247748586,11169096.649506701,0.08283502732984882,False,85
0,0.1,5000000.0,0.1047,False,86
1,0.10248117305777352,5583333.333333333,0.08304720120033776,False,86
2,0.10228877251901525,5625000.0,0.08302619141017684,False,86
3,0.1020579888949605,5666666.666666667,0.08293663502849295,False,86
4,0.1017842645933825,5707090.338747236,0.08286630573986616,False,86
5,0.10147663334143,5746273.547653539,0.0827819253454586,False,86
6,0.10113989391589355,6284185.020074744,0.08344876101026069,False,86
7,0.10077785059953322,6320852.958937574,0.08331213006394803,False,86
8,0.10041288192897137,6357529.114337544,0.08317518777827738,False,86
9,0.10004627416861338,6394213.020183015,0.08304601368659345,False,86
10,0.10508500918328706,6430904.545826622,0.08291901705098514,False,86
11,0.10468720376553561,6467595.65475185,0.08292596235731124,False,86
12,0.10428990971468885,6504294.6630756995,0.0827943057136332,False,86
13,0.10389279339865258,7040958.097349664,0.0833872065450144,False,86
14,0.10349689160182929,7077628.557408809,0.08327011012536364,False,86
15,0.10310245347917121,7114306.769948821,0.08314090211092456,False,86
16,0.10270965572688565,7150992.388900697,0.08301746191316484,False,86
17,0.10231863534314994,7187685.211553497,0.0828974002311071,False,86
18,0.10192948993151264,7224384.643890298,0.08278723883110563,False,86
19,0.10154166790633964,7761051.951417352,0.08332265232688382,False,86
20,0.10114776655251122,7797227.189353896,0.08320346560792394,False,86
21,0.10075605296879403,7833410.595013539,0.08307971222762517,False,86
22,0.10036654697241738,7869601.50968472,0.08296593932555867,False,86
23,0.11042764969789078,7906312.092259847,0.0828603400884578,False,86
24,0.10999946502323593,7943530.923309568,0.08294332152811786,False,86
25,0.10958315314939657,7981267.937459914,0.08283852471820585,False,86
26,0.10917853346022953,8019521.848817345,0.08273346204206711,False,86
27,0.10877571787302508,8557755.594557703,0.08322232548633664,False,86
28,0.10837515475994343,8595993.815522915,0.08311383518674452,False,86
29,0.10797683279885449,8634236.213586237,0.08301257220231818,False,86
30,0.10758071040746219,8672480.91168338,0.08295681380664287,False,86
31,0.10718678208674182,8710728.125599252,0.0828958242616866,False,86
32,0.10679503491089676,8748977.732039807,0.08283782366326758,False,86
33,0.10640545064727013,8787229.36247261,0.08278875718455296,False,86
34,0.1060180195828209,8825483.175329752,0.08273584992789025,False,86
35,0.10563235328867185,9363717.528365603,0.08320760317128187,False,86
36,0.10524880562224871,9401953.372481609,0.08317145577356215,False,86
37,0.10486736028227991,9440190.560902609,0.08313886656155782,False,86
38,0.1044880090223298,9478429.429980401,0.08309812336661881,False,86
39,0.10411073780388684,9516669.991744304,0.08305708855182166,False,86
40,0.10373553067201696,9554912.150991399,0.08301836168654617,False,86
41,0.10336236819302323,9593155.60640965,0.08298693935551667,False,86
42,0.10299124110773211,9631400.660600837,0.08294818122375615,False,86
43,0.10262213379196813,9669647.238608267,0.08291124022390255,False,86
44,0.10225451151997073,9707863.829978587,0.08287895491631363,False,86
45,0.10188429604998143,9745802.51477729,0.08284404151028756,False,86
46,0.10151611551591266,9783742.90712394,0.08280609600034859,False,86
47,0.10113784558573682,9820939.653319234,0.08277630502540445,False,86
48,0.10076472200479927,9816657.632236978,0.08274436873926794,False,86
49,0.10039630449259268,10312540.205910921,0.08318032981932695,False,86
50,0.10003291534507013,10308611.203526983,0.08315348960715453,False,86
51,0.11475137332529746,10305618.965739796,0.08311771631081138,False,86
52,0.11432561254709725,10302620.274774348,0.08329697126241445,False,86
53,0.11390223867675636,10299622.65505975,0.08326721429442928,False,86
54,0.11348124058435712,10296626.45238491,0.08322785207886542,False,86
55,0.11306259563970068,10293631.41305623,0.08319553690777629,False,86
56,0.11264628634038305,10290637.537999976,0.08316319600705975,False,86
57,0.11223229420045898,10287644.768081738,0.08313249772881298,False,86
58,0.11182060465566948,10284653.242237527,0.08309794011697975,False,86
59,0.11141119653461411,10281662.742361112,0.08306944101154821,False,86
60,0.11100405819423488,10278673.547389988,0.0830331936422748,False,86
61,0.11059917533782535,10275685.79128585,0.08299322511489342,False,86
62,0.11019652625788195,10272699.201494914,0.08296082752597939,False,86
63,0.10979609545866299,10269713.829285562,0.08292700581528817,False,86
64,0.10939786572791299,10266729.624903569,0.0828945661664591,False,86
65,0.10900182295372737,10263746.699919296,0.0828590273408567,False,86
66,0.10860795018073754,10260765.002882838,0.08282491767939772,False,86
67,0.10821623515004339,10257784.734340293,0.08278523729291748,False,86
68,0.10782665776482586,10254805.652761595,0.08275226607498748,False,86
69,0.10743920190170586,10251827.726725932,0.08272016765737514,False,86
70,0.1070535646922252,10748834.705205647,0.08313948667454478,False,86
71,0.10667002878126057,10745843.25860021,0.08309573903993506,False,86
72,0.10628857360335353,10742853.085350903,0.08306036803628163,False,86
73,0.1059091838816995,10739864.173284413,0.08302533518019933,False,86
74,0.10553183775408498,10736876.121714164,0.08300143250687868,False,86
75,0.10515653175306389,10733889.581762206,0.08295944310993744,False,86
76,0.10478324483683504,10730904.184765713,0.08292769434700348,False,86
77,0.10440772427917348,10727671.162118195,0.08289801660302609,False,86
78,0.10403423930214699,10724439.290963398,0.08286849114860873,False,86
79,0.10366277659406802,10721208.655019447,0.08283681907567997,False,86
80,0.10329670497288644,10718181.074503273,0.08280562095519983,False,86
81,0.1029359510777678,10715356.235655716,0.0827791603679415,False,86
82,0.10258044692307326,10712734.05878281,0.08275114391810463,False,86
83,0.10223012598047583,10710314.46898749,0.08272101864343968,False,86
84,0.10188140315244684,11207883.048221257,0.08312549628148808,False,86
85,0.10153447394900253,11205452.32855667,0.08310152699444263,False,86
86,0.10118933086954547,11203022.605346002,0.08306746019383808,False,86
87,0.10084596154643993,11200593.872507123,0.08303360132919205,False,86
88,0.1005043534679087,11198166.108332075,0.08300048461700595,False,86
89,0.10016449179854289,11195739.139007583,0.08297331023897998,False,86
90,0.11331189461769973,11193312.973870797,0.0829458166423111,False,86
91,0.11290507981822967,11190882.63589193,0.08308847790998859,False,86
92,0.11250046978535297,11188453.178160518,0.08305838397991443,False,86
93,0.11209804985635859,11186024.667872578,0.0830259927501168,False,86
94,0.11169780403445272,11183597.095261184,0.08299393543218204,False,86
95,0.11129971607138557,11181170.429331848,0.08296293775501938,False,86
96,0.1109037685012408,11178744.565566922,0.08293551333083282,False,86
97,0.11050994384873043,11176319.389193019,0.08291201278294574,False,86
98,0.11011822720076782,11173894.914407274,0.08288802686310902,False,86
99,0.10972860679054416,11171471.319766577,0.08285793643406905,False,86
100,0.10934106624711239,11169048.5280764,0.08283048513427915,False,86
0,0.1,5000000.0,0.1047,False,87
1,0.10247179426520116,5583333.333333333,0.0830581401374132,False,87
2,0.10227942011234506,5625000.0,0.08303783998198093,False,87
3,0.10204866810536536,5666666.666666667,0.08296054451138093,False,87
4,0.10177497849560349,5707090.170374702,0.0828775305755115,False,87
5,0.10146738214631536,5746272.9418309145,0.08279650701516421,False,87
6,0.10113067218745159,6284183.397474499,0.08347135606850996,False,87
7,0.10076866137165696,6320850.287767952,0.08332960622023135,False,87
8,0.10040371974948445,6357525.024647378,0.08319882978734366,False,87
9,0.10003714044337157,6394207.576000451,0.08306858855989602,False,87
10,0.1050510001844585,6430897.697671064,0.0829424166009102,False,87
11,0.10465337255205086,6467587.927409042,0.08294061547815948,False,87
12,0.10425625813109671,6504286.190993949,0.08280671802933488,False,87
13,0.10385931803964488,7040948.697275945,0.0834026730778389,False,87
14,0.1034636164866595,7077619.703999696,0.08326099904859065,False,87
15,0.10306938534544792,7114298.93651706,0.08312390248840545,False,87
16,0.1026767830280812,7150984.961642495,0.08301069235384745,False,87
17,0.10228594641952811,7187677.562873258,0.08290109059841683,False,87
18,0.10189698605086894,7224376.924708124,0.08278841386335756,False,87
19,0.10150935747841631,7761044.736046386,0.08331425547341345,False,87
20,0.10111565026913878,7797220.369776041,0.08319746874259629,False,87
21,0.10072411690819325,7833403.400688184,0.08308539022005808,False,87
22,0.10033478270766612,7869593.499059698,0.0829783075023391,False,87
23,0.110385842884301,7906303.872527964,0.08286383612790595,False,87
24,0.1099578941722113,7943522.3335342305,0.08295022210538656,False,87
25,0.10954180935869547,7981258.879589986,0.08284839232486524,False,87
26,0.10913740284405297,8019511.9420569055,0.08275404120599743,False,87
27,0.10873480331044527,8557745.067918548,0.08323735284910791,False,87
28,0.10833445293448866,8595982.571675492,0.08313122205384,False,87
29,0.1079363372232058,8634223.975927096,0.08303666460757246,False,87
30,0.10754042641604615,8672468.06111315,0.08297167225722772,False,87
31,0.10714670409628595,8710714.432640022,0.08291624581320384,False,87
32,0.10675516049042937,8748963.141668415,0.08285957910966665,False,87
33,0.10636578231677844,8787214.100500936,0.08280503840349314,False,87
34,0.10597855601847181,8825467.25016925,0.08275192723277046,False,87
35,0.10559308730430769,9363700.597567203,0.0832319822717792,False,87
36,0.10520974008275709,9401935.682312852,0.08318986475191262,False,87
37,0.10482849853250778,9440172.388923928,0.08315054680216963,False,87
38,0.10444934527265817,9478410.522040306,0.08311596485550478,False,87
39,0.10407226658617304,9516650.107767262,0.08308075005360234,False,87
40,0.10369724222416447,9554890.791634658,0.08305412846711419,False,87
41,0.10332426901623913,9593133.232841581,0.0830115262967931,False,87
42,0.10295332731873201,9631377.118632229,0.0829765060852778,False,87
43,0.1025844022911039,9669622.418048238,0.08294223637953543,False,87
44,0.10221695858258396,9707837.562969254,0.08291370204393013,False,87
45,0.10184691466760919,9745774.293991204,0.08288745877143787,False,87
46,0.10147889942686332,9783712.418753872,0.08285648675548382,False,87
47,0.10110078999143057,9820906.258367099,0.08283013061924974,False,87
48,0.10072782581259432,9816621.429218061,0.08279863089926537,False,87
49,0.10035994495800322,9812524.840970753,0.08275935853147168,False,87
50,0.11610690556762353,9808616.161885565,0.08272336688229956,False,87
51,0.11567386307267291,9805631.35768498,0.08291122779406493,False,87
52,0.11524326217927412,9802647.693302402,0.082879566182673,False,87
53,0.11481507831451432,9799664.849911286,0.08285676086431734,False,87
54,0.11438929752473787,9796683.036877839,0.08282813981798054,False,87
55,0.11396590431643445,9793702.38079642,0.0827960022616514,False,87
56,0.11354488498788129,9790723.095517911,0.08275792440306133,False,87
57,0.11312621402976554,9787744.776792608,0.08273107570286403,False,87
58,0.1127095502743991,10284750.484166885,0.08317479515897924,False,87
59,0.11229520960885907,10281757.468436165,0.0831393258534052,False,87
60,0.1118831804777608,10278766.032136971,0.08309545275538457,False,87
61,0.11147343648137181,10275775.686285391,0.0830651625438296,False,87
62,0.11106596126465941,10272786.46002267,0.08303406285341323,False,87
63,0.11066073321663322,10269798.092083164,0.08301022054185167,False,87
64,0.11025774165263161,10266810.898145573,0.08297760937748445,False,87
65,0.10985697062611305,10263824.906448001,0.0829442138214378,False,87
66,0.1094584030697138,10260840.076318499,0.08291194804172956,False,87
67,0.1090620232689271,10257856.432368072,0.08287899862301128,False,87
68,0.10866781244955424,10254873.822446337,0.08285027560373154,False,87
69,0.10827575265484445,10251892.12840127,0.0828248345852191,False,87
70,0.10788583196580347,10248911.558868134,0.08279359814265354,False,87
71,0.10749803767203464,10245932.274561035,0.08275789741946976,False,87
72,0.10711235280244281,10242954.191003837,0.0827245432555333,False,87
73,0.10672847109756087,10739960.784175271,0.08315018968239628,False,87
74,0.10634667439363141,10736968.74597429,0.08311217224952501,False,87
75,0.10596694528129022,10733977.944742909,0.08307781198280843,False,87
76,0.10558926463525506,10730988.139060684,0.08305015783960676,False,87
77,0.10520932613559081,10727750.300938869,0.08302149030294582,False,87
78,0.10483145784733261,10724513.757744512,0.08298828703477679,False,87
79,0.1044556489363323,10721278.757036895,0.08294873609272496,False,87
80,0.1040853078149732,10718247.188042926,0.08291470752738646,False,87
81,0.10372035992600011,10715418.741813285,0.08288487119824378,False,87
82,0.10336073701386772,10712793.394322412,0.08285120286778426,False,87
83,0.10300636986837843,10710370.981255572,0.08281754074660234,False,87
84,0.10265383601072414,10707949.357280811,0.08279056323971584,False,87
85,0.10230312098599968,10705528.413093261,0.08276732265119509,False,87
86,0.10195421834638475,10703108.517593538,0.08273147007593791,False,87
87,0.10160689951588621,11200676.458949443,0.08314730407160298,False,87
88,0.10126136779504315,11198245.289756667,0.08311689547956834,False,87
89,0.10091760875865848,11195814.876660528,0.0830910460218487,False,87
90,0.10057561109884386,11193385.270597726,0.08306345513858229,False,87
91,0.10023536444370815,11190956.575486625,0.08303231149063428,False,87
92,0.11323807227884962,11188529.052905576,0.08299222499308317,False,87
93,0.11283162972546185,11186097.192925492,0.08314051213968256,False,87
94,0.11242738662505128,11183666.070308087,0.08311530315910018,False,87
95,0.11202532908428199,11181235.78943463,0.0830865255882757,False,87
96,0.1116254406792638,11178806.314953085,0.08305895663404776,False,87
97,0.11122770657390271,11176377.68795046,0.08302998299564274,False,87
98,0.11083211460433395,11173950.086307213,0.08299492797421754,False,87
99,0.11043864754520225,11171523.41107629,0.08296325575800785,False,87
100,0.11004728686075281,11169097.482609434,0.08293772536266401,False,87
0,0.1,5000000.0,0.1047,False,88
1,0.1024809626899856,5583333.333333333,0.083047446288315,False,88
2,0.10228856274308046,5625000.0,0.08303903171577653,False,88
3,0.1020577798282174,5666666.666666667,0.08296414513895327,False,88
4,0.10178405265664994,5707090.112590953,0.08288138282537282,False,88
5,0.10147641664117928,5746272.971042306,0.08279360717711952,False,88
6,0.10113966101202103,6284183.379985639,0.08347239385185382,False,88
7,0.1007775955970372,6320849.874267344,0.08333620641602696,False,88
8,0.10041260618653577,6357524.65334963,0.08319812640636903,False,88
9,0.10004596967895868,6394206.666614626,0.08307755669452938,False,88
10,0.1050623232831301,6430896.8846226,0.08294081097821014,False,88
11,0.10466464129579148,6467587.689731342,0.08293102596540468,False,88
12,0.10426746058536185,6504285.821552729,0.08280891408800901,False,88
13,0.10387045636625221,7040948.313532375,0.08340291145036173,False,88
14,0.10347468236307861,7077618.791751027,0.08326980746690849,False,88
15,0.1030803681332629,7114296.832006268,0.0831437735237772,False,88
16,0.10268769749709278,7150982.516791141,0.08301636469657492,False,88
17,0.10229681119705869,7187675.876556197,0.08288844836017252,False,88
18,0.10190780963710108,7224376.497516014,0.08276742844750581,False,88
19,0.10152013781796279,7761045.436487262,0.08329546159033034,False,88
20,0.1011263875410348,7797222.274186288,0.08317922678243715,False,88
21,0.10073481708079726,7833406.863786424,0.08306177373532161,False,88
22,0.10034545395208942,7869599.018651566,0.08294714850796842,False,88
23,0.11042813733421844,7906310.745004154,0.08284121737225376,False,88
24,0.10999997251652123,7943530.807555147,0.08292035646942841,False,88
25,0.10958367039799562,7981268.511377138,0.082823986185548,False,88
26,0.10917905514859172,8019522.823640887,0.08272374310103774,False,88
27,0.10877624816260822,8557757.203399677,0.0832069553425204,False,88
28,0.10837568812232565,8595995.75745475,0.08310576028108498,False,88
29,0.10797736875788877,8634238.464516329,0.08300508133540241,False,88
30,0.10758125355190466,8672483.731278162,0.08294302799588124,False,88
31,0.10718732727159157,8710731.22864629,0.0828889526918642,False,88
32,0.1067955817038391,8748981.095892342,0.08283150110584178,False,88
33,0.10640600323192177,8787233.227379525,0.08277661041172313,False,88
34,0.10601858260728775,8825487.812113125,0.0827171377712965,False,88
35,0.10563292349810142,9363722.756683609,0.08319326293775842,False,88
36,0.1052493858300929,9401959.360640856,0.08315303537985154,False,88
37,0.10486795102660625,9440197.34725507,0.08311951642307742,False,88
38,0.1044886133581796,9478437.200962178,0.08307425356506265,False,88
39,0.10411134875426986,9516678.34549616,0.08304296079233542,False,88
40,0.1037361473924261,9554921.042392317,0.08300532776988884,False,88
41,0.10336299451129288,9593165.267920898,0.08296827001414465,False,88
42,0.1029918720796198,9631410.802950135,0.08293652454375289,False,88
43,0.10262276693785617,9669657.716188237,0.0829031134197353,False,88
44,0.10225515292447844,9707875.013637388,0.08286199323553675,False,88
45,0.1018849440807464,9745814.313928498,0.08283036390125435,False,88
46,0.10151676437195507,9783754.971828332,0.08280019481851288,False,88
47,0.1011385003687024,9820952.306112913,0.08276541448307154,False,88
48,0.10076538042775708,9816670.734639317,0.08273568064926545,False,88
49,0.10039695987497729,10312553.34383,0.08317961230937408,False,88
50,0.10003356980884945,10308624.506649673,0.08314999323447109,False,88
51,0.11477038137279044,10305632.666916192,0.08310665926336895,False,88
52,0.11434451790590873,10302634.127655242,0.08329275724858838,False,88
53,0.11392104901674951,10299637.015783094,0.08325310755967864,False,88
54,0.11349995246306262,10296641.1078681,0.08321966430543286,False,88
55,0.11308121316643588,10293646.540282417,0.08318243293564175,False,88
56,0.11266481843144348,10290653.568941997,0.08313809278938777,False,88
57,0.11225074790085521,10287662.043696525,0.08309792348539513,False,88
58,0.1118389809264403,10284671.787259828,0.08306267879708416,False,88
59,0.11142950161989436,10281682.863455229,0.083025661238921,False,88
60,0.11102229241759018,10278695.239511965,0.08298955397951673,False,88
61,0.11061733634408462,10275708.90527298,0.08295372886074259,False,88
62,0.11021461594387781,10272723.816084018,0.08291914413787527,False,88
63,0.10981411006758655,10269739.717043698,0.08289164000891858,False,88
64,0.10941580287374023,10266756.629860492,0.08286353286679322,False,88
65,0.10901968053209539,10263774.679226534,0.08283196205441751,False,88
66,0.10862572319246593,10260793.651481522,0.0828063262502836,False,88
67,0.10823391740113135,10257813.675942495,0.0827770983062628,False,88
68,0.10784424574373593,10254834.655276138,0.08275057406550572,False,88
69,0.10745640612799107,10751840.478426104,0.08317157916763834,False,88
70,0.10707068173835534,10748847.758030975,0.08313112208693665,False,88
71,0.10668705085660751,10745856.13506731,0.08310063787957378,False,88
72,0.10630549953017926,10742865.678447992,0.08306823942548316,False,88
73,0.10592601196819978,10739876.345110783,0.08303703714467335,False,88
74,0.10554857584481166,10736888.283326887,0.08300171621933841,False,88
75,0.10517317465937495,10733901.394378288,0.08296913746105379,False,88
76,0.10479979615356409,10730915.817271395,0.0829326974136911,False,88
77,0.10442418741938296,10727682.834614249,0.08289699120892555,False,88
78,0.10405061622411597,10724451.081661232,0.08286546033375504,False,88
79,0.10367906900869674,10721220.629037248,0.08283211856366819,False,88
80,0.10331291420450259,10718193.227808032,0.08280071738026262,False,88
81,0.10295208071039723,10715368.70098733,0.08277001672389908,False,88
82,0.10259649882206186,10712746.868679993,0.08274027005406642,False,88
83,0.10224589080347345,11210314.864792211,0.08314543206094555,False,88
84,0.10189708811726504,11207883.486769937,0.08312403494949401,False,88
85,0.10155008723609603,11205453.277167654,0.08308408896698136,False,88
86,0.10120487057859362,11203023.918690389,0.08305499067565589,False,88
87,0.10086142869443847,11200595.583619343,0.0830200024288562,False,88
88,0.10051974575911227,11198168.04515993,0.08299276784321695,False,88
89,0.1001798154535538,11195741.659040552,0.08295337160270551,False,88
90,0.1133757712122869,11193316.211072069,0.08292129806773026,False,88
91,0.11296862700567747,11190886.611999474,0.08306321615710828,False,88
92,0.1125636897818688,11188457.887562761,0.08303331407565939,False,88
93,0.11216094427491188,11186030.074094532,0.08300216985402077,False,88
94,0.11176037267687357,11183603.066325719,0.08297462457476534,False,88
95,0.11136195884884877,11181176.83807147,0.0829479745042697,False,88
96,0.11096568569747334,11178751.303909317,0.08292424485987238,False,88
97,0.1105715413647135,11176326.651108982,0.08289411283197509,False,88
98,0.1101795114302543,11173902.924756123,0.08286243941395136,False,88
99,0.10978958101588158,11171480.138538186,0.08283029804912552,False,88
100,0.10940172722868712,11169057.86036152,0.08281292911672387,False,88
0,0.1,5000000.0,0.1047,False,89
1,0.10248766254841891,5583333.333333333,0.08303964681742554,False,89
2,0.10229524375169474,5625000.0,0.08302300856056147,False,89
3,0.10206443824991975,5666666.666666667,0.0829259669006998,False,89
4,0.10179069059775932,5707090.495133478,0.0828558799903394,False,89
5,0.101483030403702,5746273.713509206,0.08278160969799722,False,89
6,0.10114625357204891,6284184.840970292,0.08345642679070038,False,89
7,0.10078416895096362,6320852.334142504,0.08331955824090562,False,89
8,0.10041915524026447,6357527.819913535,0.08318634826059365,False,89
9,0.10005251662015044,6394211.941409125,0.08304241951795613,False,89
10,0.10509599798279658,6430903.708772119,0.08291498839455017,False,89
11,0.10469814022269347,6467595.400105677,0.08291625555182452,False,89
12,0.10430079950366897,6504295.319319675,0.08277912421114757,False,89
13,0.10390362514573853,7040958.994072451,0.08338319856483778,False,89
14,0.10350767725233563,7077630.389153006,0.08325452643520116,False,89
15,0.10311318419351863,7114308.9982896065,0.08313429216776749,False,89
16,0.10272033181958633,7150995.014882239,0.08301083456725693,False,89
17,0.10232925779189336,7187688.275087313,0.08289010769323284,False,89
18,0.10194005352467654,7224387.808245124,0.08278555848093036,False,89
19,0.10155217300392096,7761055.220162665,0.08332091248543652,False,89
20,0.10115822534329005,7797231.364503889,0.08318973220366664,False,89
21,0.10076644974727199,7833414.686909145,0.08308097365773795,False,89
22,0.10037687601159616,7869605.132304473,0.08297304956573807,False,89
23,0.11041983493033952,7906314.807032129,0.08287551831156854,False,89
24,0.10999168138355642,7943532.864090836,0.08295775492698983,False,89
25,0.1095753944678677,7981268.8319733115,0.08286058043091044,False,89
26,0.10917079947703327,8019521.743576534,0.08275769850775898,False,89
27,0.1087680129672196,8557754.735038366,0.08324061102630989,False,89
28,0.10836747855856335,8595992.190265689,0.08313239852953842,False,89
29,0.10796917979276963,8634233.524279779,0.08303836733515277,False,89
30,0.10757308839759881,8672477.601722721,0.08297185996906256,False,89
31,0.10717918830755822,8710724.049561359,0.08291439583096448,False,89
32,0.10678747087511906,8748972.98475581,0.08285409629609713,False,89
33,0.10639792860515403,8787224.652792815,0.08278784556758574,False,89
34,0.10601053654566017,8825478.349639395,0.08273866230513265,False,89
35,0.10562490225170282,9363712.196466764,0.08321987489201423,False,89
36,0.10524138712369599,9401947.577309504,0.0831826866406171,False,89
37,0.10485998715525291,9440185.06286493,0.08313166330283121,False,89
38,0.1044806801995318,9478424.186963748,0.08309194103871702,False,89
39,0.10410345444650002,9516665.092116429,0.08304876397539739,False,89
40,0.10372829168184379,9554907.550468843,0.08301111064854737,False,89
41,0.10335518003267598,9593151.710276064,0.0829698632593193,False,89
42,0.10298409843784423,9631397.173537455,0.08293826437026945,False,89
43,0.1026150362531832,9669644.160219716,0.08290133295528902,False,89
44,0.1022474651905044,9707861.546241947,0.08285986550107328,False,89
45,0.10187730756135355,9745801.425989239,0.08281748709720328,False,89
46,0.1015091780655558,9783742.626928488,0.0827881272759544,False,89
47,0.10113096382613772,9820940.417793274,0.0827569592940552,False,89
48,0.10075789063560238,9816659.161880238,0.08272958286059134,False,89
49,0.10038951252747678,10312541.859452857,0.08317782681579115,False,89
50,0.10002617283118698,10308613.647291204,0.08313676532597415,False,89
51,0.11476003205476397,10305621.779009314,0.0831074522747564,False,89
52,0.11433422633890282,10302623.251195878,0.0832924392621537,False,89
53,0.11391080999728707,10299625.90501994,0.08325961599823667,False,89
54,0.11348976563703275,10296629.763859272,0.08322614335192728,False,89
55,0.1130710742794938,10293634.760821754,0.08319452881993512,False,89
56,0.11265473156718993,10290641.58496344,0.08314377384205279,False,89
57,0.11224070470523217,10287649.434845183,0.08311528106274685,False,89
58,0.11182898258381638,10284658.631067844,0.08307788270387283,False,89
59,0.1114195417037899,10281668.833400264,0.08304993521051408,False,89
60,0.11101237068022848,10278680.334319258,0.08301386336128995,False,89
61,0.11060745311929844,10275693.154860087,0.0829772071991871,False,89
62,0.11020477010059074,10272707.17147267,0.08294398298377524,False,89
63,0.10980430299493857,10269722.265476573,0.08291405544714475,False,89
64,0.10940604188103112,10266738.783876054,0.0828744889033684,False,89
65,0.10900996984725163,10263756.688502267,0.08283598260521921,False,89
66,0.10861606921015166,10260775.889458396,0.08279997344084752,False,89
67,0.10822432144804511,10257796.240117406,0.08276803724968834,False,89
68,0.10783470605267909,10254817.471485838,0.0827435730991347,False,89
69,0.1074472073625061,10251839.573224165,0.08271939615757279,False,89
70,0.10706152109970772,10748846.211945841,0.08314892439789319,False,89
71,0.10667793114111425,10745854.12037425,0.08311365476646235,False,89
72,0.10629641931389805,10742863.128963597,0.08308309474035969,False,89
73,0.10591697584602712,10739873.539215453,0.08304415967060463,False,89
74,0.1055395790152545,10736884.961088572,0.0830160590800915,False,89
75,0.10516421185966932,10733897.264735352,0.08299156536722141,False,89
76,0.10479086036024933,10730910.481602926,0.08296619812299401,False,89
77,0.10441527908677335,10727676.294864224,0.08292786509494644,False,89
78,0.10404173543774185,10724443.350290291,0.08289601471620943,False,89
79,0.10367021526737016,10721211.683864618,0.08286324168389196,False,89
80,0.1033040893455608,10718183.211573042,0.08283001139347164,False,89
81,0.10294328694217886,10715357.78049158,0.08279651520769474,False,89
82,0.10258773732360611,10712735.150831679,0.08276543305401536,False,89
83,0.10223736974118466,10710314.99494067,0.08274037234217192,False,89
84,0.10188859741321064,11207882.813887727,0.08315148898950968,False,89
85,0.10154162266591128,11205451.552759673,0.08312003856593463,False,89
86,0.10119643194423052,11203021.138010979,0.08309110251943073,False,89
87,0.10085301567629405,11200591.73431016,0.08305653678017762,False,89
88,0.10051136135935174,11198163.321034003,0.08302267610789335,False,89
89,0.10017145667017366,11195735.881838907,0.08298937419138397,False,89
90,0.11329307923683907,11193309.284126734,0.08296060554435004,False,89
91,0.11288635273710007,11190878.273149826,0.08311148639000142,False,89
92,0.1124818285092949,11188448.042450545,0.08308481023181594,False,89
93,0.11207948982528322,11186018.548337562,0.08305962779433501,False,89
94,0.1116793271528019,11183590.120433893,0.08302317619378304,False,89
95,0.11128132311666904,11181162.66945569,0.08298977703253815,False,89
96,0.1108854554512042,11178735.834296739,0.08296872338295826,False,89
97,0.11049171429092838,11176309.907273531,0.08293767600706187,False,89
98,0.11010008502343062,11173884.922199557,0.08290547261447392,False,89
99,0.10971054852224563,11171460.660152307,0.08288075375208094,False,89
100,0.10932308969015439,11169037.110922318,0.08285638393124489,False,89
0,0.1,5000000.0,0.1047,False,90
1,0.10248004418330164,5583333.333333333,0.08304851653730377,False,90
2,0.10228764682053525,5625000.0,0.08302152488357252,False,90
3,0.10205686700213268,5666666.666666667,0.08293383339742003,False,90
4,0.10178315164765461,5707090.609334069,0.08284826661767115,False,90
5,0.10147553004766457,5746274.100699913,0.08277251002746079,False,90
6,0.10113880227433927,6284185.952698174,0.08344032596456434,False,90
7,0.10077677820336764,6320854.720181894,0.08329831971577994,False,90
8,0.10041183353891028,6357532.007140135,0.08315632847376994,False,90
9,0.10004524802098565,6394216.945706739,0.08302880166770826,False,90
10,0.10510442785538864,6430909.6680477215,0.08289907209474252,False,90
11,0.10470654269371722,6467602.551342923,0.08289638952441869,False,90
12,0.10430916690645095,6504303.216693545,0.08276668860077586,False,90
13,0.10391196565449665,7040968.12268255,0.08336267796101486,False,90
14,0.10351597782691183,7077639.973925428,0.08324692372979679,False,90
15,0.10312144840008942,7114319.241786968,0.08312331341879103,False,90
16,0.10272856414600949,7151006.177236898,0.08299552027895873,False,90
17,0.10233745083790004,7187699.901053376,0.08288238083648493,False,90
18,0.10194821251060791,7224400.2015531,0.08277276944906747,False,90
19,0.10156029329517116,7761068.091024204,0.08331295325937856,False,90
20,0.10116628696261734,7797243.528645445,0.08320044008222774,False,90
21,0.10077445318952344,7833426.1449668165,0.08309167189841042,False,90
22,0.10038481702213084,7869615.589266619,0.08298821767976437,False,90
23,0.10000559041617789,7906324.6381437145,0.08288598185281655,False,90
24,0.1105406170050187,7943552.115857505,0.08278207837531329,False,90
25,0.11012120283206435,7981287.467897034,0.08287356262740248,False,90
26,0.10971357615416674,8019539.88559156,0.0827696720519056,False,90
27,0.10930777110479734,8557772.051843992,0.08326061610268307,False,90
28,0.10890423995292142,8596008.643387174,0.08315333632691968,False,90
29,0.10850296495384837,8634249.014816407,0.08306170272560444,False,90
30,0.10810391588893789,8672491.937064013,0.08299986470444991,False,90
31,0.10770707912555257,8710737.181458758,0.08294357022838832,False,90
32,0.10731244484404091,8748984.806385944,0.08288586035104674,False,90
33,0.10692000902158315,8787235.259966,0.08281728694809211,False,90
34,0.10652975058981899,8825488.075978737,0.08276001585284909,False,90
35,0.10614127342893138,9363721.340172999,0.08323399933100058,False,90
36,0.10575493418107114,9401956.018809667,0.08319970981813989,False,90
37,0.10537072152678648,9440192.263478402,0.0831617454043581,False,90
38,0.10498862096046307,9478430.057781106,0.08312417852024866,False,90
39,0.10460861489857241,9516669.214464221,0.0830911511164263,False,90
40,0.10423069236001167,9554909.93669785,0.08305319837661221,False,90
41,0.10385483352484329,9593151.91243957,0.08302281030168318,False,90
42,0.10348103089715752,9631395.556787007,0.08298235925406118,False,90
43,0.10310926501900931,9669640.577700015,0.08294898796746435,False,90
44,0.10273899633675491,9707855.40506493,0.08292133049128557,False,90
45,0.10236611629650039,9745792.036358412,0.08288967495957658,False,90
46,0.10199528949029271,9783730.297019927,0.08285346678118362,False,90
47,0.10161430465283608,9820924.763587615,0.0828185203514646,False,90
48,0.1012385118861909,9816640.706119621,0.08278371918828856,False,90
49,0.10086784127650746,9812544.585195985,0.08274991764921524,False,90
50,0.1005022237288735,9808636.161454655,0.08271796277946185,False,90
51,0.1001532346037979,10305642.571526201,0.08315527579037063,False,90
52,0.1148627894447776,10302650.297793146,0.08311871480709304,False,90
53,0.11443640540557008,10299651.30632481,0.08330531856494007,False,90
54,0.11401241735781809,10296653.611427289,0.08326930270892849,False,90
55,0.11359080847982643,10293657.27050687,0.08323169223388598,False,90
56,0.1131715582096662,10290662.13936831,0.08319808718215185,False,90
57,0.11275465138007965,10287668.34435988,0.08316097245641312,False,90
58,0.11234006805142244,10284675.755281372,0.08312747440306219,False,90
59,0.11192779860211267,10281684.776269652,0.08308275032555903,False,90
60,0.11151781356455658,10278694.756757507,0.08305609755956185,False,90
61,0.11111010211913032,10275706.020409575,0.08302045410922494,False,90
62,0.11070464507380214,10272718.439643977,0.0829883545999378,False,90
63,0.11030142714280726,10269732.086907081,0.08295424269160007,False,90
64,0.10990042569287371,10266746.628625374,0.08292939671407762,False,90
65,0.10950163396490464,10263762.583182434,0.08289015119285227,False,90
66,0.10910502196214995,10260779.195313936,0.08287188523605574,False,90
67,0.10871058572233823,10257797.123387527,0.08283533128917314,False,90
68,0.10831830527802992,10254816.143059673,0.08280500910704823,False,90
69,0.10792816677615923,10251836.35847876,0.08277179391422762,False,90
70,0.10754015462517255,10248857.770411722,0.08273855741771509,False,90
71,0.10715395699508745,10745863.647430342,0.08317008281608594,False,90
72,0.10676985859554479,10742870.748329211,0.08313608614249396,False,90
73,0.10638784128775951,10739878.90692853,0.08310670557442956,False,90
74,0.10600789158985599,10736888.21274556,0.08307483841584329,False,90
75,0.10562999101255457,10733898.460556472,0.08304867191909282,False,90
76,0.10525413226936682,10730910.082594655,0.08301049893933049,False,90
77,0.10487602592536588,10727673.847178683,0.08298039528135646,False,90
78,0.10449997332666144,10724438.723746238,0.0829518828832506,False,90
79,0.10412596441928867,10721204.996900912,0.08291607295703236,False,90
80,0.103757394320266,10718174.715825478,0.08287948240500187,False,90
81,0.10339419621190037,10715348.003701445,0.08283405491668354,False,90
82,0.10303629277782159,10712724.273744836,0.08280015642156334,False,90
83,0.10268361250019528,10710303.193435073,0.08277197640218133,False,90
84,0.1023327549223856,10707882.96749241,0.08274276727053227,False,90
85,0.1019837040145347,10705463.385218684,0.0827207614949447,False,90
86,0.10163624066934175,11203031.813522486,0.08313065628024147,False,90
87,0.1012905673793025,11200601.252728002,0.08309609553787002,False,90
88,0.10094667154943025,11198171.684914043,0.08306214748575493,False,90
89,0.10060454155915621,11195743.145708907,0.08302698137220875,False,90
90,0.10026416319546705,11193315.503241593,0.08299632366886536,False,90
91,0.11337390760065874,11190888.964188468,0.08295860010676304,False,90
92,0.11296674877746195,11188457.97098193,0.08311087885597584,False,90
93,0.11256179999615536,11186028.002743073,0.08307583722591391,False,90
94,0.1121590423710404,11183598.907496568,0.08304599133343099,False,90
95,0.11175845794599257,11181170.571599016,0.08302003068558,False,90
96,0.11136003255229796,11178743.073221827,0.08299139751073206,False,90
97,0.11096375000436709,11176316.376619719,0.08296398639683575,False,90
98,0.11056959600455309,11173890.539478775,0.0829346031091341,False,90
99,0.11017755622673406,11171465.611721912,0.08290351305510214,False,90
100,0.10978761773996265,11169041.712871207,0.08286833677626682,False,90
0,0.1,5000000.0,0.1047,False,91
1,0.10247637369448918,5583333.333333333,0.08305279580355113,False,91
2,0.10228398665820897,5625000.0,0.08303901339627824,False,91
3,0.10205321921358365,5666666.666666667,0.08294110057374929,False,91
4,0.10177951472712943,5707090.378308827,0.08286366830051843,False,91
5,0.10147190186276141,5746273.396207527,0.08278829226558364,False,91
6,0.10113516655216236,6284183.6743587125,0.08347530034403461,False,91
7,0.10077313758611281,6320850.932735598,0.08332347149636676,False,91
8,0.10040818762894306,6357526.661787916,0.08318229357248136,False,91
9,0.10004160819668542,6394210.733800838,0.08304324422909828,False,91
10,0.10508390645381267,6430902.493939323,0.08291510880303982,False,91
11,0.10468613058171883,6467594.964203254,0.08290327337892738,False,91
12,0.10428885527461686,6504294.715703205,0.08278191944527118,False,91
13,0.10389176015821051,7040959.0477141645,0.08337224426178862,False,91
14,0.10349589441860647,7077631.300954795,0.08324022376726638,False,91
15,0.10310148746180597,7114311.03677298,0.08311551414136353,False,91
16,0.10270871162790872,7150997.642435108,0.08300101674231086,False,91
17,0.10231769587908238,7187690.419872508,0.08289815382111217,False,91
18,0.10192854526218613,7224389.2100672545,0.08279794119867043,False,91
19,0.10154073928275102,7761057.169977284,0.0833117792772818,False,91
20,0.1011468500048479,7797232.819085282,0.08319723573739919,False,91
21,0.1007551306016984,7833415.535522878,0.08309015498592044,False,91
22,0.10036561281085439,7869605.383436059,0.08298210232555756,False,91
23,0.11040840602411205,7906315.139305797,0.08287416170412908,False,91
24,0.10998031842552898,7943533.173380242,0.08295818353793935,False,91
25,0.10956410613319054,7981269.698765326,0.08284882807024158,False,91
26,0.10915958221621869,8019523.084964183,0.08274619315904955,False,91
27,0.10875686734633563,8557756.609283656,0.08322769326530566,False,91
28,0.10835639497655526,8595994.095915068,0.08313163721828282,False,91
29,0.10795816736205718,8634235.995704642,0.0830246515658845,False,91
30,0.1075621387283661,8672480.199557954,0.08296879547523998,False,91
31,0.1071683032850044,8710726.906703074,0.08290810961327649,False,91
32,0.10677665357646551,8748976.303752547,0.08284289981072801,False,91
33,0.10638716636374128,8787227.741080541,0.08279343851325796,False,91
34,0.10599983483075141,8825481.54330652,0.08273610765303906,False,91
35,0.10561427103193159,9363716.093180332,0.08320283134189908,False,91
36,0.10523082362148506,9401952.048366806,0.08316876315619041,False,91
37,0.10484947503782294,9440189.186768763,0.08314007914448787,False,91
38,0.10447021359214294,9478427.639976041,0.0831082050760636,False,91
39,0.10409302999287069,9516667.69352977,0.0830694087985161,False,91
40,0.10371789968887626,9554908.740860213,0.08304531724178592,False,91
41,0.10334481619846053,9593151.2423114,0.08301006582979865,False,91
42,0.10297376898163249,9631395.426148813,0.08296928070914118,False,91
43,0.10260473695392633,9669640.889565771,0.08293826059899681,False,91
44,0.10223718968570301,9707856.370082596,0.0829056402401637,False,91
45,0.10186705165180966,9745794.050233824,0.08286636700969689,False,91
46,0.10149894544240008,9783733.278440231,0.08283196578352447,False,91
47,0.10112074940978077,9820928.674467232,0.08280130814196715,False,91
48,0.1007477061500942,9816645.777486557,0.08276129431255409,False,91
49,0.10037974379207237,9812550.885852119,0.08272508352398765,False,91
50,0.10001642867714138,10308620.897785148,0.08317435062371686,False,91
51,0.11470223077100762,10305628.03209958,0.08313515793239742,False,91
52,0.1142767229000943,10302628.307074018,0.08332569515455092,False,91
53,0.11385360000255111,10299629.64689577,0.08329611606235923,False,91
54,0.11343285400952975,10296632.555273617,0.08325254505981255,False,91
55,0.11301445956883388,10293636.638160761,0.08321991980152203,False,91
56,0.11259839760206022,10290641.813212318,0.08318958190119125,False,91
57,0.11218465198666354,10287648.143746568,0.08315748515970778,False,91
58,0.11177320625934462,10284655.668148035,0.0831243221815041,False,91
59,0.11136404628166312,10281664.541225689,0.08308685895407558,False,91
60,0.11095715294522965,10278674.646629747,0.08305262766507543,False,91
61,0.110552510961231,10275686.062890824,0.08301621497011548,False,91
62,0.11015010495288818,10272698.85722477,0.08297793516820524,False,91
63,0.10974991511431753,10269712.848831652,0.0829446775866212,False,91
64,0.1093519239357169,10266727.970439492,0.08291328867109096,False,91
65,0.10895611708934756,10263744.320334187,0.08287916959180242,False,91
66,0.10856247558835984,10260761.732893052,0.08284965114264828,False,91
67,0.10817098620973203,10257780.351596454,0.08281614712774213,False,91
68,0.10778163077133893,10254800.037483003,0.08278650315149065,False,91
69,0.10739439835227801,10251821.049107924,0.08274967708548557,False,91
70,0.10700927252626694,10248843.331225889,0.08271438561209128,False,91
71,0.10662594951617212,10745850.476374933,0.08313485697096111,False,91
72,0.10624470200556714,10742858.678350022,0.08310550069193105,False,91
73,0.10586552386297765,10739868.446509987,0.08306199555654467,False,91
74,0.10548839731017158,10736879.620186036,0.08302295344305068,False,91
75,0.10511330256899698,10733891.911166687,0.0829919172040977,False,91
76,0.10474022312936224,10730905.208180925,0.08296397182674387,False,91
77,0.10436491546285712,10727671.126896713,0.0829251611336523,False,91
78,0.10399164320391689,10724438.273661662,0.08289367269357611,False,91
79,0.10362039485335632,10721206.840321103,0.0828572651424667,False,91
80,0.10325453781220478,10718178.688300107,0.08282125185629659,False,91
81,0.10289399361304159,10715353.197530597,0.08279826430798364,False,91
82,0.10253869697422459,10712730.446804516,0.08276925368301245,False,91
83,0.10218858245113724,10710310.424869858,0.08273579263788872,False,91
84,0.10184006338860377,11207878.487265352,0.08314316596594823,False,91
85,0.10149334250449366,11205447.613256585,0.08310680371857417,False,91
86,0.1011484047162361,11203017.636493973,0.08307612863632906,False,91
87,0.10080523609904944,11200588.452275012,0.0830490331269309,False,91
88,0.10046382716764864,11198160.223333495,0.08301637406893733,False,91
89,0.10012416748192392,11195733.049574547,0.08298029945121298,False,91
90,0.11325951743263978,11193306.829094233,0.0829477087286987,False,91
91,0.11285298266234486,11190876.407589309,0.08309133350173337,False,91
92,0.11244864929872149,11188446.795503456,0.08306366105481124,False,91
93,0.11204650301628025,11186018.075785365,0.08303315275523082,False,91
94,0.11164652450110149,11183590.060722426,0.08300906198084135,False,91
95,0.11124870466343036,11181163.096699933,0.08297312897407699,False,91
96,0.11085302634913513,11178737.097282588,0.08294015102029646,False,91
97,0.1104594766264458,11176312.194434391,0.08290266147675467,False,91
98,0.11006803672497416,11173888.198790358,0.08287164594985685,False,91
99,0.10967868997447189,11171465.023989629,0.08284358293090645,False,91
100,0.10929142512142326,11169042.871372925,0.08280863646847984,False,91
0,0.1,5000000.0,0.1047,False,92
1,0.10248251398062888,5583333.333333333,0.08304563925985785,False,92
2,0.10229010966927603,5625000.0,0.08301837867739503,False,92
3,0.10205932152468634,5666666.666666667,0.08292744845346778,False,92
4,0.10178559726164774,5707090.667515157,0.08284438787848954,False,92
5,0.1014779717322745,5746274.5963272825,0.0827579284846835,False,92
6,0.10114123792699739,6284186.82404975,0.08343197653775314,False,92
7,0.10077921722886159,6320856.6082214685,0.08328137491581027,False,92
8,0.10041428200708116,6357535.3056472065,0.08313282068215719,False,92
9,0.10004770593776452,6394221.672787613,0.08300499210434921,False,92
10,0.10512362005639982,6430915.352175571,0.08288312131181848,False,92
11,0.10472564977480059,6467609.620406402,0.08287330726394478,False,92
12,0.10432818033133198,6504311.164792875,0.08275203800323247,False,92
13,0.10393088587194653,7040976.971408246,0.0833476675216062,False,92
14,0.10353480795268524,7077649.886839353,0.08322918725935,False,92
15,0.10314019335764238,7114330.489328559,0.08310106962434342,False,92
16,0.10274722004763692,7151018.501855607,0.08297756899365319,False,92
17,0.10235601581627737,7187713.1608184185,0.08286679506426561,False,92
18,0.1019666989414782,7224415.116346296,0.08274518564649598,False,92
19,0.10157870405989215,7761084.8218386015,0.0832826862393381,False,92
20,0.10118461859172917,7797261.972380165,0.08317448674397676,False,92
21,0.10079271116393193,7833446.611442344,0.08306102431041587,False,92
22,0.1004030168151312,7869639.015034232,0.08294337992087926,False,92
23,0.100023737221307,7906351.192826301,0.08283366979475769,False,92
24,0.11063681148275745,7943581.647521634,0.08272656356800157,False,92
25,0.11021690303975905,7981319.842302221,0.08281363659717171,False,92
26,0.10980878731252276,8019574.528130241,0.08271468699751126,False,92
27,0.10940250330507385,8557809.356615258,0.08319607713091334,False,92
28,0.10899848894632863,8596048.19022954,0.08309898308807158,False,92
29,0.10859673723185602,8634290.972482312,0.08300325851861794,False,92
30,0.10819721581526497,8672536.361447342,0.08294006549418216,False,92
31,0.10779991251312428,8710784.211925559,0.08288039244726117,False,92
32,0.10740481595400592,8749034.498529403,0.08282133485626728,False,92
33,0.1070119112361857,8787287.055790104,0.082766288629462,False,92
34,0.10662118275175451,8825541.720798211,0.08271519172264453,False,92
35,0.10623224253684024,9363777.071096966,0.08318342710084599,False,92
36,0.10584544777951115,9402014.08235518,0.08314316141695875,False,92
37,0.1054607790448957,9440252.442426743,0.08311046291160591,False,92
38,0.1050782297695418,9478492.594556993,0.08306701906463253,False,92
39,0.10469777841399538,9516734.126092298,0.083033578942099,False,92
40,0.10431940768187699,9554976.87069124,0.08300417133875346,False,92
41,0.10394309702559182,9593220.46953788,0.08298346230362703,False,92
42,0.10356883703764966,9631465.218757521,0.0829555744733422,False,92
43,0.10319661491710098,9669711.217499154,0.08292528303109888,False,92
44,0.10282589597380433,9707927.227331238,0.08289292483784846,False,92
45,0.10245256973424127,9745865.447730234,0.08285436150374002,False,92
46,0.10208130043959583,9783805.330399774,0.08281742215833529,False,92
47,0.10169986031757144,9821001.386524811,0.08278908410423953,False,92
48,0.10132361362888943,9816718.563089866,0.08275987313903017,False,92
49,0.10095249407327936,9812623.544999205,0.08272763819523246,False,92
50,0.10058607091393566,10308693.652930023,0.08317231892452041,False,92
51,0.1002366580461128,10305700.841271335,0.08313365718576818,False,92
52,0.1149941657036714,10302709.17547754,0.08310182760544615,False,92
53,0.11456706811614065,10299711.058974752,0.08328101396629123,False,92
54,0.11414237060738491,10296714.178579094,0.0832466776571987,False,92
55,0.11372005415032152,10293718.479231969,0.08321387075349745,False,92
56,0.11330010843655221,10290724.34899829,0.08317028426893301,False,92
57,0.11288250750003971,10287731.358706709,0.08313861921064311,False,92
58,0.11246723649554116,10284739.64503638,0.08310315750915541,False,92
59,0.11205428107344674,10281749.365487196,0.08306332081070732,False,92
60,0.1116436228875951,10278760.460494203,0.0830251386941638,False,92
61,0.11123524065015629,10275772.703744305,0.08299324305267654,False,92
62,0.110829119342097,10272786.19199935,0.08295865958212177,False,92
63,0.11042524587815764,10269801.120199807,0.08291866109837791,False,92
64,0.11002359834919746,10266817.20048156,0.08288665884016387,False,92
65,0.10962415533696973,10263834.157150742,0.08286231474494152,False,92
66,0.109226903245725,10260852.129389735,0.08283410447241546,False,92
67,0.10883182225488129,10257870.90799082,0.08281170552535398,False,92
68,0.10843889872416253,10254890.613822442,0.0827859491216395,False,92
69,0.1080481202751296,10251911.43272904,0.08275503037227387,False,92
70,0.10765947210784496,10248933.41084765,0.08272283003858916,False,92
71,0.10727263912284347,10745939.661951922,0.0831596915480259,False,92
72,0.10688790924008583,10742947.097631838,0.08312678666901448,False,92
73,0.10650526786490082,10739955.755606508,0.08309283403695025,False,92
74,0.10612469893291673,10736965.58231248,0.08306036927858429,False,92
75,0.10574618807686088,10733976.612886928,0.08302692848750783,False,92
76,0.1053697162995176,10730988.607341835,0.08300015403038286,False,92
77,0.1049909897002904,10727752.478734644,0.08297765659459953,False,92
78,0.10461432328108461,10724517.577033708,0.08294619745992504,False,92
79,0.10423970340232064,10721283.97963332,0.08291275385605251,False,92
80,0.10387052923385053,10718253.646501916,0.08288090615813767,False,92
81,0.1035067260193652,10715426.235015947,0.08285454903933433,False,92
82,0.10314822559952895,10712801.705834858,0.0828253784958779,False,92
83,0.1027949582255025,10710379.840947688,0.08279879956140689,False,92
84,0.10244351887548817,10707958.905670295,0.08276701803053613,False,92
85,0.10209389430173142,10705538.861840151,0.08273654120142394,False,92
86,0.10174586324254861,11203106.97124186,0.08314155891595028,False,92
87,0.10139962238944827,11200675.86131455,0.08311486930978716,False,92
88,0.10105516410781573,11198245.818481477,0.08307838745541869,False,92
89,0.10071247152038207,11195816.555824809,0.08305171475786643,False,92
90,0.10037153838173303,11193388.436139876,0.0830126388011759,False,92
91,0.10003235072468249,11190961.339828646,0.0829776516660047,False,92
92,0.11305624717728407,11188534.785172902,0.08295913352969893,False,92
93,0.11265080034579916,11186103.909631556,0.0831068561143754,False,92
94,0.11224755183200849,11183674.092299392,0.08307067802264169,False,92
95,0.11184648097871241,11181245.081397139,0.083043107769317,False,92
96,0.11144757839849267,11178817.212005801,0.0830040817551137,False,92
97,0.11105082213968628,11176390.146431293,0.08297660083783046,False,92
98,0.11065620318334167,11173964.228008043,0.08293738199148293,False,92
99,0.11026370154161247,11171539.206609588,0.08290671447705986,False,92
100,0.10987330253392769,11169115.107885841,0.08287517004261005,False,92
0,0.1,5000000.0,0.1047,False,93
1,0.10247457207508898,5583333.333333333,0.08305489763624678,False,93
2,0.1022821901073844,5625000.0,0.08302865090382368,False,93
3,0.10205142873621219,5666666.666666667,0.08294197402577547,False,93
4,0.10177773148010572,5707090.380488199,0.0828635230089682,False,93
5,0.10147012716349692,5746273.427386555,0.08278732561035433,False,93
6,0.10113341045442922,6284184.307417383,0.08346192524084538,False,93
7,0.10077140028011555,6320852.145946086,0.08331380229939465,False,93
8,0.10040646788684618,6357528.381430326,0.08317385304044052,False,93
9,0.10003989455190268,6394212.2465587305,0.08304669230437126,False,93
10,0.10507744138733598,6430903.738976247,0.08291957081919012,False,93
11,0.10467968090078189,6467594.966071344,0.08292399285951557,False,93
12,0.10428242398240628,6504293.643502545,0.08279982059112365,False,93
13,0.1038853440075739,7040956.702239597,0.08339346549356111,False,93
14,0.10348948993538136,7077627.471893984,0.08326495020465437,False,93
15,0.10309509146887438,7114305.529305296,0.08314348758925469,False,93
16,0.10270232860356585,7150990.719892605,0.0830246013226328,False,93
17,0.10231134467004196,7187683.220141314,0.08290277363262771,False,93
18,0.10192223792279122,7224382.478084151,0.08279014539717401,False,93
19,0.10153446574220976,7761050.306757225,0.08331396655986921,False,93
20,0.10114062423393941,7797226.65253732,0.08318668009957311,False,93
21,0.10074896423866311,7833410.811019832,0.08306830582052732,False,93
22,0.10035950754449124,7869602.239909828,0.08295814813138429,False,93
23,0.11042976754657317,7906313.294031714,0.08285245633907826,False,93
24,0.11000157461362091,7943532.344555697,0.08293922876800663,False,93
25,0.10958525404352441,7981269.5369150555,0.0828347680065172,False,93
26,0.10918062482739732,8019523.563248401,0.08273067474718113,False,93
27,0.10877780425906326,8557757.672059517,0.08321352377091323,False,93
28,0.10837723173919939,8595996.009784477,0.08311100464743904,False,93
29,0.10797890041419254,8634238.52352381,0.08300976793531932,False,93
30,0.10758277736464328,8672483.822305383,0.08294225175979503,False,93
31,0.10718884271079673,8710731.318660073,0.08288897726003165,False,93
32,0.1067970823496611,8748980.817219697,0.08284043895862098,False,93
33,0.10640748856226168,8787232.542709501,0.082786452772402,False,93
34,0.1060200506449225,8825486.600135578,0.08272992098399343,False,93
35,0.10563437630362583,9363721.12747217,0.08320337769873014,False,93
36,0.10525082109675775,9401957.172489835,0.08316658543028846,False,93
37,0.10486937626666581,9440195.028655436,0.08312267881365003,False,93
38,0.10449001913375204,9478434.193943057,0.08309094252230136,False,93
39,0.1041127384272767,9516674.837396031,0.08305510821069072,False,93
40,0.103737528489373,9554917.470484983,0.08300687461125214,False,93
41,0.10336436642573965,9593161.592145322,0.08297078803221598,False,93
42,0.1029932406866164,9631407.37087443,0.08293061666809293,False,93
43,0.10262413220668046,9669654.525388777,0.08289726429864017,False,93
44,0.1022565137696961,9707871.998408899,0.08285777560629833,False,93
45,0.10188630609785859,9745811.819174375,0.082818797804192,False,93
46,0.10151812955430017,9783753.121945757,0.08278586433968048,False,93
47,0.10113987288448707,9820951.376490058,0.08274837263638349,False,93
48,0.10076636337575427,10316646.161241103,0.08319256519720088,False,93
49,0.10039795709275336,10312529.993325211,0.08315490739175013,False,93
50,0.10003457996989193,10308602.304174464,0.08312569631208003,False,93
51,0.11479826042291504,10305611.042676415,0.08309059716801954,False,93
52,0.1143722557206283,10302613.20595608,0.08327324223151673,False,93
53,0.11394864421587937,10299616.673853593,0.08323700284692517,False,93
54,0.11352741024184143,10296621.561820045,0.08319755648745351,False,93
55,0.11310853333637189,10293627.730022458,0.08316199437739702,False,93
56,0.11269198901391407,10290634.816606166,0.08313648378593001,False,93
57,0.11227776758885878,10287643.222346785,0.08309984053838135,False,93
58,0.11186584576693509,10284652.628417253,0.08307205359812238,False,93
59,0.11145621278834675,10281663.36764456,0.08303502146373853,False,93
60,0.11104885149522854,10278675.42957341,0.08299827975424398,False,93
61,0.11064374518067796,10275688.81945499,0.08296139217828256,False,93
62,0.11024087851231175,10272703.60871306,0.08292252060913886,False,93
63,0.10984023227054951,10269719.650611617,0.08288772504007283,False,93
64,0.10944179014735275,10266736.946180876,0.08285290085388942,False,93
65,0.10904552702717517,10263755.003936961,0.0828317289976474,False,93
66,0.10865143273729146,10260774.139731891,0.08280178347419828,False,93
67,0.10825949147656987,10257794.355387093,0.08277178735551989,False,93
68,0.10786969149598384,10254815.871206624,0.0827356716797475,False,93
69,0.1074817157122411,10751821.745479535,0.08317015908578768,False,93
70,0.10709585052959468,10748828.75935684,0.08313850340822597,False,93
71,0.1067120860234753,10745837.219264455,0.08309833589953286,False,93
72,0.10633040592039325,10742847.067713482,0.08305976530483553,False,93
73,0.10595078616058098,10739857.790939286,0.08303546594990062,False,93
74,0.1055732185161176,10736869.770188233,0.08300057641813303,False,93
75,0.10519768558830389,10733882.85489793,0.08296986917506775,False,93
76,0.1048241750758666,10730897.180929352,0.08293538801603301,False,93
77,0.10444843329879103,10727664.071519488,0.08290024127852962,False,93
78,0.10407473177074868,10724432.294661451,0.08286607328300898,False,93
79,0.10370305308259338,10721201.694835104,0.08283589298323969,False,93
80,0.10333676506411688,10718173.91595225,0.08281104636869561,False,93
81,0.10297580204056338,10715349.104656551,0.08277835298756775,False,93
82,0.10262009331291291,10712727.024693102,0.08274808563157635,False,93
83,0.10226957207485893,10710307.58864696,0.08271576226125403,False,93
84,0.10192065078129318,11207876.35728128,0.08311902104883802,False,93
85,0.10157352683965691,11205445.972631339,0.08309007350218774,False,93
86,0.10122818548989909,11203016.286463281,0.0830661937797423,False,93
87,0.10088462088344206,11200587.691701205,0.08302888075469078,False,93
88,0.10054281605696369,11198159.892398965,0.08300168554669464,False,93
89,0.10020276033766398,11195732.972782787,0.08297161080950706,False,93
90,0.11336846977946777,11193306.970526032,0.0829402480941934,False,93
91,0.11296135582375043,11190876.89998781,0.08307933464009622,False,93
92,0.11255644561491628,11188447.544124652,0.08305490130455284,False,93
93,0.11215372749944721,11186019.127089838,0.08302280460904223,False,93
94,0.11175318215053945,11183591.463472025,0.08299704676280627,False,93
95,0.11135479741178146,11181164.738441348,0.08296495831370945,False,93
96,0.11095855474801024,11178738.791811323,0.08293834632563529,False,93
97,0.11056444023731311,11176313.70096397,0.08290908879837315,False,93
98,0.11017244132327658,11173889.611443395,0.08287485540426989,False,93
99,0.10978253799595324,11171466.258638775,0.08284966853408224,False,93
100,0.1093947192296388,11169043.856671847,0.0828171612624955,False,93
0,0.1,5000000.0,0.1047,False,94
1,0.10248303246580406,5583333.333333333,0.0830450354521507,False,94
2,0.10229062669572213,5625000.0,0.08303089823298013,False,94
3,0.1020598368032012,5666666.666666667,0.08295149165353374,False,94
4,0.10178610324015469,5707090.226843303,0.08287376600210346,False,94
5,0.10147845540133803,5746272.929868137,0.0827987880611055,False,94
6,0.10114167778813918,6284182.609646395,0.08348859752020431,False,94
7,0.1007795910976132,6320848.45669467,0.08334699363986421,False,94
8,0.1004145654474995,6357521.6547896955,0.08322447619401759,False,94
9,0.10004790318403493,6394202.7272498645,0.08309323677496443,False,94
10,0.10504554773221428,6430891.8350250535,0.08295931485795638,False,94
11,0.10464793630170939,6467581.204462539,0.08295495381968057,False,94
12,0.10425082544772142,6504277.860632964,0.08283350827071341,False,94
13,0.10385389609204503,7040939.169336142,0.08342263272482334,False,94
14,0.10345819064737187,7077608.103824206,0.08329553631005535,False,94
15,0.10306393955602332,7114284.289924814,0.0831746761009813,False,94
16,0.10267132820835917,7150967.901949115,0.08305091070611703,False,94
17,0.10228048975950638,7187658.509525342,0.08293431817401631,False,94
18,0.1018915307989197,7224356.065228354,0.08281851606091956,False,94
19,0.1015045224217243,7261059.938346008,0.08271322581687807,False,94
20,0.10111079744618144,7797232.7487774445,0.0832402459883374,False,94
21,0.10071923900552972,7833412.483443229,0.08313533334669196,False,94
22,0.10032988562098896,7869599.627616947,0.08302306807499153,False,94
23,0.11031437284498413,7906306.988705243,0.08291419984735227,False,94
24,0.10988679185337792,7943522.8828176195,0.0829980895905079,False,94
25,0.10947107473126194,7981257.502114442,0.08288900911397543,False,94
26,0.10906703321339213,8019509.130105333,0.08278881638242859,False,94
27,0.10866479962119607,8557740.994031847,0.08326794521581528,False,94
28,0.10826481763564644,8595977.518245341,0.08315496856167584,False,94
29,0.10786707116683529,8634218.139576428,0.08305564449888919,False,94
30,0.10747152928524226,8672461.573959729,0.0829874492937077,False,94
31,0.10707817508172518,8710707.399786023,0.08292947491810164,False,94
32,0.10668700652774565,8748956.108942056,0.08285957601534916,False,94
33,0.10629800363701848,8787207.238481257,0.08280090005976508,False,94
34,0.1059111523316636,8825460.700993339,0.08274434314143604,False,94
35,0.1055260613031352,9363694.655703213,0.0832172595585385,False,94
36,0.10514308609868817,9401930.18109697,0.08317918237357444,False,94
37,0.10476221404339299,9440167.341152387,0.0831395542121188,False,94
38,0.1043834223709561,9478405.62297544,0.08311235984512698,False,94
39,0.10400670152664564,9516645.291997122,0.08307873078750887,False,94
40,0.10363204392898634,9554886.742733218,0.08303553771077035,False,94
41,0.1032594272841156,9593129.503695525,0.08300377465113504,False,94
42,0.10288883810239026,9631373.62230074,0.08297086209576562,False,94
43,0.10252025957751813,9669618.946188647,0.0829416431214547,False,94
44,0.10215316912093841,9707834.64682276,0.0829003525031804,False,94
45,0.10178348660036239,9745772.32564762,0.08286639648455647,False,94
46,0.10141583883219565,9783711.935502023,0.08282348471698421,False,94
47,0.10103811592065369,9820907.910832059,0.08279058030795634,False,94
48,0.10066553221750665,9816625.2029262,0.08275764069292339,False,94
49,0.10029802067524321,9812530.396669433,0.08272335872258918,False,94
50,0.11499968190188306,10308600.247937258,0.0831777509454583,False,94
51,0.11457248501107417,10305598.828274498,0.0833727684100015,False,94
52,0.1141476948314548,10302598.939451953,0.08333024507067015,False,94
53,0.11372528906611709,10299600.361962505,0.08329381915133285,False,94
54,0.11330525511393498,10296603.366602771,0.08324987110369997,False,94
55,0.11288756188821145,10293607.256899048,0.08322526954785713,False,94
56,0.11247220375771069,10290612.648908135,0.08318355530312167,False,94
57,0.11205915399010523,10287619.05026923,0.08315551774739877,False,94
58,0.11164839366174492,10284626.363848519,0.08313017835305486,False,94
59,0.11123990736510507,10281634.669783672,0.08310261291242715,False,94
60,0.11083368426612504,10278644.287197286,0.08306618295518123,False,94
61,0.11042969553507674,10275654.562950704,0.0830478957383836,False,94
62,0.11002793564101455,10272666.085402502,0.08301326522780947,False,94
63,0.10962838153323426,10269678.491937362,0.08298870736503573,False,94
64,0.10923102452845987,10266692.191879483,0.08295277938554699,False,94
65,0.10883585125398107,10263707.33676837,0.08291264197531531,False,94
66,0.1084428409887968,10260723.665821284,0.08287974853016178,False,94
67,0.10805197985983146,10257741.286222424,0.08284387774608404,False,94
68,0.10766325470885448,10254760.33950076,0.08280407560177964,False,94
69,0.10727664811091,10251780.72174909,0.0827671597686245,False,94
70,0.10689213782309068,10248802.04578765,0.08274099892888288,False,94
71,0.10650942003138635,10745807.86751313,0.08317161873664727,False,94
72,0.10612877713238901,10742814.95598233,0.08313643141113096,False,94
73,0.10575019118387419,10739823.14248341,0.08310593052559986,False,94
74,0.10537364924910927,10736832.536613451,0.08307238527661667,False,94
75,0.10499913683062938,10733843.151712494,0.08303846947103428,False,94
76,0.10462664434768155,10730855.281350257,0.08299639895104625,False,94
77,0.10425191836940208,10727619.560920406,0.08296719050902054,False,94
78,0.10387922627267059,10724385.220300414,0.08293181076900057,False,94
79,0.1035085519553036,10721152.178216208,0.08289851497961846,False,94
80,0.10314325944370777,10718122.416869817,0.08286526759361142,False,94
81,0.1027832800111751,10715295.8917136,0.08282857600634534,False,94
82,0.10242854252515173,10712672.328529492,0.08279489338411425,False,94
83,0.10207897916150287,10710251.566328762,0.08276110087970423,False,94
84,0.10173121651912716,10707831.6231518,0.0827331000670953,False,94
85,0.10138503381705342,11205399.714417854,0.08314217893831949,False,94
86,0.10104062917782436,11202968.615895074,0.08311447941133172,False,94
87,0.10069799188154646,11200538.41809464,0.08308368548492778,False,94
88,0.10035710841158249,11198109.03267696,0.08305591171563406,False,94
89,0.1000179671700606,11195680.483153747,0.08302733412693723,False,94
90,0.11305186725327053,11193253.009967498,0.08299053628205004,False,94
91,0.11264642047250495,11190821.118641198,0.08314158380520921,False,94
92,0.11224316889081222,11188390.116919268,0.08311116998052749,False,94
93,0.11184210413467151,11185960.400779378,0.08306721845776574,False,94
94,0.1114431993323221,11183531.382342195,0.08304336537375984,False,94
95,0.1110464417444488,11181103.209833553,0.08301444473992443,False,94
96,0.11065181594694615,11178675.882710721,0.08298554266092593,False,94
97,0.11025930606883198,11176249.36877013,0.08295774155867108,False,94
98,0.10986890062518051,11173823.866219435,0.08292316412636007,False,94
99,0.10948058469045466,11171399.381991604,0.08288834966943598,False,94
100,0.10909434273982763,11168975.882835865,0.08285467199105795,False,94
0,0.1,5000000.0,0.1047,False,95
1,0.10249255182716938,5583333.333333333,0.08303396311282853,False,95
2,0.10230011927424147,5625000.0,0.08300949801196252,False,95
3,0.10206929728901243,5666666.666666667,0.08288789569817132,False,95
4,0.10179554047553291,5707091.126833207,0.08281376667512122,False,95
5,0.10148787984498209,5746275.663012286,0.08273768291964917,False,95
6,0.1011511163592644,6284189.095029667,0.08340521442856842,False,95
7,0.10078906639103978,6320860.345032451,0.08325694439804046,False,95
8,0.10042409883672537,6357540.354351225,0.08311095579823097,False,95
9,0.10005749459654238,6394228.317024764,0.08297839988548567,False,95
10,0.10517642935994585,6430924.422396061,0.0828426882561704,False,95
11,0.10477819502497993,6467620.758949018,0.08283883522850005,False,95
12,0.10438045957109254,6504324.2250232035,0.08272000987468688,False,95
13,0.10398290515268625,7040992.291351693,0.08331000563629105,False,95
14,0.10358658602342587,7077668.517846335,0.08317400286708758,False,95
15,0.10319173592875507,7114352.711253752,0.08304122098749793,False,95
16,0.10279852330980489,7151044.019602024,0.08292263863991464,False,95
17,0.10240707483914556,7187741.6006938815,0.08281809291349425,False,95
18,0.10201686361165764,7724406.896162495,0.0833561866342221,False,95
19,0.10162863044253044,7761079.513322994,0.08323415843612018,False,95
20,0.10123432802249199,7797261.162426033,0.08310632672162864,False,95
21,0.10084221202094745,7833450.736795126,0.08298624693292979,False,95
22,0.10045229157031803,7869646.907578142,0.08288630126743561,False,95
23,0.10007278399680791,7906362.26556291,0.08278050042883979,False,95
24,0.10971451042306164,8443563.625382494,0.08326912535351765,False,95
25,0.10929938107506525,8481276.986027163,0.08333714934378353,False,95
26,0.10889595936318273,8519510.490951162,0.08322816345856086,False,95
27,0.1084947687640126,8557747.806324817,0.08313578892151206,False,95
28,0.10809581467081791,8595989.392055491,0.08303226511497847,False,95
29,0.10769908197205853,8634234.72906781,0.08294132495387257,False,95
30,0.1073045375427966,8672482.397781663,0.08288479885609974,False,95
31,0.106912170744155,8710732.319510901,0.08283018030131852,False,95
32,0.10652197218022978,8748984.562109519,0.08277391680119495,False,95
33,0.10613392832472952,8787239.01868955,0.08272024452446296,False,95
34,0.10574764607232853,9325473.772953339,0.08319787643343717,False,95
35,0.1053635055098165,9363711.222960854,0.08313252507035827,False,95
36,0.1049814771212739,9401950.447520243,0.08308950563101584,False,95
37,0.10460153932584819,9440190.989237983,0.08305757451940388,False,95
38,0.1042236827157833,9478433.11117074,0.08301926627657288,False,95
39,0.10384789586125119,9516676.972230325,0.08297710562625008,False,95
40,0.10347415870193973,9554922.22754501,0.08294330550254647,False,95
41,0.10310245766570991,9593168.916032601,0.08290856191698188,False,95
42,0.10273277167222215,9631416.627055418,0.08288377318423829,False,95
43,0.10236509365167001,9669665.787312292,0.08284864023738746,False,95
44,0.10199888942140285,9707884.793916533,0.08282093529465842,False,95
45,0.10163009533169277,9745825.682555744,0.08279506727675581,False,95
46,0.10126332389950415,9783768.168919723,0.0827595622819356,False,95
47,0.10088651337698636,9820967.972525908,0.08271968630521766,False,95
48,0.10051442759661648,10316664.200089952,0.08316468475272086,False,95
49,0.10014742496710077,10312549.590351548,0.08312342905864634,False,95
50,0.11496742991899721,10308623.842585959,0.08308460879553667,False,95
51,0.11454047962280418,10305625.860056687,0.08327729247974033,False,95
52,0.11411592770313787,10302629.087529039,0.08324368132354235,False,95
53,0.11369375179725554,10299633.295555439,0.08321644371112565,False,95
54,0.11327394034195266,10296638.802398747,0.08318036546369156,False,95
55,0.11285646890908452,10293645.253354166,0.08315414012725568,False,95
56,0.11244132840189257,10290653.082764396,0.08311584971585691,False,95
57,0.11202849591642305,10287661.997245539,0.08308570885715896,False,95
58,0.11161795779636571,10284672.179657888,0.0830504885458496,False,95
59,0.1112096994876285,10281683.760701539,0.08301163767632967,False,95
60,0.11080370015108103,10278696.52823098,0.08297867973772023,False,95
61,0.11039994155316595,10275710.397779316,0.08294806810174,False,95
62,0.1099984080234979,10272725.413909951,0.08291621859348842,False,95
63,0.1095990840429276,10269741.62222035,0.08288310248887895,False,95
64,0.10920194967333505,10266758.818643995,0.08285565489875704,False,95
65,0.10880699288789651,10263777.222995194,0.08282210135561638,False,95
66,0.10841419541761647,10260796.705531545,0.08279215176799828,False,95
67,0.10802354470637109,10257817.444235237,0.08275725823078901,False,95
68,0.10763502312011652,10254839.328178523,0.08272544601985034,False,95
69,0.10724832192178432,10751845.823573379,0.08315290569845933,False,95
70,0.10686372025822413,10748853.355394585,0.08312411607761346,False,95
71,0.10648120287410422,10745861.920812905,0.0830954050466772,False,95
72,0.1061007563198533,10742871.612533972,0.08306411885927747,False,95
73,0.10572237492534953,10739882.96557103,0.08301797119285412,False,95
74,0.1053460387325212,10736895.691124704,0.0829798457312516,False,95
75,0.10497172730687933,10733909.458577497,0.08295090408905191,False,95
76,0.10459942878426903,10730924.424137836,0.08291762332393667,False,95
77,0.10422489442789283,10727691.396604536,0.08289814187950689,False,95
78,0.10385238522369222,10724459.323563388,0.08287366772182671,False,95
79,0.10348189130616148,10721228.486974454,0.08284196381885577,False,95
80,0.10311677149996075,10718200.63383534,0.08281307730908886,False,95
81,0.10275695563414812,10715375.625281453,0.08278413344721394,False,95
82,0.10240237711428271,10712753.45246637,0.08275101586057428,False,95
83,0.1020529674616094,10710333.910119882,0.0827193964611498,False,95
84,0.10170514714758264,11207902.349373596,0.08313028192433453,False,95
85,0.10135911964275392,11205471.817840256,0.08309509515683997,False,95
86,0.10101487036563424,11203042.176668912,0.08306465543057964,False,95
87,0.10067238243522708,11200613.135041667,0.08304415819640122,False,95
88,0.10033165212408146,11198185.209338509,0.08300600694556506,False,95
89,0.11350835277534539,11195758.376969563,0.08296862799813187,False,95
90,0.11310046352335336,11193327.239846107,0.08311579909251152,False,95
91,0.11269478392826107,11190896.830340466,0.08309092326977166,False,95
92,0.11229130195366667,11188467.3549566,0.08305898748260344,False,95
93,0.111890005900558,11186039.03488526,0.0830194896184839,False,95
94,0.11149087194343374,11183611.443305869,0.08299458391076193,False,95
95,0.11109388718758491,11181184.721255805,0.08296485641241363,False,95
96,0.11069903705285802,11178758.914671054,0.08293355845304606,False,95
97,0.11030630105615492,11176333.743867293,0.0829118223507811,False,95
98,0.10991566862373023,11173909.454305246,0.08288169442888173,False,95
99,0.1095271201762258,11171485.797268886,0.0828600696190736,False,95
100,0.10914064392205683,11169062.939167857,0.08283275559066262,False,95
0,0.1,5000000.0,0.1047,False,96
1,0.10249064029149846,5583333.333333333,0.08303618443572962,False,96
2,0.10229821311680035,5625000.0,0.08301203209691657,False,96
3,0.10206739757606738,5666666.666666667,0.0829260489630845,False,96
4,0.10179364033296814,5707090.635381749,0.08284653010569008,False,96
5,0.10148596936085,5746274.011631995,0.08277634721401504,False,96
6,0.10114917666139471,6284185.061717913,0.08345814623888713,False,96
7,0.10078708153133412,6320852.874444428,0.08331423233586042,False,96
8,0.1004220697523791,6357529.463212341,0.08316796497923663,False,96
9,0.10005541925536547,6394213.838789843,0.08303818481940661,False,96
10,0.10510422061604896,6430905.899757841,0.08291009497781573,False,96
11,0.10470632071791783,6467597.853305383,0.08291188531875715,False,96
12,0.1043089209201494,6504297.03353741,0.08279144057732307,False,96
13,0.10391170167312566,7040960.793027898,0.0833817862696585,False,96
14,0.10351571261185806,7077632.481268427,0.08324964043561715,False,96
15,0.10312118228300955,7114311.604584141,0.08312572251590328,False,96
16,0.10272828816414985,7150997.855515274,0.08300692892555124,False,96
17,0.10233716667464902,7187690.9893334685,0.08289221414120991,False,96
18,0.1019479208991957,7224390.738299794,0.08278196167238182,False,96
19,0.10156000362319258,7761058.644612943,0.08331267255861574,False,96
20,0.10116600715205755,7797234.585239959,0.08319281878257849,False,96
21,0.10077419033226441,7833418.150071597,0.08307730053074201,False,96
22,0.1003845728095064,7869608.659976422,0.0829720721491082,False,96
23,0.10000535311025426,7906318.054575228,0.08288020176150744,False,96
24,0.11054107143569536,7943545.561026952,0.082781542469792,False,96
25,0.11012166386655307,7981281.410650141,0.08286307338033476,False,96
26,0.10971404305060407,8019534.286859479,0.08275855654129094,False,96
27,0.10930824647713024,8557767.059056222,0.083245926543605,False,96
28,0.10890471427122034,8596003.737251027,0.08315123568147004,False,96
29,0.1085034440441614,8634244.517938955,0.08305178130272119,False,96
30,0.10810440906471458,8672488.371673033,0.08297728321426158,False,96
31,0.10770758681591183,8710734.580810353,0.0829201825295759,False,96
32,0.10731296455445549,8748983.03952586,0.08286564730080702,False,96
33,0.10692053389422868,8787233.94657322,0.08280629380135572,False,96
34,0.1065302782219568,8825487.083038177,0.0827522473141453,False,96
35,0.10614179542157846,9363720.189290853,0.08323782821793313,False,96
36,0.10575545148502603,9401954.761774624,0.0832022832217318,False,96
37,0.10537123962728397,9440191.215424476,0.08315667919549288,False,96
38,0.10498913603084635,9478428.997089006,0.0831244849003119,False,96
39,0.10460913325563526,9516668.50943603,0.0830825289610207,False,96
40,0.10423121373468115,9554909.574181072,0.08304489506967169,False,96
41,0.10385536218217897,9593152.147255981,0.08300832949714293,False,96
42,0.10348156443501223,9631396.251332173,0.08297121431454282,False,96
43,0.10310980901352693,9669642.069165478,0.08292966868756925,False,96
44,0.10273955530089206,9707857.972404063,0.08289548546538261,False,96
45,0.1023666921439525,9745795.807955265,0.08286291367697429,False,96
46,0.10199587653939175,9783734.939339442,0.08283411738864933,False,96
47,0.10161489749496587,9820929.96071347,0.08280824615994709,False,96
48,0.10123910710883109,9816646.251369901,0.08277699214625851,False,96
49,0.1008684342983039,9812550.196135491,0.0827485905941344,False,96
50,0.10050245455649236,10308619.465131642,0.08319007415549692,False,96
51,0.10015346689955061,10305626.0417595,0.08315064922615241,False,96
52,0.11487693977564782,10302634.069757817,0.08311033338005083,False,96
53,0.114450482268543,10299635.344893767,0.08329791289032018,False,96
54,0.11402642145857227,10296637.925667662,0.08326164516957461,False,96
55,0.11360474568684098,10293642.136863196,0.08321635567958512,False,96
56,0.1131854334197093,10290647.788644388,0.08317633941131596,False,96
57,0.11276846052036359,10287654.542374803,0.08314572971076901,False,96
58,0.11235381342641296,10284662.599481314,0.08310952481916821,False,96
59,0.11194147676038935,10281672.061535235,0.08307049850215371,False,96
60,0.1115314355579145,10278683.045920867,0.08302821151021421,False,96
61,0.11112366649211916,10275695.217184575,0.08299524267480066,False,96
62,0.11071815504322677,10272708.697463531,0.08295888114012594,False,96
63,0.11031488526715655,10269723.52630146,0.08292142116861144,False,96
64,0.10991384414144677,10266739.89457493,0.08287865907026301,False,96
65,0.10951501024234972,10263757.53002758,0.08284345964866258,False,96
66,0.10911836202257391,10260776.139384927,0.08281640674033891,False,96
67,0.10872388330703121,10257795.711539233,0.08278966238037164,False,96
68,0.10833156651033636,10254816.70411446,0.08275020624372793,False,96
69,0.10794109953926367,10751822.57337714,0.0831702982589065,False,96
70,0.1075527592891373,10748829.47528087,0.08314161378525606,False,96
71,0.1071665327006658,10745837.544841383,0.08310917887461394,False,96
72,0.10678240656708096,10742846.903677063,0.08307336567557634,False,96
73,0.10640036632103854,10739857.590464232,0.08303647813417217,False,96
74,0.1060203921095416,10736869.333585348,0.08300713552461116,False,96
75,0.1056424710221156,10733882.248084312,0.08297459725100488,False,96
76,0.10526658643460925,10730896.22836661,0.0829449921584475,False,96
77,0.10488845573980214,10727662.480013268,0.08291662444465371,False,96
78,0.10451238304010582,10724430.091266856,0.08288176272860183,False,96
79,0.10413835267528877,10721199.020295512,0.08284797362418918,False,96
80,0.1037697531350207,10718170.886240888,0.08282076046835588,False,96
81,0.10340651456299498,10715345.62357104,0.08279158006882574,False,96
82,0.10304856740971284,10712723.100094447,0.08276208210156344,False,96
83,0.10269584233272744,10710303.11110618,0.08273466626559939,False,96
84,0.10234472766200961,11207871.121417737,0.08314494661346443,False,96
85,0.10199542522459487,11205439.96656364,0.08311640526821855,False,96
86,0.10164792964611638,11203010.080483424,0.08307302838349176,False,96
87,0.10130221781752607,11200580.810168162,0.08305197659013752,False,96
88,0.10095827956768244,11198152.281306028,0.08302662776519748,False,96
89,0.10061610298679521,11195724.507798774,0.08300080366676292,False,96
90,0.1002756806398104,11193297.776436314,0.08296517478497469,False,96
91,0.11342821593091364,11190871.876190146,0.08293676055271593,False,96
92,0.11302078071015034,11188441.70578212,0.0830827489923595,False,96
93,0.11261555704472008,11186012.538091158,0.08304846806699151,False,96
94,0.11221252967341097,11183584.412767645,0.08301283157303924,False,96
95,0.11181167850590588,11181157.106832484,0.0829848182961271,False,96
96,0.11141299008292069,11178730.738027327,0.08295277966351831,False,96
97,0.11101644634575161,11176305.172807388,0.08292530666456899,False,96
98,0.11062203919531134,11173880.803364595,0.08288442539454571,False,96
99,0.11022974848167169,11171457.370651798,0.08285240043751262,False,96
100,0.10983955573589158,11169034.694041945,0.08282655076423223,False,96
0,0.1,5000000.0,0.1047,False,97
1,0.10249680307823172,5583333.333333333,0.08302902659808202,False,97
2,0.1023043585639535,5625000.0,0.08301458288264632,False,97
3,0.10207352224596565,5666666.666666667,0.08293383426454727,False,97
4,0.10179973815235832,5707090.498978807,0.08285562363514797,False,97
5,0.10149203607421184,5746273.661306701,0.08278347795908388,False,97
6,0.10115520536820463,6284184.228616381,0.0834688745996987,False,97
7,0.10079306521300282,6320851.255897048,0.08332732309999501,False,97
8,0.10042800085503006,6357526.593363264,0.08318882000751955,False,97
9,0.10006130158243438,6394209.947129476,0.08305521500756971,False,97
10,0.10508905077387538,6430900.745747703,0.08293113414066665,False,97
11,0.10469121145999041,6467591.21292602,0.08293665813916931,False,97
12,0.10429388117263635,6504289.430324987,0.08280748779501784,False,97
13,0.10389671400793186,7040951.197691562,0.08341498833484758,False,97
14,0.10350078945751681,7077621.635278727,0.0832704846583622,False,97
15,0.10310632612958574,7114299.67101013,0.08314384892106641,False,97
16,0.10271350269226608,7150985.0741678905,0.08302105848175236,False,97
17,0.10232243601042892,7187676.423268818,0.0829219594289925,False,97
18,0.10193325209327497,7224374.830233115,0.08280432837285835,False,97
19,0.10154539940454227,7761041.573352952,0.08333205911382484,False,97
20,0.10115146510158932,7797216.117740914,0.08321397391977035,False,97
21,0.10075970317249165,7833397.858773057,0.08310493385643436,False,97
22,0.10037014518440783,7869586.852308851,0.08299504743747581,False,97
23,0.11038706989545671,7906295.388771535,0.08289454886492152,False,97
24,0.10995908832809334,7943512.45206987,0.0829762865889457,False,97
25,0.1095429798532614,7981248.075022677,0.08286785167557549,False,97
26,0.10913854934830079,8019500.174959851,0.08277737526043626,False,97
27,0.10873592804542595,8557732.447973434,0.08325802795355193,False,97
28,0.10833555562015351,8595969.071262054,0.08315256674055276,False,97
29,0.10793742262479897,8634209.848770278,0.08305185838652451,False,97
30,0.10754149484224941,8672453.315107513,0.0829866746528887,False,97
31,0.10714776580425929,8710699.637483833,0.08291743734171429,False,97
32,0.1067562140501738,8748948.21321657,0.08286281051952844,False,97
33,0.10636682703227106,8787198.995135289,0.08280932722294196,False,97
34,0.10597959636857064,8825452.220547818,0.08275009100935796,False,97
35,0.10559413138297737,9363686.10945441,0.0832188547896213,False,97
36,0.10521078487047275,9401921.56406191,0.08318089840405143,False,97
37,0.10482954236495691,9440158.545084001,0.08314389441390654,False,97
38,0.10445038819145537,9478396.95563105,0.083109239263439,False,97
39,0.10407330489156331,9516636.601220356,0.08307929884509876,False,97
40,0.10369829150479185,9554878.267428081,0.08303031415612405,False,97
41,0.10332532123174215,9593121.21991643,0.08299913159566169,False,97
42,0.10295438181485388,9631365.580866776,0.08296498706227144,False,97
43,0.10258545659470497,9669611.209096462,0.08293426513890695,False,97
44,0.10221801857584469,9707827.040757436,0.08289720492856463,False,97
45,0.10184798598475509,9745764.811026642,0.08286436438803303,False,97
46,0.10147998100791583,9783703.918884214,0.08283464020209284,False,97
47,0.1011018919687729,9820899.385790618,0.08279999556040067,False,97
48,0.10072894947130802,9816616.275865186,0.08276540918710859,False,97
49,0.10036108876618621,9812521.324535746,0.08272628948366105,False,97
50,0.11508284947243494,10308591.317743035,0.08317474693569947,False,97
51,0.11465519622937635,10305590.228119753,0.08336360064673054,False,97
52,0.11422994801427964,10302590.409119565,0.08332830556078648,False,97
53,0.11380708368758914,10299591.698433924,0.08329751904551813,False,97
54,0.11338658790624542,10296594.222619321,0.08326321707234464,False,97
55,0.11296844462160717,10293598.06607451,0.08322657068921405,False,97
56,0.11255263589970363,10290603.207944807,0.08319050360280901,False,97
57,0.11213914372707802,10287609.614409203,0.08315537598896766,False,97
58,0.11172795494449277,10284617.499956373,0.08311429035635746,False,97
59,0.11131904680825981,10281626.564497458,0.08308154052540448,False,97
60,0.11091240206211843,10278636.787140217,0.08304937103450205,False,97
61,0.11050800825334506,10275648.39718212,0.08301083216938268,False,97
62,0.11010584442358054,10272661.159707114,0.08297881875015457,False,97
63,0.10970589831981262,10269675.300776284,0.0829405258563959,False,97
64,0.10930815204638272,10266690.734019674,0.0829046321280386,False,97
65,0.1089125898138394,10263707.479003571,0.08286819489178884,False,97
66,0.10851919367408029,10260725.427988958,0.0828347504058714,False,97
67,0.10812794844805375,10257744.616986552,0.08280030562236694,False,97
68,0.10773883835648178,10254765.041116854,0.08276599638051584,False,97
69,0.10735184781191687,10251786.698163917,0.08273174869273316,False,97
70,0.10696666792195765,10748792.975871142,0.08315895257709219,False,97
71,0.10658358193837213,10745800.593571195,0.08312173055413377,False,97
72,0.10620257536985904,10742809.591399029,0.08308339367130693,False,97
73,0.10582363289757014,10739819.954836663,0.08304546006578144,False,97
74,0.10544673982416414,10736831.69711707,0.08300715887754855,False,97
75,0.10507188004110887,10733844.741872577,0.08297097901371724,False,97
76,0.10469903682972936,10730858.96764128,0.08293817309163223,False,97
77,0.10432396388398327,10727625.682466803,0.08290474806348232,False,97
78,0.10395092731937,10724393.785614418,0.08286915006118989,False,97
79,0.10357991029575637,10721163.153411027,0.08283672316386642,False,97
80,0.10321427873968675,10718135.67388908,0.08280285871994114,False,97
81,0.1028539590970843,10715311.015989738,0.08277385785618244,False,97
82,0.10249888623298681,10712689.266444959,0.08273765821790036,False,97
83,0.1021487812838829,11210257.46785125,0.08313841346010753,False,97
84,0.10180048545465395,11207826.736755751,0.08310191779485482,False,97
85,0.10145398455232808,11205396.967859464,0.08306902209530227,False,97
86,0.10110926758160386,11202968.244049381,0.08303329265238865,False,97
87,0.10076632016730307,11200540.434097901,0.08300204962327114,False,97
88,0.10042513142830248,11198113.614975477,0.08296817512561294,False,97
89,0.10008568656359476,11195687.61357728,0.08294021874179477,False,97
90,0.11329002767639884,11193262.61356414,0.08290598335529846,False,97
91,0.11288335038512756,11190833.309689911,0.08305312390523538,False,97
92,0.11247887726034392,11188404.910266763,0.08302220250075122,False,97
93,0.11207659020313014,11185977.30099719,0.08299518870331064,False,97
94,0.11167647739891073,11183550.690992502,0.08296102580121284,False,97
95,0.11127852005042554,11181124.913738396,0.08293255569586828,False,97
96,0.11088270640805668,11178700.16961283,0.08289723506213377,False,97
97,0.11048901940820406,11176276.369223816,0.08286497056457709,False,97
98,0.11009743902102746,11173853.252956554,0.0828415817867726,False,97
99,0.10970795367076736,11171431.00900691,0.08281175896220005,False,97
100,0.10932055160735525,11169009.812690986,0.08277594242472423,False,97
0,0.1,5000000.0,0.1047,False,98
1,0.10248066038709548,5583333.333333333,0.08304779850684078,False,98
2,0.10228826129069453,5625000.0,0.08302960944744185,False,98
3,0.10205747939495344,5666666.666666667,0.08294436291352758,False,98
4,0.10178375615803238,5707090.278844331,0.08287029926691351,False,98
5,0.1014761233309534,5746273.250326843,0.08278983947185975,False,98
6,0.10113937841385966,6284184.228769051,0.0834597383212927,False,98
7,0.10077732970151902,6320851.662738712,0.0833205449501095,False,98
8,0.10041235637322822,6357527.352582357,0.08318294705035806,False,98
9,0.10004574402742039,6394210.791796695,0.08305379087213599,False,98
10,0.10508922001104264,6430902.597232979,0.08291435383972816,False,98
11,0.1046914197496544,6467595.402794511,0.08289768508558194,False,98
12,0.1042941256566623,6504295.8171784235,0.08277087137922765,False,98
13,0.10389700683510969,7040960.524721228,0.08336598539771442,False,98
14,0.10350111768967607,7077633.166676953,0.08323374518234747,False,98
15,0.10310669504729478,7114313.747288164,0.0831014342576011,False,98
16,0.10271391026917485,7151001.602025667,0.082980198819383,False,98
17,0.10232289500609358,7187696.201747793,0.08286778240902112,False,98
18,0.10193375425976715,7224397.393966844,0.08275790746027104,False,98
19,0.10154592633053598,7761065.827109473,0.08330389206730648,False,98
20,0.10115201224811743,7797241.8044118965,0.08319226309459421,False,98
21,0.10076027095142677,7833425.0191755025,0.08308260459183583,False,98
22,0.1003707366202636,7869615.6904218085,0.08296962758122461,False,98
23,0.11044698226598879,7906326.927984463,0.08284938940877508,False,98
24,0.1100186993429953,7943546.520629741,0.08292911927999047,False,98
25,0.10960228847796126,7981284.083241194,0.08282696295575515,False,98
26,0.10919713935353278,8519514.753697388,0.08329687782963423,False,98
27,0.10879424342093778,8557749.739839094,0.08319225515058878,False,98
28,0.10839359296656483,8595988.78450598,0.08309386666133199,False,98
29,0.10799518643018023,8634232.127372378,0.08298966788526865,False,98
30,0.10759897900023925,8672477.712892964,0.08293530051107424,False,98
31,0.10720496972707104,8710726.012616629,0.08286950164854473,False,98
32,0.10681314226486963,8748976.712799177,0.08281130870586523,False,98
33,0.106423485019047,8787229.82386461,0.08275286306016497,False,98
34,0.10603560046885548,9325463.274325205,0.08322948378361046,False,98
35,0.10564986596951106,9363699.218213204,0.08316903705856918,False,98
36,0.10526624930112531,9401936.583862863,0.08313457010926005,False,98
37,0.10488473852479889,9440175.47781938,0.08309752024604958,False,98
38,0.10450531520508247,9478415.64241574,0.08306671685591022,False,98
39,0.10412797536482354,9516657.67597606,0.08302140863865219,False,98
40,0.10375269939313322,9554901.269808015,0.08298358387175475,False,98
41,0.10337947311881696,9593146.435708404,0.08294547312187943,False,98
42,0.1030082812982875,9631393.122486223,0.0829086033660032,False,98
43,0.10263910886003123,9669641.28737401,0.0828727703970867,False,98
44,0.10227142273029952,9707859.527161315,0.08283935604808433,False,98
45,0.10190114166126617,9745799.801436178,0.0828087198178921,False,98
46,0.10153289020164045,9783741.433659926,0.08277854317598057,False,98
47,0.10115455587016564,9820939.97836901,0.08274299921442728,False,98
48,0.10078136582161458,9816659.558512367,0.08271342718150414,False,98
49,0.10041287679613344,10312543.354205884,0.08315564255520233,False,98
50,0.10004942400637531,10308615.991550338,0.08311878636075762,False,98
51,0.11482417983058697,10305624.89155238,0.08308611105438399,False,98
52,0.11439802619273322,10302626.806126736,0.08328015071230459,False,98
53,0.11397427158650708,10299630.267446017,0.08323718557556498,False,98
54,0.11355289247421584,10296634.988215335,0.08320220085222357,False,98
55,0.11313386916616876,10293640.866681319,0.08317004261155872,False,98
56,0.11271718243908928,10290647.814954411,0.08314032574744595,False,98
57,0.11230281423277838,10287655.796104293,0.0831116347255074,False,98
58,0.11189074821263537,10284664.855396165,0.08308168633691633,False,98
59,0.111480970001813,10281675.134967385,0.08304778968833036,False,98
60,0.11107346263137911,10278686.633150784,0.08301393934997865,False,98
61,0.11066820371645873,10275699.048637275,0.08298845870866955,False,98
62,0.11026518647236244,10272712.908899277,0.08294832605551387,False,98
63,0.10986438986119293,10269727.969731342,0.08291497688710903,False,98
64,0.10946580352688963,10266744.5573361,0.08287256653455605,False,98
65,0.10906940630526972,10263762.402689101,0.08283762908325884,False,98
66,0.1086751787512354,10260781.317690516,0.08280791662736486,False,98
67,0.1082831104786301,10257801.60545968,0.0827697841898119,False,98
68,0.10789317530017946,10254822.684756875,0.08274779730011354,False,98
69,0.10750536154696827,10251844.769283311,0.08271987426566524,False,98
70,0.10711936469779447,10748851.528501613,0.08314557726943493,False,98
71,0.10673546324579873,10745859.378999796,0.08311526393935342,False,98
72,0.10635364046420376,10742868.2321939,0.08308741127490052,False,98
73,0.10597388363648057,10739878.21991431,0.08305589665528187,False,98
74,0.1055961786206026,10736889.386751186,0.08302314342009431,False,98
75,0.10522051414490946,10733901.936989283,0.08298471560835742,False,98
76,0.10484687349292085,10730915.753927281,0.0829495295001117,False,98
77,0.1044709996723507,10727682.048016574,0.08291553617195635,False,98
78,0.10409716118152568,10724449.326354533,0.08289029902669803,False,98
79,0.10372534378019531,10721217.616233127,0.08286436208734875,False,98
80,0.10335892705526546,10718189.195349598,0.0828286053614912,False,98
81,0.10299784022609901,10715363.913946621,0.0827921290249589,False,98
82,0.10264201233392146,10712741.524862213,0.08275784092805194,False,98
83,0.10229137418688847,10710321.80069335,0.08272561261071729,False,98
84,0.10194233215367925,11207890.002435531,0.08313840197664649,False,98
85,0.10159509075965113,11205459.199442826,0.08310437581899945,False,98
86,0.10124963691294106,11203029.348812899,0.08307181640778155,False,98
87,0.10090595733609839,11200600.38871656,0.08304137081501449,False,98
88,0.10056403969732623,11198172.30824447,0.08301129819112935,False,98
89,0.10022387609901207,11195745.366526315,0.08297236643266333,False,98
90,0.11337782587037021,11193319.10604814,0.08294907617689912,False,98
91,0.11297065597071615,11190888.741840487,0.08308937462067606,False,98
92,0.11256569614942968,11188459.402173933,0.0830543475745654,False,98
93,0.11216292411008622,11186030.755259283,0.08303066374864417,False,98
94,0.11176232977013503,11183603.101919869,0.08299669536455367,False,98
95,0.11136389416949012,11181176.26878614,0.08296865414460929,False,98
96,0.11096760453660937,11178750.402760517,0.0829355906196112,False,98
97,0.11057344347053541,11176325.39702738,0.08290617891066486,False,98
98,0.11018139584035366,11173901.257925784,0.08287655048190866,False,98
99,0.10979144757088277,11171478.041980034,0.08284498959824915,False,98
100,0.10940358586079747,11169055.86925188,0.08280932403940962,False,98
0,0.1,5000000.0,0.1047,False,99
1,0.1024845722961345,5583333.333333333,0.08304324267505339,False,99
2,0.10229216219380413,5625000.0,0.08302038378294117,False,99
3,0.10206136711013981,5666666.666666667,0.08293775040038341,False,99
4,0.10178763043233124,5707090.411820176,0.08286143421052705,False,99
5,0.10147998133380659,5746273.46114153,0.08278724484375288,False,99
6,0.1011432159501262,6284184.360327833,0.08346149956364021,False,99
7,0.10078115012352575,6320852.008554388,0.08331697400186291,False,99
8,0.10041615974136349,6357527.926767317,0.08317914089563057,False,99
9,0.10004953497086777,6394211.889872535,0.08304505935747682,False,99
10,0.10509258582408107,6430903.648995132,0.08291512573449328,False,99
11,0.10469475300757433,6467595.667335193,0.08291080544344154,False,99
12,0.10429742413745045,6504295.151348416,0.0827863775574025,False,99
13,0.10390026743433368,7040958.731717313,0.08338477162950766,False,99
14,0.10350434404709055,7077630.444332858,0.08324923418535435,False,99
15,0.10310986568281526,7114308.794412154,0.08313860978951731,False,99
16,0.10271702442445751,7150994.340688382,0.08301867317398032,False,99
17,0.10232595713125296,7187686.8675743295,0.0829023296786631,False,99
18,0.10193678383655179,7224387.140930779,0.08277322183693828,False,99
19,0.10154892631795384,7761054.82005786,0.0833164589931093,False,99
20,0.1011549937831572,7797230.734395695,0.08319321710352254,False,99
21,0.1007632399535951,7833414.243793492,0.08307814043742037,False,99
22,0.10037368802242407,7869604.889534549,0.08297001402440252,False,99
23,0.11043513027320032,7906315.431599175,0.08286101738001321,False,99
24,0.11000690977921779,7943534.676432709,0.08293560527986195,False,99
25,0.10959056232308745,7981272.051868602,0.08283090868562441,False,99
26,0.10918590375045747,8019526.07813472,0.08273067637693218,False,99
27,0.10878305181856107,8557760.065912383,0.0832164579153116,False,99
28,0.108382450034731,8595998.38575814,0.08311143808263963,False,99
29,0.10798408642324242,8634240.700795092,0.08301458496272221,False,99
30,0.10758792262952112,8672485.312306568,0.08295891285312178,False,99
31,0.10719394468032237,8710731.95807637,0.08290959749973495,False,99
32,0.10680214888638634,8748981.030914411,0.08285075948181268,False,99
33,0.10641251373983823,8787231.976292098,0.08280536458133943,False,99
34,0.10602503618924564,8825485.332355397,0.08274692371798083,False,99
35,0.10563932141193416,9363719.094291711,0.08322193285701358,False,99
36,0.10525571946751666,9401953.988680808,0.08319447945625483,False,99
37,0.10487422249035805,9440190.354844881,0.08315880006288594,False,99
38,0.10449480865038485,9478427.735270731,0.08313421189857917,False,99
39,0.10411747576216275,9516666.829863606,0.08309265633435106,False,99
40,0.10374221133798397,9554907.749538358,0.08304841192521079,False,99
41,0.10336898503011105,9593149.546846395,0.08302713596674074,False,99
42,0.10299779527060211,9631392.978521235,0.08298751495333416,False,99
43,0.10262862099377167,9669637.6428421,0.0829576326255179,False,99
44,0.10226093270096284,9707852.344410539,0.08292435241966375,False,99
45,0.10189064477597268,9745788.738197623,0.08289495287962755,False,99
46,0.10152239139051167,9783726.774757447,0.08285844681872236,False,99
47,0.10114404725631111,9820921.109407922,0.08282096326278358,False,99
48,0.10077085431118675,9816636.916046135,0.08278634515528346,False,99
49,0.10040273957143346,9812540.422313798,0.08275744913812733,False,99
50,0.10003963682250294,9808631.52385662,0.08272800967573526,False,99
51,0.11468419935712366,10305637.629773334,0.08316372453574765,False,99
52,0.11425876897786572,10302636.740345305,0.08335803966746796,False,99
53,0.11383572294237848,10299636.908785505,0.08332865443890325,False,99
54,0.11341505169006744,10296638.561253848,0.08328743143489334,False,99
55,0.11299673002840997,10293641.310310017,0.08325697066197707,False,99
56,0.11258073995398006,10290645.128441745,0.08322727411863963,False,99
57,0.11216707109950805,10287650.381774161,0.08318740743287562,False,99
58,0.11175570071639877,10284656.780017527,0.08315560435096161,False,99
59,0.11134661414071505,10281664.448979344,0.08312030661619368,False,99
60,0.11093979777082837,10278673.565878889,0.08308008612379246,False,99
61,0.11053522996191037,10275683.870135807,0.08304710397454772,False,99
62,0.11013289362810375,10272695.334123543,0.0830148892295342,False,99
63,0.10973277662596367,10269708.190614568,0.08297620858265577,False,99
64,0.10933485964942233,10266722.2769503,0.08294204622968465,False,99
65,0.10893912472601343,10263737.492143085,0.08291068908931497,False,99
66,0.10854555384296007,10260753.722624514,0.08288248662695935,False,99
67,0.1081541340828998,10257771.127947537,0.08284985213819304,False,99
68,0.10776484714048805,10254789.561512182,0.0828212898709569,False,99
69,0.10737768263363733,10251809.311430877,0.08278472448061774,False,99
70,0.10699262666489462,10248830.46519158,0.08274572886934192,False,99
71,0.10660965652509846,10245852.60291688,0.0827183965194337,False,99
72,0.10622847105075472,10742859.361658806,0.08314559050203961,False,99
73,0.10584934615471589,10739867.201784743,0.08311555205732563,False,99
74,0.10547226504074764,10736876.011389572,0.08308862208806754,False,99
75,0.10509721743846757,10733886.047683591,0.08305454738839686,False,99
76,0.10472418978816113,10730897.373472258,0.0830187280925901,False,99
77,0.1043489305705245,10727661.082431482,0.08298182155834513,False,99
78,0.10397571275008699,10724426.386008201,0.08294093393027224,False,99
79,0.10360451585319062,10721192.949011717,0.0829086409355093,False,99
80,0.10323871123355152,10718162.91254793,0.08287279217200104,False,99
81,0.10287822092006654,10715335.68728596,0.08284909192586756,False,99
82,0.10252297833109784,10712711.275153441,0.0828216846554292,False,99
83,0.1021729164776827,10710289.571557105,0.08279328534488173,False,99
84,0.10182466112032386,10707868.827631872,0.08276047607630198,False,99
85,0.10147819759261348,10705448.90682918,0.08273233513474575,False,99
86,0.10113330448556491,11203016.933436692,0.08314438948679155,False,99
87,0.10079018216072945,11200585.86441959,0.08311347067016066,False,99
88,0.10044881577204821,11198155.530730005,0.08308833126785761,False,99
89,0.1001091935174561,11195725.943701,0.08306280441048736,False,99
90,0.1130871931415011,11193297.253714822,0.08303213627960761,False,99
91,0.11268153791739591,11190864.389382137,0.08317484898069927,False,99
92,0.11227807793169112,11188432.334270949,0.08314718328850006,False,99
93,0.11187680243470491,11186001.357879652,0.08311030397595816,False,99
94,0.1114776946597491,11183571.4077379,0.08307521852144828,False,99
95,0.11108073778095455,11181142.41946556,0.0830423340970729,False,99
96,0.11068591643386713,11178714.398339015,0.08300926928358432,False,99
97,0.11029321294075106,11176287.217160117,0.08298055312468405,False,99
98,0.10990261573473695,11173861.070730599,0.08294517707753817,False,99
99,0.10951410883563217,11171435.909423806,0.08291149766806197,False,99
100,0.1091276760831045,11169011.665259477,0.08288014237023733,False,99
